1.62081e+04 1.62183e+01 1.58363e+01 1.63624e+01 1.42098e+01 1.00000e-01 3.33333e-02 
1.62162e+04 1.59880e+01 1.21429e+01 2.06275e+01 1.32776e+01 1.33333e-01 3.33333e-02 
1.62243e+04 1.72892e+01 1.67435e+01 1.79823e+01 1.08044e+01 1.33333e-01 3.33333e-02 
1.62324e+04 1.27759e+01 1.59080e+01 2.11219e+01 1.20037e+01 1.00000e-01 1.66667e-01 
1.62405e+04 1.06887e+01 1.76289e+01 1.90432e+01 1.10717e+01 1.33333e-01 2.00000e-01 
1.62486e+04 1.09265e+01 1.43646e+01 1.87149e+01 9.81413e+00 1.33333e-01 2.33333e-01 
1.62567e+04 1.09584e+01 1.62525e+01 2.07084e+01 9.98285e+00 1.33333e-01 2.33333e-01 
1.62648e+04 1.33979e+01 1.31422e+01 1.63991e+01 8.62340e+00 1.33333e-01 2.33333e-01 
1.62729e+04 1.34293e+01 1.39310e+01 1.34045e+01 1.04146e+01 1.33333e-01 1.66667e-01 
1.62810e+04 1.36633e+01 1.12508e+01 1.12507e+01 9.73315e+00 1.33333e-01 2.00000e-01 
1.62891e+04 1.55574e+01 1.35958e+01 1.04022e+01 1.07836e+01 1.00000e-01 2.00000e-01 
1.62972e+04 1.29842e+01 1.15938e+01 1.39319e+01 8.72989e+00 1.00000e-01 1.66667e-01 
1.63053e+04 1.29708e+01 1.31228e+01 1.20604e+01 5.89309e+00 1.33333e-01 2.33333e-01 
1.63134e+04 1.51945e+01 1.30192e+01 1.06897e+01 6.11616e+00 1.33333e-01 2.33333e-01 
1.63215e+04 1.70236e+01 1.44186e+01 1.23307e+01 5.85629e+00 1.66667e-01 2.33333e-01 
1.63296e+04 1.58640e+01 1.51435e+01 1.04527e+01 6.21591e+00 1.33333e-01 2.00000e-01 
1.63377e+04 1.23642e+01 1.64773e+01 1.49412e+01 8.40968e+00 1.33333e-01 2.33333e-01 
1.63458e+04 1.39006e+01 1.53651e+01 1.06591e+01 9.99368e+00 1.33333e-01 2.33333e-01 
1.63539e+04 1.43018e+01 1.42434e+01 1.06046e+01 8.69206e+00 2.00000e-01 2.33333e-01 
1.63620e+04 1.19197e+01 1.36898e+01 1.10710e+01 8.47836e+00 1.66667e-01 1.66667e-01 
1.63701e+04 1.29643e+01 1.43110e+01 1.34481e+01 8.52150e+00 1.66667e-01 2.33333e-01 
1.63782e+04 1.61652e+01 1.47480e+01 1.18733e+01 1.14629e+01 2.00000e-01 2.00000e-01 
1.63863e+04 1.54078e+01 1.44943e+01 1.23917e+01 8.97446e+00 2.00000e-01 2.33333e-01 
1.63944e+04 8.11910e+00 1.30698e+01 1.29294e+01 8.92595e+00 2.00000e-01 2.33333e-01 
1.64025e+04 1.07805e+01 1.10444e+01 1.32424e+01 7.29432e+00 2.00000e-01 2.33333e-01 
1.64106e+04 1.26443e+01 1.22552e+01 1.19535e+01 7.41270e+00 2.00000e-01 2.33333e-01 
1.64187e+04 1.50221e+01 1.58737e+01 9.99190e+00 9.00597e+00 2.33333e-01 2.33333e-01 
1.64268e+04 1.05757e+01 1.52928e+01 1.06847e+01 9.57548e+00 3.00000e-01 2.33333e-01 
1.64349e+04 1.23950e+01 1.70726e+01 1.57001e+01 1.09126e+01 2.66667e-01 2.33333e-01 
1.64430e+04 1.25444e+01 1.50142e+01 1.22670e+01 9.27128e+00 3.00000e-01 2.33333e-01 
1.64511e+04 1.16073e+01 1.72148e+01 1.04746e+01 9.56945e+00 3.66667e-01 2.00000e-01 
1.64592e+04 1.66562e+01 2.03090e+01 1.13991e+01 1.26787e+01 3.66667e-01 2.33333e-01 
1.64673e+04 1.57959e+01 1.83496e+01 1.07940e+01 1.10853e+01 3.66667e-01 2.00000e-01 
1.64754e+04 1.44547e+01 1.79123e+01 1.29391e+01 9.07419e+00 3.66667e-01 2.33333e-01 
1.64835e+04 1.65957e+01 1.53071e+01 1.28568e+01 1.06421e+01 3.66667e-01 2.33333e-01 
1.64916e+04 1.44226e+01 1.64490e+01 9.84194e+00 1.05773e+01 3.66667e-01 2.33333e-01 
1.64997e+04 1.20285e+01 1.36800e+01 1.28814e+01 1.35196e+01 4.66667e-01 2.33333e-01 
1.65078e+04 1.04838e+01 1.38010e+01 1.25476e+01 1.34774e+01 4.33333e-01 2.33333e-01 
1.65159e+04 1.45589e+01 1.53806e+01 1.51674e+01 1.17604e+01 4.33333e-01 2.00000e-01 
1.65240e+04 1.40651e+01 1.59431e+01 1.21727e+01 1.33072e+01 4.33333e-01 1.66667e-01 
1.65321e+04 1.26037e+01 1.46433e+01 1.15927e+01 9.16872e+00 4.66667e-01 2.33333e-01 
1.65402e+04 1.26123e+01 1.38257e+01 1.09918e+01 1.40368e+01 4.66667e-01 2.33333e-01 
1.65483e+04 1.01717e+01 1.26749e+01 9.53742e+00 1.24077e+01 4.66667e-01 2.33333e-01 
1.65564e+04 1.03473e+01 1.43660e+01 1.08684e+01 8.38971e+00 4.66667e-01 2.33333e-01 
1.65645e+04 1.41960e+01 1.47047e+01 1.06035e+01 7.82531e+00 4.66667e-01 2.33333e-01 
1.65726e+04 1.22503e+01 2.01129e+01 9.68766e+00 6.71914e+00 4.66667e-01 2.33333e-01 
1.65807e+04 7.72646e+00 1.78305e+01 1.03702e+01 1.10946e+01 4.66667e-01 2.00000e-01 
1.65888e+04 9.67137e+00 1.41220e+01 9.98751e+00 9.14536e+00 3.66667e-01 1.66667e-01 
1.65969e+04 8.08676e+00 1.36711e+01 1.01069e+01 1.07127e+01 4.66667e-01 1.66667e-01 
1.66050e+04 9.77026e+00 1.35473e+01 7.09369e+00 1.07484e+01 4.33333e-01 2.00000e-01 
1.66131e+04 9.52249e+00 1.74357e+01 1.03865e+01 1.12494e+01 3.66667e-01 2.33333e-01 
1.66212e+04 1.01383e+01 1.71321e+01 8.96621e+00 1.27050e+01 4.33333e-01 2.33333e-01 
1.66293e+04 9.69256e+00 1.68719e+01 1.01426e+01 1.06356e+01 4.33333e-01 2.33333e-01 
1.66374e+04 1.37308e+01 1.20140e+01 7.17789e+00 1.38142e+01 4.66667e-01 2.33333e-01 
1.66455e+04 1.07145e+01 1.18883e+01 7.68801e+00 1.46736e+01 4.33333e-01 2.33333e-01 
1.66536e+04 1.06975e+01 1.52535e+01 9.32278e+00 1.41717e+01 4.66667e-01 2.33333e-01 
1.66617e+04 1.07247e+01 1.42346e+01 9.91626e+00 1.47550e+01 4.66667e-01 2.00000e-01 
1.66698e+04 7.46511e+00 1.17583e+01 9.00732e+00 1.16678e+01 4.33333e-01 2.33333e-01 
1.66779e+04 7.43159e+00 1.34877e+01 1.07023e+01 1.14165e+01 4.66667e-01 2.00000e-01 
1.66860e+04 1.16474e+01 1.31558e+01 5.03660e+00 1.21135e+01 4.33333e-01 1.66667e-01 
1.66941e+04 1.28916e+01 1.46256e+01 6.18719e+00 1.12924e+01 4.66667e-01 2.33333e-01 
1.67022e+04 1.27189e+01 1.41497e+01 5.72372e+00 7.66445e+00 4.66667e-01 2.33333e-01 
1.67103e+04 1.17845e+01 1.57946e+01 9.20283e+00 1.02438e+01 4.00000e-01 2.00000e-01 
1.67184e+04 7.76693e+00 1.54189e+01 8.46722e+00 1.21352e+01 4.66667e-01 2.33333e-01 
1.67265e+04 1.21220e+01 1.65410e+01 8.92806e+00 1.11881e+01 4.33333e-01 2.33333e-01 
1.67346e+04 1.38062e+01 1.59210e+01 1.20228e+01 1.38559e+01 4.33333e-01 1.66667e-01 
1.67427e+04 1.74201e+01 1.79230e+01 7.50446e+00 1.15898e+01 4.00000e-01 2.33333e-01 
1.67508e+04 1.46602e+01 2.02061e+01 8.66612e+00 1.48941e+01 5.33333e-01 2.33333e-01 
1.67589e+04 1.43378e+01 1.62822e+01 8.40728e+00 1.21359e+01 5.33333e-01 2.33333e-01 
1.67670e+04 9.77879e+00 1.78471e+01 6.65525e+00 1.33485e+01 4.66667e-01 2.33333e-01 
1.67751e+04 9.98337e+00 1.61165e+01 4.49363e+00 1.01913e+01 4.66667e-01 2.00000e-01 
1.67832e+04 7.26952e+00 1.65418e+01 4.81120e+00 9.47477e+00 5.00000e-01 2.33333e-01 
1.67913e+04 6.83809e+00 1.90882e+01 5.81854e+00 6.28120e+00 5.33333e-01 2.00000e-01 
1.67994e+04 8.92847e+00 2.05598e+01 7.92151e+00 4.40687e+00 5.00000e-01 2.00000e-01 
1.68075e+04 7.90270e+00 1.72085e+01 8.52352e+00 7.96514e+00 5.33333e-01 2.33333e-01 
1.68156e+04 9.63107e+00 2.00453e+01 7.03102e+00 6.58725e+00 4.66667e-01 2.33333e-01 
1.68237e+04 8.25262e+00 1.82435e+01 9.24071e+00 5.40212e+00 4.66667e-01 2.33333e-01 
1.68318e+04 8.01854e+00 1.63054e+01 1.15084e+01 9.38740e+00 4.66667e-01 2.33333e-01 
1.68399e+04 8.51158e+00 1.53983e+01 9.94336e+00 6.79183e+00 4.66667e-01 2.33333e-01 
1.68480e+04 1.01362e+01 1.45747e+01 7.86280e+00 8.71388e+00 5.00000e-01 2.33333e-01 
1.68561e+04 7.48550e+00 1.55579e+01 7.75321e+00 9.10835e+00 4.66667e-01 2.33333e-01 
1.68642e+04 6.82906e+00 1.49091e+01 6.02832e+00 8.94766e+00 5.33333e-01 2.00000e-01 
1.68723e+04 7.56179e+00 1.54481e+01 5.46884e+00 8.10283e+00 5.00000e-01 2.33333e-01 
1.68804e+04 8.57736e+00 1.11479e+01 9.14332e+00 8.32459e+00 5.00000e-01 2.33333e-01 
1.68885e+04 9.42317e+00 1.19669e+01 7.04296e+00 7.08680e+00 5.00000e-01 1.66667e-01 
1.68966e+04 9.37817e+00 9.07488e+00 7.31735e+00 8.10203e+00 5.66667e-01 2.00000e-01 
1.69047e+04 6.77253e+00 1.15936e+01 1.03065e+01 9.35389e+00 5.66667e-01 1.66667e-01 
1.69128e+04 8.12245e+00 1.06954e+01 1.02702e+01 5.19049e+00 5.33333e-01 2.00000e-01 
1.69209e+04 1.04012e+01 1.41573e+01 1.06040e+01 6.26248e+00 6.33333e-01 2.00000e-01 
1.69290e+04 8.61449e+00 1.10612e+01 1.37708e+01 7.29092e+00 6.33333e-01 2.00000e-01 
1.69371e+04 7.00344e+00 1.12949e+01 1.13293e+01 5.57124e+00 6.00000e-01 1.66667e-01 
1.69452e+04 9.00093e+00 1.01724e+01 1.31997e+01 5.10825e+00 5.66667e-01 2.00000e-01 
1.69533e+04 5.63219e+00 9.10083e+00 1.16639e+01 3.25923e+00 5.66667e-01 1.66667e-01 
1.69614e+04 7.26266e+00 8.18315e+00 6.67852e+00 4.55701e+00 5.33333e-01 2.00000e-01 
1.69695e+04 5.64686e+00 1.18620e+01 1.41347e+01 3.31558e+00 6.00000e-01 2.33333e-01 
1.69776e+04 1.81754e+00 1.12790e+01 1.28608e+01 3.38484e+00 5.66667e-01 2.00000e-01 
1.69857e+04 3.70685e+00 1.22130e+01 1.28129e+01 2.05048e+00 5.66667e-01 2.33333e-01 
1.69938e+04 5.23916e+00 1.13868e+01 1.04514e+01 3.57372e+00 5.66667e-01 1.66667e-01 
1.70019e+04 4.21106e+00 8.85287e+00 9.54930e+00 2.56931e+00 5.66667e-01 2.33333e-01 
1.70100e+04 4.65408e+00 1.19824e+01 1.10226e+01 3.02951e+00 5.33333e-01 2.33333e-01 
1.70181e+04 6.40918e+00 1.01064e+01 6.41244e+00 2.77489e+00 6.00000e-01 2.33333e-01 
1.70262e+04 3.99532e+00 1.00078e+01 9.40766e+00 4.63784e+00 6.33333e-01 2.00000e-01 
1.70343e+04 4.80915e+00 7.20823e+00 6.60744e+00 5.70763e+00 7.66667e-01 2.33333e-01 
1.70424e+04 2.53977e+00 9.02353e+00 9.49240e+00 3.94837e+00 8.00000e-01 2.00000e-01 
1.70505e+04 3.82885e+00 8.87115e+00 1.16689e+01 4.28648e+00 8.66667e-01 2.00000e-01 
1.70586e+04 3.68773e+00 8.04705e+00 1.01129e+01 6.11416e+00 8.66667e-01 2.00000e-01 
1.70667e+04 3.01626e+00 1.05337e+01 8.01496e+00 5.01801e+00 8.66667e-01 2.33333e-01 
1.70748e+04 5.41901e+00 7.62854e+00 7.93145e+00 6.13655e+00 9.00000e-01 2.33333e-01 
1.70829e+04 7.26975e+00 9.20981e+00 6.48831e+00 1.72626e+00 8.66667e-01 2.33333e-01 
1.70910e+04 8.84935e+00 7.67222e+00 6.71995e+00 6.33440e+00 9.66667e-01 2.00000e-01 
1.70991e+04 6.48742e+00 1.06653e+01 6.14400e+00 3.60342e+00 9.00000e-01 2.33333e-01 
1.71072e+04 8.93341e+00 1.13337e+01 8.52958e+00 5.66993e+00 9.66667e-01 2.33333e-01 
1.71153e+04 7.76435e+00 9.89993e+00 7.52022e+00 5.81742e+00 9.00000e-01 2.33333e-01 
1.71234e+04 7.86799e+00 8.79673e+00 7.54340e+00 6.19006e+00 9.66667e-01 2.00000e-01 
1.71315e+04 8.47300e+00 1.06023e+01 8.13594e+00 5.89004e+00 1.00000e+00 2.00000e-01 
1.71396e+04 8.71314e+00 1.13978e+01 9.22685e+00 5.29448e+00 1.00000e+00 2.33333e-01 
1.71477e+04 9.64864e+00 9.08418e+00 9.43731e+00 5.62967e+00 1.00000e+00 2.33333e-01 
1.71558e+04 8.24751e+00 1.01360e+01 7.60659e+00 6.88913e+00 9.66667e-01 1.66667e-01 
1.71639e+04 6.23020e+00 1.23910e+01 5.70125e+00 9.37194e+00 9.33333e-01 2.33333e-01 
1.71720e+04 6.06037e+00 1.14765e+01 7.79900e+00 6.18074e+00 9.66667e-01 2.33333e-01 
1.71801e+04 5.56588e+00 9.35582e+00 5.40897e+00 5.85113e+00 9.66667e-01 2.33333e-01 
1.71882e+04 1.00485e+01 1.20310e+01 1.05660e+01 5.33991e+00 1.00000e+00 2.33333e-01 
1.71963e+04 3.47054e+00 1.31573e+01 4.03231e+00 5.51722e+00 9.33333e-01 2.33333e-01 
1.72044e+04 5.37133e+00 1.18496e+01 5.62914e+00 9.40902e+00 1.00000e+00 2.33333e-01 
1.72125e+04 2.31191e+00 1.24405e+01 2.52906e+00 1.07814e+01 9.66667e-01 2.33333e-01 
1.72206e+04 4.07261e+00 1.79798e+01 5.31317e+00 7.23519e+00 9.66667e-01 2.33333e-01 
1.72287e+04 5.68451e+00 1.63040e+01 6.20957e+00 8.67395e+00 9.33333e-01 2.33333e-01 
1.72368e+04 5.86119e+00 1.25113e+01 8.87260e+00 6.81685e+00 9.66667e-01 2.33333e-01 
1.72449e+04 6.35799e+00 1.73703e+01 5.25490e+00 3.82944e+00 8.00000e-01 1.66667e-01 
1.72530e+04 9.27469e+00 1.56742e+01 6.23523e+00 2.99777e+00 9.66667e-01 1.66667e-01 
1.72611e+04 7.61500e+00 1.55488e+01 7.32517e+00 4.63523e+00 9.33333e-01 1.66667e-01 
1.72692e+04 6.42711e+00 1.62454e+01 6.17478e+00 5.04588e+00 1.00000e+00 2.00000e-01 
1.72773e+04 7.37476e+00 1.52608e+01 7.10988e+00 6.70491e+00 8.33333e-01 2.33333e-01 
1.72854e+04 4.45933e+00 1.27550e+01 5.78811e+00 4.94420e+00 9.00000e-01 2.33333e-01 
1.72935e+04 5.03828e+00 1.19735e+01 7.32458e+00 7.53344e+00 9.33333e-01 2.00000e-01 
1.73016e+04 7.03468e+00 1.14238e+01 7.39164e+00 5.83003e+00 9.66667e-01 2.33333e-01 
1.73097e+04 5.85468e+00 1.03216e+01 6.21827e+00 8.30789e+00 9.66667e-01 2.33333e-01 
1.73178e+04 6.42271e+00 9.62944e+00 6.13038e+00 7.81550e+00 1.00000e+00 2.33333e-01 
1.73259e+04 7.23741e+00 7.11655e+00 7.40511e+00 9.44892e+00 8.66667e-01 2.00000e-01 
1.73340e+04 5.38192e+00 8.63351e+00 5.17995e+00 1.03114e+01 9.33333e-01 1.66667e-01 
1.73421e+04 5.52951e+00 7.25741e+00 5.79316e+00 5.48416e+00 9.33333e-01 1.66667e-01 
1.73502e+04 4.12848e+00 7.16093e+00 4.04580e+00 9.95649e+00 8.66667e-01 2.00000e-01 
1.73583e+04 7.57685e+00 8.67184e+00 7.80263e+00 7.92504e+00 9.00000e-01 2.00000e-01 
1.73664e+04 5.88115e+00 9.90839e+00 8.27864e+00 5.82935e+00 9.33333e-01 2.33333e-01 
1.73745e+04 2.84087e+00 1.23554e+01 3.75522e+00 6.46943e+00 8.66667e-01 2.33333e-01 
1.73826e+04 8.50124e+00 1.24000e+01 8.27847e+00 2.34964e+00 9.66667e-01 2.00000e-01 
1.73907e+04 8.13468e+00 1.13183e+01 7.83426e+00 6.30605e+00 9.00000e-01 2.33333e-01 
1.73988e+04 5.80632e+00 1.37718e+01 5.65646e+00 5.95644e+00 1.00000e+00 2.33333e-01 
1.74069e+04 9.82000e+00 1.60890e+01 9.89258e+00 7.78154e+00 9.33333e-01 2.33333e-01 
1.74150e+04 8.36848e+00 1.16481e+01 8.30648e+00 7.95041e+00 9.00000e-01 2.00000e-01 
1.74231e+04 7.75224e+00 1.62056e+01 7.89269e+00 5.19495e+00 9.33333e-01 2.00000e-01 
1.74312e+04 7.82940e+00 1.63418e+01 8.90368e+00 5.37194e+00 9.33333e-01 2.33333e-01 
1.74393e+04 8.16575e+00 1.49340e+01 8.71424e+00 7.33551e+00 9.66667e-01 2.00000e-01 
1.74474e+04 6.95413e+00 1.68990e+01 6.83032e+00 4.36640e+00 9.66667e-01 2.33333e-01 
1.74555e+04 9.04456e+00 1.51555e+01 9.10018e+00 3.35430e+00 9.33333e-01 3.00000e-01 
1.74636e+04 7.30249e+00 1.06902e+01 7.70021e+00 5.53765e+00 9.66667e-01 3.00000e-01 
1.74717e+04 7.38411e+00 1.04713e+01 7.55097e+00 9.35441e+00 9.66667e-01 3.33333e-01 
1.74798e+04 7.72574e+00 1.05947e+01 8.18728e+00 2.25723e+00 9.33333e-01 3.33333e-01 
1.74879e+04 8.48727e+00 1.17913e+01 9.12523e+00 9.42912e+00 9.33333e-01 4.00000e-01 
1.74960e+04 8.30618e+00 8.75984e+00 8.82133e+00 6.19740e+00 9.66667e-01 3.66667e-01 
1.75041e+04 6.04704e+00 1.13337e+01 4.56378e+00 9.10387e+00 9.00000e-01 3.66667e-01 
1.75122e+04 4.80583e+00 1.11841e+01 5.03144e+00 6.16916e+00 9.66667e-01 4.33333e-01 
1.75203e+04 6.90637e+00 1.05231e+01 6.88174e+00 6.15135e+00 8.66667e-01 4.33333e-01 
1.75284e+04 8.45554e+00 7.93800e+00 7.91768e+00 5.93778e+00 1.00000e+00 4.33333e-01 
1.75365e+04 4.37460e+00 1.19024e+01 4.18783e+00 5.72138e+00 9.33333e-01 4.33333e-01 
1.75446e+04 4.41011e+00 1.10466e+01 4.34322e+00 6.93448e+00 9.00000e-01 4.66667e-01 
1.75527e+04 5.67540e+00 1.30748e+01 5.50334e+00 4.03778e+00 9.66667e-01 4.33333e-01 
1.75608e+04 6.98879e+00 8.12955e+00 6.88311e+00 5.93043e+00 9.66667e-01 4.33333e-01 
1.75689e+04 5.85556e+00 6.82298e+00 6.28751e+00 6.89584e+00 9.66667e-01 4.33333e-01 
1.75770e+04 8.04564e+00 6.80864e+00 7.93786e+00 4.59259e+00 9.33333e-01 4.66667e-01 
1.75851e+04 8.06750e+00 6.62788e+00 7.75633e+00 7.30221e+00 8.66667e-01 6.00000e-01 
1.75932e+04 7.19464e+00 7.53557e+00 6.85117e+00 7.83933e+00 9.00000e-01 5.33333e-01 
1.76013e+04 6.63711e+00 1.13468e+01 6.78563e+00 8.84238e+00 9.66667e-01 5.33333e-01 
1.76094e+04 7.34313e+00 1.10418e+01 7.72973e+00 8.35433e+00 9.66667e-01 5.66667e-01 
1.76175e+04 7.57198e+00 1.00982e+01 7.60204e+00 7.26276e+00 9.33333e-01 5.33333e-01 
1.76256e+04 8.35088e+00 5.87710e+00 8.49173e+00 8.27949e+00 8.66667e-01 6.00000e-01 
1.76337e+04 7.64368e+00 8.00977e+00 1.16050e+01 9.42743e+00 8.33333e-01 6.33333e-01 
1.76418e+04 9.67473e+00 8.52334e+00 7.97591e+00 7.72030e+00 8.66667e-01 6.33333e-01 
1.76499e+04 8.98864e+00 1.08906e+01 8.73489e+00 8.41284e+00 9.66667e-01 5.66667e-01 
1.76580e+04 8.64327e+00 8.48142e+00 8.34574e+00 1.09707e+01 9.66667e-01 5.66667e-01 
1.76661e+04 8.44743e+00 9.86275e+00 8.00384e+00 1.09044e+01 9.33333e-01 5.33333e-01 
1.76742e+04 7.41885e+00 9.24946e+00 7.21008e+00 9.13634e+00 1.00000e+00 6.33333e-01 
1.76823e+04 9.84678e+00 8.53100e+00 1.03571e+01 1.20206e+01 9.00000e-01 6.33333e-01 
1.76904e+04 8.88582e+00 7.82640e+00 8.75127e+00 1.09949e+01 9.00000e-01 5.66667e-01 
1.76985e+04 8.06034e+00 6.32197e+00 8.24680e+00 1.29349e+01 9.00000e-01 6.66667e-01 
1.77066e+04 9.97638e+00 5.72671e+00 1.02642e+01 1.39066e+01 9.66667e-01 5.66667e-01 
1.77147e+04 8.14547e+00 7.41948e+00 9.12986e+00 1.42392e+01 9.00000e-01 6.66667e-01 
1.77228e+04 7.06103e+00 8.02595e+00 7.51573e+00 1.13444e+01 9.66667e-01 7.00000e-01 
1.77309e+04 7.51007e+00 8.36462e+00 7.34370e+00 9.65363e+00 9.00000e-01 6.66667e-01 
1.77390e+04 4.85335e+00 1.05228e+01 4.31444e+00 9.47844e+00 1.00000e+00 8.00000e-01 
1.77471e+04 6.34455e+00 7.95803e+00 5.97037e+00 1.38448e+01 9.33333e-01 7.33333e-01 
1.77552e+04 9.54269e+00 9.69952e+00 6.92759e+00 9.59291e+00 9.66667e-01 8.00000e-01 
1.77633e+04 7.23228e+00 1.14096e+01 7.11431e+00 9.89236e+00 9.66667e-01 7.66667e-01 
1.77714e+04 6.32502e+00 1.20262e+01 1.01919e+01 6.67391e+00 9.33333e-01 7.33333e-01 
1.77795e+04 4.90351e+00 1.18996e+01 1.05688e+01 7.26045e+00 8.66667e-01 7.33333e-01 
1.77876e+04 4.15246e+00 1.06719e+01 9.35946e+00 7.40026e+00 9.00000e-01 8.00000e-01 
1.77957e+04 5.80404e+00 1.21088e+01 6.33528e+00 6.61080e+00 9.66667e-01 7.33333e-01 
1.78038e+04 5.96632e+00 9.71342e+00 4.79809e+00 7.86222e+00 9.00000e-01 7.00000e-01 
1.78119e+04 8.07065e+00 1.23585e+01 5.81052e+00 6.90343e+00 8.66667e-01 7.66667e-01 
1.78200e+04 7.54097e+00 7.91883e+00 6.16808e+00 4.11922e+00 9.00000e-01 7.66667e-01 
1.78281e+04 5.40670e+00 8.80274e+00 6.08708e+00 7.19479e+00 9.33333e-01 8.00000e-01 
1.78362e+04 4.71847e+00 1.06314e+01 2.37508e+00 5.57605e+00 9.33333e-01 7.66667e-01 
1.78443e+04 5.98345e+00 8.67194e+00 5.04983e+00 7.01527e+00 9.66667e-01 7.66667e-01 
1.78524e+04 9.51663e+00 1.09399e+01 9.53163e+00 4.28990e+00 1.00000e+00 7.66667e-01 
1.78605e+04 1.10590e+01 1.23884e+01 1.12197e+01 6.66199e+00 9.66667e-01 8.00000e-01 
1.78686e+04 9.57120e+00 1.25316e+01 1.02350e+01 1.17906e+01 1.00000e+00 7.66667e-01 
1.78767e+04 8.35222e+00 1.07609e+01 8.79236e+00 8.92867e+00 1.00000e+00 7.33333e-01 
1.78848e+04 9.58857e+00 1.08330e+01 9.95291e+00 7.93732e+00 9.66667e-01 8.00000e-01 
1.78929e+04 5.08454e+00 1.06813e+01 5.30868e+00 9.25089e+00 1.00000e+00 7.33333e-01 
1.79010e+04 7.64261e+00 6.60590e+00 7.29103e+00 8.58478e+00 8.66667e-01 8.33333e-01 
1.79091e+04 9.11526e+00 5.84375e+00 9.04388e+00 9.09266e+00 9.00000e-01 8.00000e-01 
1.79172e+04 5.46739e+00 4.40008e+00 5.41547e+00 9.86485e+00 9.33333e-01 7.33333e-01 
1.79253e+04 5.92525e+00 7.24400e+00 5.86596e+00 8.36782e+00 9.66667e-01 8.00000e-01 
1.79334e+04 4.90138e+00 1.02923e+01 4.53651e+00 7.98232e+00 1.00000e+00 8.66667e-01 
1.79415e+04 5.01405e+00 7.69396e+00 5.15146e+00 1.05330e+01 9.66667e-01 7.66667e-01 
1.79496e+04 3.59689e+00 9.01481e+00 3.38333e+00 9.32254e+00 9.66667e-01 7.66667e-01 
1.79577e+04 3.36724e+00 7.85624e+00 2.31152e+00 7.56413e+00 8.66667e-01 8.00000e-01 
1.79658e+04 3.06535e+00 6.84965e+00 2.46800e+00 6.75848e+00 9.00000e-01 8.66667e-01 
1.79739e+04 2.38641e+00 7.65576e+00 3.46305e+00 9.21298e+00 8.66667e-01 8.33333e-01 
1.79820e+04 1.51047e+00 6.58438e+00 3.22615e+00 7.46840e+00 9.33333e-01 8.66667e-01 
1.79901e+04 2.82792e+00 5.03793e+00 4.18104e+00 7.95876e+00 9.00000e-01 9.00000e-01 
1.79982e+04 2.02019e+00 8.03610e+00 3.40065e+00 8.87457e+00 9.33333e-01 8.66667e-01 
1.80063e+04 1.02408e+00 1.17597e+01 2.90652e+00 6.99529e+00 9.66667e-01 9.00000e-01 
1.80144e+04 2.01586e+00 6.82969e+00 3.02979e+00 7.90753e+00 8.33333e-01 8.33333e-01 
1.80225e+04 1.58923e+00 5.49936e+00 7.48707e+00 7.83762e+00 8.33333e-01 8.33333e-01 
1.80306e+04 2.38483e+00 6.20010e+00 2.38998e+00 6.53236e+00 8.66667e-01 8.33333e-01 
1.80387e+04 5.04561e+00 4.13590e+00 2.67550e+00 8.54342e+00 9.00000e-01 9.00000e-01 
1.80468e+04 1.08722e+00 4.87554e+00 3.36087e+00 5.61355e+00 9.00000e-01 8.00000e-01 
1.80549e+04 4.37640e+00 7.20241e+00 3.03187e+00 7.03035e+00 9.33333e-01 7.66667e-01 
1.80630e+04 3.78219e+00 5.08086e+00 3.56707e+00 4.84996e+00 1.00000e+00 8.66667e-01 
1.80711e+04 4.51974e+00 5.49407e+00 4.40754e+00 8.63622e+00 9.66667e-01 9.00000e-01 
1.80792e+04 5.85678e+00 4.29332e+00 5.73860e+00 5.89990e+00 9.66667e-01 8.33333e-01 
1.80873e+04 4.56466e+00 4.06561e+00 4.51044e+00 5.77427e+00 9.33333e-01 9.33333e-01 
1.80954e+04 4.93512e+00 5.14003e+00 5.02099e+00 4.67357e+00 9.66667e-01 9.00000e-01 
1.81035e+04 5.02259e+00 2.46657e+00 5.26049e+00 5.00929e+00 9.33333e-01 8.66667e-01 
1.81116e+04 5.69450e+00 5.50794e+00 5.88423e+00 1.04586e+00 9.00000e-01 9.00000e-01 
1.81197e+04 3.76066e+00 2.59599e+00 4.27527e+00 2.43835e+00 9.66667e-01 9.66667e-01 
1.81278e+04 5.67198e+00 3.59515e+00 6.25274e+00 3.08301e+00 9.33333e-01 9.00000e-01 
1.81359e+04 5.90842e+00 2.53841e+00 6.45340e+00 2.64754e+00 9.66667e-01 9.66667e-01 
1.81440e+04 5.65398e+00 3.76911e+00 5.73000e+00 3.12737e+00 9.66667e-01 9.33333e-01 
1.81521e+04 5.57683e+00 3.54939e+00 5.72760e+00 3.04226e+00 1.00000e+00 1.00000e+00 
1.81602e+04 2.86649e+00 6.47887e+00 3.14799e+00 7.14960e+00 9.66667e-01 9.66667e-01 
1.81683e+04 6.84795e+00 5.91126e+00 5.05148e+00 6.36451e+00 9.00000e-01 9.66667e-01 
1.81764e+04 4.55038e+00 3.51827e+00 3.16893e+00 5.33819e+00 9.66667e-01 9.33333e-01 
1.81845e+04 9.39829e+00 5.12993e+00 5.51393e+00 6.55754e+00 8.66667e-01 8.66667e-01 
1.81926e+04 9.55152e+00 3.67639e+00 7.06464e+00 4.21246e+00 9.33333e-01 8.66667e-01 
1.82007e+04 2.83027e+00 4.09758e+00 7.22111e+00 4.19046e+00 8.33333e-01 8.66667e-01 
1.82088e+04 4.15842e+00 6.31353e+00 4.41366e+00 3.51245e+00 9.00000e-01 8.66667e-01 
1.82169e+04 5.08974e+00 3.96645e+00 3.87769e+00 1.20531e+00 8.66667e-01 9.33333e-01 
1.82250e+04 6.50178e+00 3.01947e+00 6.58538e+00 2.39528e+00 9.33333e-01 9.33333e-01 
1.82331e+04 6.14356e+00 3.11478e+00 6.21020e+00 2.80339e+00 9.33333e-01 9.66667e-01 
1.82412e+04 6.10227e+00 2.68178e+00 5.77672e+00 1.20251e+00 9.00000e-01 9.33333e-01 
1.82493e+04 2.70589e+00 3.89049e+00 2.24283e+00 3.50027e+00 9.00000e-01 9.66667e-01 
1.82574e+04 5.44828e+00 4.26890e+00 5.53277e+00 4.58864e+00 1.00000e+00 9.00000e-01 
1.82655e+04 3.93356e+00 4.23605e+00 3.37944e+00 4.23324e+00 1.00000e+00 9.33333e-01 
1.82736e+04 4.35609e+00 4.70767e+00 3.90887e+00 3.97866e+00 9.66667e-01 9.00000e-01 
1.82817e+04 4.82305e+00 3.26168e+00 4.88338e+00 6.09786e+00 1.00000e+00 9.33333e-01 
1.82898e+04 3.88450e+00 5.27489e+00 3.77712e+00 4.59439e+00 9.00000e-01 9.33333e-01 
1.82979e+04 4.53817e+00 5.89718e+00 3.61374e+00 5.54811e+00 9.66667e-01 9.33333e-01 
1.83060e+04 3.96447e+00 8.16739e+00 3.88898e+00 7.80497e+00 9.00000e-01 9.00000e-01 
1.83141e+04 5.32700e+00 5.63165e+00 4.98316e+00 5.39686e+00 8.33333e-01 1.00000e+00 
1.83222e+04 3.95235e+00 7.80850e+00 6.06799e+00 7.82091e+00 9.00000e-01 9.66667e-01 
1.83303e+04 2.00700e+00 6.92834e+00 6.78905e+00 6.88570e+00 8.33333e-01 9.33333e-01 
1.83384e+04 2.84000e+00 5.63632e+00 5.27289e+00 7.18193e+00 9.33333e-01 8.66667e-01 
1.83465e+04 2.25145e+00 5.61791e+00 7.90014e+00 9.60981e+00 8.66667e-01 9.00000e-01 
1.83546e+04 2.64976e+00 5.95608e+00 3.76073e+00 5.93060e+00 9.33333e-01 8.66667e-01 
1.83627e+04 4.87965e+00 7.88994e+00 3.98753e+00 8.25685e+00 8.66667e-01 9.33333e-01 
1.83708e+04 7.76602e+00 6.52013e+00 6.10462e+00 6.97513e+00 9.33333e-01 9.00000e-01 
1.83789e+04 7.23412e+00 7.38385e+00 5.95388e+00 7.13440e+00 9.00000e-01 9.00000e-01 
1.83870e+04 5.91776e+00 6.76316e+00 5.95208e+00 8.44257e+00 8.66667e-01 8.66667e-01 
1.83951e+04 9.45686e+00 5.63054e+00 4.88699e+00 5.34725e+00 8.66667e-01 8.00000e-01 
1.84032e+04 5.13623e+00 5.26320e+00 5.31906e+00 4.77796e+00 1.00000e+00 9.00000e-01 
1.84113e+04 7.26716e+00 8.74335e+00 7.60250e+00 8.00230e+00 9.66667e-01 9.33333e-01 
1.84194e+04 4.06346e+00 8.06616e+00 4.43282e+00 7.57562e+00 1.00000e+00 9.00000e-01 
1.84275e+04 3.59962e+00 9.24046e+00 4.61916e+00 7.06912e+00 9.00000e-01 9.33333e-01 
1.84356e+04 4.54599e+00 9.62066e+00 3.91148e+00 9.62693e+00 9.00000e-01 9.33333e-01 
1.84437e+04 5.11569e+00 6.56586e+00 4.65539e+00 6.63214e+00 9.33333e-01 9.33333e-01 
1.84518e+04 2.42826e+00 1.14075e+01 2.66985e+00 1.11750e+01 8.66667e-01 9.33333e-01 
1.84599e+04 6.16253e+00 7.71680e+00 6.07337e+00 9.96605e+00 9.33333e-01 9.00000e-01 
1.84680e+04 5.82671e+00 7.33606e+00 6.13101e+00 7.22466e+00 9.66667e-01 9.66667e-01 
1.84761e+04 4.05160e+00 8.28966e+00 4.28202e+00 7.50753e+00 8.66667e-01 1.00000e+00 
1.84842e+04 6.69979e+00 7.20493e+00 4.43756e+00 6.57935e+00 9.33333e-01 1.00000e+00 
1.84923e+04 7.72415e+00 6.34823e+00 5.98802e+00 6.21210e+00 9.00000e-01 1.00000e+00 
1.85004e+04 7.81328e+00 6.38900e+00 7.72732e+00 6.01283e+00 8.00000e-01 9.00000e-01 
1.85085e+04 9.85306e+00 8.66469e+00 7.39970e+00 8.32617e+00 9.33333e-01 1.00000e+00 
1.85166e+04 8.69175e+00 8.59138e+00 8.61572e+00 8.34165e+00 1.00000e+00 9.66667e-01 
1.85247e+04 5.98630e+00 1.04553e+01 6.08115e+00 9.94859e+00 9.00000e-01 9.33333e-01 
1.85328e+04 6.83345e+00 9.67243e+00 6.53497e+00 9.28485e+00 9.33333e-01 7.66667e-01 
1.85409e+04 5.96038e+00 8.09273e+00 5.68872e+00 7.65879e+00 1.00000e+00 9.00000e-01 
1.85490e+04 4.72723e+00 7.45497e+00 6.69407e+00 7.32267e+00 9.00000e-01 9.33333e-01 
1.85571e+04 7.53427e+00 7.97965e+00 9.05982e+00 6.71356e+00 9.33333e-01 9.00000e-01 
1.85652e+04 9.08156e+00 1.04172e+01 4.77673e+00 6.66385e+00 8.66667e-01 9.33333e-01 
1.85733e+04 1.17541e+01 8.52083e+00 8.49559e+00 1.01025e+01 9.00000e-01 7.33333e-01 
1.85814e+04 1.08878e+01 8.82543e+00 7.89403e+00 1.03857e+01 9.33333e-01 9.00000e-01 
1.85895e+04 7.93701e+00 8.50531e+00 8.56684e+00 6.91654e+00 8.66667e-01 9.00000e-01 
1.85976e+04 8.24730e+00 7.75186e+00 8.57220e+00 7.61231e+00 9.66667e-01 9.00000e-01 
1.86057e+04 7.50436e+00 5.36795e+00 7.22142e+00 5.26490e+00 9.00000e-01 9.00000e-01 
1.86138e+04 7.18774e+00 6.08437e+00 9.06896e+00 6.16932e+00 9.33333e-01 9.66667e-01 
1.86219e+04 9.04692e+00 7.51431e+00 9.23351e+00 7.49431e+00 9.33333e-01 9.66667e-01 
1.86300e+04 1.07268e+01 5.35209e+00 1.10910e+01 5.61005e+00 9.33333e-01 9.66667e-01 
1.86381e+04 1.09427e+01 8.58644e+00 1.12017e+01 8.00827e+00 9.00000e-01 9.33333e-01 
1.86462e+04 1.00558e+01 7.29622e+00 1.04605e+01 7.26730e+00 8.66667e-01 9.66667e-01 
1.86543e+04 9.72326e+00 6.36155e+00 9.58724e+00 5.95608e+00 8.66667e-01 8.66667e-01 
1.86624e+04 8.60140e+00 6.91596e+00 8.16286e+00 5.92804e+00 9.00000e-01 9.00000e-01 
1.86705e+04 9.44368e+00 8.35294e+00 7.72292e+00 8.00264e+00 8.33333e-01 9.33333e-01 
1.86786e+04 8.49466e+00 4.91511e+00 6.95300e+00 4.52410e+00 9.66667e-01 9.66667e-01 
1.86867e+04 1.02678e+01 5.77822e+00 9.65826e+00 7.59194e+00 9.66667e-01 8.00000e-01 
1.86948e+04 8.13349e+00 5.82201e+00 8.30864e+00 5.79125e+00 9.66667e-01 8.00000e-01 
1.87029e+04 9.66542e+00 8.61411e+00 9.83861e+00 5.87486e+00 9.33333e-01 8.66667e-01 
1.87110e+04 9.11837e+00 6.75947e+00 1.09953e+01 5.62106e+00 9.00000e-01 9.33333e-01 
1.87191e+04 5.99519e+00 3.76043e+00 6.24830e+00 5.87949e+00 8.33333e-01 8.66667e-01 
1.87272e+04 6.37789e+00 6.72587e+00 4.93732e+00 6.60325e+00 9.66667e-01 8.66667e-01 
1.87353e+04 5.04092e+00 4.40195e+00 4.94696e+00 4.95156e+00 9.33333e-01 9.00000e-01 
1.87434e+04 7.83341e+00 8.50157e+00 5.23603e+00 8.37446e+00 8.66667e-01 8.66667e-01 
1.87515e+04 7.90456e+00 5.81019e+00 5.61597e+00 7.95517e+00 9.33333e-01 8.66667e-01 
1.87596e+04 7.78830e+00 5.73752e+00 5.07034e+00 1.11947e+01 9.66667e-01 8.00000e-01 
1.87677e+04 6.92792e+00 2.99873e+00 5.13631e+00 8.95261e+00 9.00000e-01 8.66667e-01 
1.87758e+04 7.01211e+00 3.32206e+00 3.30246e+00 9.04752e+00 9.66667e-01 9.33333e-01 
1.87839e+04 6.77735e+00 2.53927e+00 6.04725e+00 8.22787e+00 9.66667e-01 9.33333e-01 
1.87920e+04 3.95895e+00 2.46190e+00 8.86656e+00 6.53571e+00 9.66667e-01 8.66667e-01 
1.88001e+04 5.97590e+00 2.67426e+00 6.06620e+00 5.81245e+00 9.33333e-01 8.66667e-01 
1.88082e+04 6.24960e+00 1.03109e+00 4.84288e+00 4.42631e+00 9.33333e-01 9.00000e-01 
1.88163e+04 7.74483e+00 3.33217e+00 7.18856e+00 4.23516e+00 9.00000e-01 9.00000e-01 
1.88244e+04 6.49904e+00 3.18234e+00 7.54340e+00 3.36690e+00 9.33333e-01 8.66667e-01 
1.88325e+04 4.02692e+00 3.50649e+00 9.42155e+00 2.82243e+00 9.33333e-01 7.66667e-01 
1.88406e+04 6.42531e+00 4.44698e+00 9.55088e+00 4.81019e+00 8.66667e-01 9.00000e-01 
1.88487e+04 5.37897e+00 3.87390e+00 5.64948e+00 3.84451e+00 9.66667e-01 1.00000e+00 
1.88568e+04 3.88670e+00 4.85085e+00 3.93611e+00 5.05477e+00 9.33333e-01 9.66667e-01 
1.88649e+04 3.18909e+00 6.60154e+00 3.17618e+00 6.69527e+00 9.66667e-01 9.66667e-01 
1.88730e+04 5.97634e+00 2.02660e+00 4.84057e+00 1.74101e+00 9.00000e-01 1.00000e+00 
1.88811e+04 5.88605e+00 2.51456e+00 7.34374e+00 2.19998e+00 9.33333e-01 9.66667e-01 
1.88892e+04 5.81833e+00 3.67873e+00 6.98310e+00 3.72696e+00 8.66667e-01 9.00000e-01 
1.88973e+04 5.59423e+00 2.92572e+00 6.02770e+00 2.82844e+00 9.00000e-01 9.33333e-01 
1.89054e+04 7.00966e+00 6.70348e-01 6.03807e+00 1.44918e+00 9.33333e-01 9.33333e-01 
1.89135e+04 8.26108e+00 1.02194e+00 7.65031e+00 1.49173e+00 8.66667e-01 9.00000e-01 
1.89216e+04 7.37019e+00 4.50181e+00 7.79534e+00 3.35838e+00 9.66667e-01 9.33333e-01 
1.89297e+04 4.80641e+00 3.97291e+00 3.98781e+00 4.39591e+00 8.66667e-01 9.00000e-01 
1.89378e+04 5.99301e+00 6.23693e+00 5.45981e+00 6.52592e+00 9.66667e-01 9.33333e-01 
1.89459e+04 6.58502e+00 3.76457e+00 6.16419e+00 3.63048e+00 9.00000e-01 9.66667e-01 
1.89540e+04 4.80562e+00 2.17357e+00 4.51809e+00 2.72122e+00 9.33333e-01 9.33333e-01 
1.89621e+04 4.37249e+00 4.27061e+00 4.78579e+00 3.73028e+00 9.00000e-01 9.66667e-01 
1.89702e+04 6.07537e+00 1.89811e+00 5.90512e+00 2.12312e+00 9.66667e-01 1.00000e+00 
1.89783e+04 6.51427e+00 5.37468e+00 6.26222e+00 5.90438e+00 1.00000e+00 9.00000e-01 
1.89864e+04 4.70107e+00 4.20591e+00 4.80460e+00 3.96081e+00 1.00000e+00 9.66667e-01 
1.89945e+04 7.04722e+00 4.27114e+00 6.21251e+00 4.34542e+00 9.66667e-01 9.66667e-01 
1.90026e+04 4.65567e+00 6.00325e+00 4.83156e+00 5.91373e+00 9.66667e-01 9.66667e-01 
1.90107e+04 5.39107e+00 5.23138e+00 4.75306e+00 5.19911e+00 8.33333e-01 9.33333e-01 
1.90188e+04 4.70360e+00 5.88375e+00 3.98047e+00 7.15337e+00 9.00000e-01 8.00000e-01 
1.90269e+04 4.26972e+00 4.37837e+00 4.82355e+00 6.04464e+00 9.00000e-01 8.66667e-01 
1.90350e+04 5.98023e+00 3.43392e+00 3.42495e+00 4.67094e+00 8.66667e-01 9.33333e-01 
1.90431e+04 5.18402e+00 2.34574e+00 5.04660e+00 4.45383e+00 1.00000e+00 9.00000e-01 
1.90512e+04 4.89638e+00 3.33923e+00 5.36024e+00 5.02566e+00 9.33333e-01 9.66667e-01 
1.90593e+04 3.78862e+00 4.77457e+00 4.94428e+00 4.84351e+00 8.33333e-01 9.66667e-01 
1.90674e+04 2.26824e+00 3.72494e+00 2.45568e+00 3.16571e+00 9.00000e-01 9.66667e-01 
1.90755e+04 3.54447e+00 4.60108e+00 3.37342e+00 4.20434e+00 9.66667e-01 9.00000e-01 
1.90836e+04 5.28350e+00 4.80461e+00 5.83725e+00 4.80961e+00 1.00000e+00 9.00000e-01 
1.90917e+04 7.25651e+00 2.99533e+00 7.71840e+00 2.38957e+00 9.33333e-01 9.66667e-01 
1.90998e+04 7.32605e+00 5.60974e+00 7.78224e+00 4.92676e+00 9.66667e-01 9.33333e-01 
1.91079e+04 5.90093e+00 4.58836e+00 5.58515e+00 4.03066e+00 9.00000e-01 9.00000e-01 
1.91160e+04 5.20948e+00 5.45767e+00 5.48732e+00 5.22092e+00 9.33333e-01 9.00000e-01 
1.91241e+04 7.30849e+00 5.62589e+00 7.30268e+00 6.54969e+00 9.66667e-01 9.00000e-01 
1.91322e+04 6.58700e+00 3.02462e+00 6.53246e+00 2.85133e+00 1.00000e+00 9.00000e-01 
1.91403e+04 4.94940e+00 4.76748e+00 4.73531e+00 5.01003e+00 9.66667e-01 9.00000e-01 
1.91484e+04 4.85321e+00 3.08827e+00 4.60747e+00 4.78259e+00 9.66667e-01 9.33333e-01 
1.91565e+04 5.71509e+00 3.64312e+00 5.80513e+00 4.13256e+00 9.33333e-01 9.66667e-01 
1.91646e+04 7.24428e+00 4.81173e+00 7.51298e+00 4.23399e+00 9.33333e-01 8.66667e-01 
1.91727e+04 5.44265e+00 2.81696e+00 5.59738e+00 2.24064e+00 1.00000e+00 8.66667e-01 
1.91808e+04 6.76104e+00 5.02566e+00 7.24555e+00 4.45399e+00 9.66667e-01 8.66667e-01 
1.91889e+04 5.07870e+00 6.77869e+00 5.11738e+00 5.74728e+00 9.00000e-01 9.00000e-01 
1.91970e+04 5.25690e+00 6.08469e+00 5.25637e+00 5.67192e+00 9.66667e-01 9.00000e-01 
1.92051e+04 7.02818e+00 2.30206e+00 5.63850e+00 2.33989e+00 9.00000e-01 9.33333e-01 
1.92132e+04 7.93152e+00 3.11283e+00 8.33630e+00 3.26640e+00 9.66667e-01 9.00000e-01 
1.92213e+04 6.32482e+00 1.44307e+00 9.52660e+00 1.22980e+00 9.00000e-01 8.66667e-01 
1.92294e+04 9.02049e+00 4.55978e+00 5.65162e+00 4.06087e+00 8.66667e-01 9.33333e-01 
1.92375e+04 7.77546e+00 3.05014e+00 9.63814e+00 3.00399e+00 9.00000e-01 9.66667e-01 
1.92456e+04 8.86605e+00 2.33431e+00 6.74901e+00 2.49620e+00 9.00000e-01 1.00000e+00 
1.92537e+04 6.22498e+00 3.69918e+00 6.60130e+00 3.71388e+00 9.33333e-01 8.33333e-01 
1.92618e+04 8.46394e+00 4.04046e+00 8.70718e+00 4.16946e+00 9.66667e-01 9.00000e-01 
1.92699e+04 7.95058e+00 1.72805e+00 7.70384e+00 1.95212e+00 8.66667e-01 9.66667e-01 
1.92780e+04 9.17693e+00 3.36233e+00 9.32868e+00 3.29443e+00 1.00000e+00 9.33333e-01 
1.92861e+04 7.98832e+00 3.31398e+00 7.86102e+00 2.48554e+00 9.33333e-01 9.00000e-01 
1.92942e+04 1.14234e+01 2.37166e+00 1.12420e+01 1.92149e+00 1.00000e+00 9.33333e-01 
1.93023e+04 1.22676e+01 5.14170e+00 1.23042e+01 5.30127e+00 9.66667e-01 9.66667e-01 
1.93104e+04 1.06594e+01 2.05098e+00 1.09431e+01 3.98416e+00 9.66667e-01 8.66667e-01 
1.93185e+04 1.05163e+01 3.74920e+00 1.30614e+01 1.81822e+00 9.00000e-01 8.33333e-01 
1.93266e+04 1.38388e+01 6.14869e+00 1.42325e+01 4.78663e+00 9.33333e-01 8.66667e-01 
1.93347e+04 1.27209e+01 8.38906e+00 1.28965e+01 6.50004e+00 1.00000e+00 9.00000e-01 
1.93428e+04 1.35159e+01 3.48457e+00 1.51929e+01 6.36187e+00 9.00000e-01 9.00000e-01 
1.93509e+04 1.38713e+01 5.98672e+00 1.41182e+01 6.08258e+00 9.66667e-01 9.00000e-01 
1.93590e+04 1.13469e+01 5.04636e+00 1.11637e+01 5.38543e+00 9.66667e-01 9.66667e-01 
1.93671e+04 1.20133e+01 4.32433e+00 1.21766e+01 4.36360e+00 9.33333e-01 9.33333e-01 
1.93752e+04 1.33826e+01 8.05137e+00 1.32319e+01 8.11298e+00 1.00000e+00 1.00000e+00 
1.93833e+04 1.54504e+01 8.01923e+00 1.55571e+01 8.42209e+00 9.33333e-01 9.00000e-01 
1.93914e+04 1.36185e+01 9.54324e+00 1.39257e+01 9.52837e+00 9.33333e-01 9.00000e-01 
1.93995e+04 1.34362e+01 8.36872e+00 1.38075e+01 8.20102e+00 9.00000e-01 8.66667e-01 
1.94076e+04 1.28709e+01 8.66664e+00 1.10968e+01 8.92802e+00 9.33333e-01 9.66667e-01 
1.94157e+04 1.57025e+01 1.16154e+01 1.18560e+01 1.18172e+01 9.33333e-01 1.00000e+00 
1.94238e+04 1.32970e+01 1.26924e+01 9.49602e+00 1.28464e+01 8.00000e-01 9.00000e-01 
1.94319e+04 1.35653e+01 9.68717e+00 1.19105e+01 9.88287e+00 9.66667e-01 9.66667e-01 
1.94400e+04 1.29470e+01 1.17234e+01 1.27080e+01 1.19578e+01 1.00000e+00 9.66667e-01 
1.94481e+04 9.90788e+00 1.05711e+01 9.53711e+00 1.10216e+01 1.00000e+00 9.66667e-01 
1.94562e+04 1.19822e+01 1.18705e+01 1.20363e+01 1.18725e+01 9.33333e-01 1.00000e+00 
1.94643e+04 1.12004e+01 1.23374e+01 1.16005e+01 1.14782e+01 9.66667e-01 8.66667e-01 
1.94724e+04 1.27132e+01 1.17503e+01 9.01379e+00 1.03662e+01 9.00000e-01 9.66667e-01 
1.94805e+04 8.77440e+00 1.12073e+01 1.03051e+01 9.04387e+00 9.33333e-01 9.00000e-01 
1.94886e+04 9.58104e+00 8.76435e+00 9.93056e+00 1.00688e+01 9.33333e-01 9.33333e-01 
1.94967e+04 1.00625e+01 1.00116e+01 1.04769e+01 1.00564e+01 1.00000e+00 9.66667e-01 
1.95048e+04 1.09003e+01 9.62130e+00 1.11598e+01 1.02035e+01 9.66667e-01 9.33333e-01 
1.95129e+04 1.15365e+01 1.02904e+01 9.94518e+00 1.04928e+01 9.66667e-01 9.66667e-01 
1.95210e+04 1.06706e+01 1.06282e+01 7.15153e+00 1.08144e+01 9.00000e-01 9.66667e-01 
1.95291e+04 6.82377e+00 9.84828e+00 6.99537e+00 1.18648e+01 8.33333e-01 9.33333e-01 
1.95372e+04 8.79966e+00 7.76146e+00 9.07399e+00 7.99852e+00 8.33333e-01 9.33333e-01 
1.95453e+04 9.45290e+00 1.04397e+01 1.08411e+01 1.08120e+01 9.00000e-01 9.66667e-01 
1.95534e+04 9.65616e+00 7.03529e+00 9.68706e+00 7.60308e+00 9.00000e-01 1.00000e+00 
1.95615e+04 9.29536e+00 6.72732e+00 9.13212e+00 6.74502e+00 1.00000e+00 9.33333e-01 
1.95696e+04 1.10106e+01 8.83940e+00 1.10728e+01 6.82831e+00 9.66667e-01 8.66667e-01 
1.95777e+04 1.11424e+01 6.34930e+00 1.12519e+01 6.09304e+00 9.33333e-01 8.66667e-01 
1.95858e+04 8.59973e+00 8.98010e+00 8.39244e+00 8.76601e+00 1.00000e+00 9.33333e-01 
1.95939e+04 6.18377e+00 7.54741e+00 5.83639e+00 8.12476e+00 1.00000e+00 8.66667e-01 
1.96020e+04 8.72879e+00 7.93777e+00 8.39946e+00 8.91381e+00 9.00000e-01 8.00000e-01 
1.96101e+04 7.62265e+00 1.09187e+01 7.41139e+00 1.15057e+01 9.33333e-01 8.66667e-01 
1.96182e+04 1.14408e+01 1.08751e+01 1.17656e+01 1.11986e+01 9.00000e-01 9.00000e-01 
1.96263e+04 7.77263e+00 8.57627e+00 9.64975e+00 8.78773e+00 9.00000e-01 9.66667e-01 
1.96344e+04 8.60921e+00 7.65570e+00 8.93549e+00 7.75203e+00 9.00000e-01 9.00000e-01 
1.96425e+04 9.44389e+00 9.49465e+00 1.07024e+01 9.45412e+00 9.33333e-01 9.66667e-01 
1.96506e+04 1.15552e+01 5.31580e+00 1.07408e+01 5.05513e+00 9.00000e-01 9.66667e-01 
1.96587e+04 1.04333e+01 7.59626e+00 1.14762e+01 7.42818e+00 9.00000e-01 9.66667e-01 
1.96668e+04 7.76606e+00 7.58321e+00 1.23981e+01 7.90666e+00 9.33333e-01 9.66667e-01 
1.96749e+04 8.20200e+00 5.37034e+00 1.22993e+01 5.59080e+00 9.66667e-01 9.66667e-01 
1.96830e+04 1.13771e+01 7.42364e+00 1.37481e+01 7.63497e+00 9.66667e-01 8.66667e-01 
1.96911e+04 1.31578e+01 4.31543e+00 1.34525e+01 4.64172e+00 9.33333e-01 1.00000e+00 
1.96992e+04 9.03477e+00 7.41081e+00 1.24901e+01 8.85905e+00 9.00000e-01 9.33333e-01 
1.97073e+04 1.28160e+01 9.01281e+00 1.04225e+01 8.68847e+00 9.66667e-01 8.33333e-01 
1.97154e+04 1.28831e+01 7.80157e+00 1.26919e+01 7.72972e+00 9.66667e-01 9.33333e-01 
1.97235e+04 1.09773e+01 8.09367e+00 1.10442e+01 8.10897e+00 9.33333e-01 9.33333e-01 
1.97316e+04 1.11057e+01 7.07264e+00 1.12177e+01 7.25590e+00 9.33333e-01 9.33333e-01 
1.97397e+04 1.02786e+01 7.75520e+00 1.01056e+01 8.12723e+00 9.66667e-01 9.66667e-01 
1.97478e+04 1.00974e+01 7.50865e+00 9.80442e+00 7.88836e+00 9.33333e-01 9.33333e-01 
1.97559e+04 7.60602e+00 7.25731e+00 7.81113e+00 7.53567e+00 9.33333e-01 8.66667e-01 
1.97640e+04 9.10849e+00 9.15325e+00 1.01247e+01 9.25901e+00 9.33333e-01 9.33333e-01 
1.97721e+04 1.39678e+01 8.40553e+00 1.07966e+01 8.92877e+00 9.66667e-01 1.00000e+00 
1.97802e+04 7.37125e+00 1.11008e+01 6.17317e+00 1.28495e+01 8.33333e-01 9.66667e-01 
1.97883e+04 6.90646e+00 1.04384e+01 8.04491e+00 1.03720e+01 9.00000e-01 9.33333e-01 
1.97964e+04 9.10089e+00 1.13803e+01 5.03686e+00 1.15867e+01 9.33333e-01 9.66667e-01 
1.98045e+04 1.11897e+01 1.13324e+01 8.00740e+00 1.13536e+01 8.66667e-01 8.66667e-01 
1.98126e+04 8.64020e+00 1.06924e+01 1.01295e+01 1.11117e+01 9.66667e-01 8.66667e-01 
1.98207e+04 6.03487e+00 1.02854e+01 5.65537e+00 1.07864e+01 9.66667e-01 1.00000e+00 
1.98288e+04 5.47340e+00 9.56438e+00 5.02055e+00 1.02519e+01 9.33333e-01 9.33333e-01 
1.98369e+04 8.85551e+00 1.02876e+01 8.90793e+00 1.01901e+01 9.66667e-01 9.00000e-01 
1.98450e+04 1.00034e+01 9.73915e+00 9.71814e+00 9.72491e+00 9.66667e-01 8.66667e-01 
1.98531e+04 9.08243e+00 1.13116e+01 8.73846e+00 1.09416e+01 9.33333e-01 8.66667e-01 
1.98612e+04 7.74823e+00 7.86770e+00 7.80312e+00 7.44870e+00 9.66667e-01 1.00000e+00 
1.98693e+04 6.15293e+00 7.64723e+00 5.92455e+00 7.33876e+00 9.66667e-01 1.00000e+00 
1.98774e+04 6.23788e+00 8.52244e+00 7.35366e+00 8.19185e+00 8.66667e-01 9.66667e-01 
1.98855e+04 5.65074e+00 7.68170e+00 6.08978e+00 6.74623e+00 9.66667e-01 8.33333e-01 
1.98936e+04 8.38203e+00 5.12042e+00 8.41264e+00 5.43038e+00 9.33333e-01 9.66667e-01 
1.99017e+04 9.42936e+00 8.15966e+00 9.74661e+00 9.08250e+00 9.33333e-01 9.00000e-01 
1.99098e+04 7.59184e+00 6.02953e+00 1.09604e+01 5.89569e+00 9.33333e-01 9.00000e-01 
1.99179e+04 1.06375e+01 8.06606e+00 9.92371e+00 8.34895e+00 9.00000e-01 9.66667e-01 
1.99260e+04 7.58831e+00 7.59081e+00 9.50725e+00 7.51253e+00 9.33333e-01 9.33333e-01 
1.99341e+04 9.05140e+00 8.31210e+00 9.23514e+00 8.14400e+00 9.33333e-01 9.00000e-01 
1.99422e+04 8.20481e+00 9.77763e+00 8.62455e+00 9.50606e+00 9.33333e-01 9.33333e-01 
1.99503e+04 7.91478e+00 9.16257e+00 8.31490e+00 9.69632e+00 9.33333e-01 9.33333e-01 
1.99584e+04 8.23362e+00 1.00109e+01 5.89641e+00 8.30798e+00 9.66667e-01 8.33333e-01 
1.99665e+04 9.05092e+00 1.20368e+01 6.00081e+00 1.21882e+01 9.00000e-01 9.00000e-01 
1.99746e+04 1.15110e+01 1.03927e+01 8.26774e+00 1.02700e+01 8.66667e-01 1.00000e+00 
1.99827e+04 8.84086e+00 1.12111e+01 9.56484e+00 1.09226e+01 9.00000e-01 9.00000e-01 
1.99908e+04 8.03267e+00 9.36893e+00 8.51417e+00 1.09860e+01 9.00000e-01 8.33333e-01 
1.99989e+04 7.58998e+00 1.07759e+01 7.26086e+00 1.15812e+01 9.00000e-01 9.00000e-01 
2.00070e+04 9.06683e+00 9.97769e+00 8.63205e+00 1.03373e+01 8.00000e-01 1.00000e+00 
2.00151e+04 6.96246e+00 1.11118e+01 6.52093e+00 1.13542e+01 9.66667e-01 9.66667e-01 
2.00232e+04 9.64298e+00 1.01789e+01 9.29304e+00 1.05797e+01 9.00000e-01 9.66667e-01 
2.00313e+04 6.78039e+00 9.00971e+00 6.46605e+00 9.55515e+00 9.66667e-01 1.00000e+00 
2.00394e+04 6.27788e+00 1.04490e+01 6.20552e+00 1.08515e+01 9.66667e-01 1.00000e+00 
2.00475e+04 7.27583e+00 1.32147e+01 7.35379e+00 1.30657e+01 9.66667e-01 9.00000e-01 
2.00556e+04 6.29020e+00 8.82158e+00 6.35989e+00 9.16502e+00 9.33333e-01 9.66667e-01 
2.00637e+04 1.06366e+01 8.90436e+00 1.00911e+01 9.01030e+00 1.00000e+00 8.66667e-01 
2.00718e+04 8.01448e+00 9.67374e+00 7.48810e+00 9.70449e+00 9.00000e-01 9.33333e-01 
2.00799e+04 5.88555e+00 9.84373e+00 8.46859e+00 9.16551e+00 9.66667e-01 9.33333e-01 
2.00880e+04 7.57301e+00 1.24427e+01 5.81551e+00 1.22001e+01 9.00000e-01 9.66667e-01 
2.00961e+04 8.98925e+00 1.12023e+01 5.05214e+00 1.09668e+01 9.66667e-01 9.00000e-01 
2.01042e+04 6.25509e+00 1.08374e+01 5.79539e+00 1.09910e+01 9.33333e-01 9.66667e-01 
2.01123e+04 6.31797e+00 1.00768e+01 5.91903e+00 1.01130e+01 8.66667e-01 9.66667e-01 
2.01204e+04 1.02682e+01 9.91253e+00 1.03443e+01 1.12494e+01 9.66667e-01 9.33333e-01 
2.01285e+04 1.09364e+01 1.21198e+01 1.28727e+01 1.13648e+01 9.66667e-01 8.66667e-01 
2.01366e+04 9.29832e+00 1.19860e+01 1.39625e+01 1.33551e+01 9.00000e-01 8.33333e-01 
2.01447e+04 1.02722e+01 1.41800e+01 1.09153e+01 1.40684e+01 9.33333e-01 8.33333e-01 
2.01528e+04 8.66891e+00 1.34888e+01 8.34074e+00 1.42743e+01 9.66667e-01 7.00000e-01 
2.01609e+04 6.67186e+00 1.12319e+01 6.32615e+00 1.10958e+01 9.33333e-01 9.00000e-01 
2.01690e+04 8.75648e+00 1.15595e+01 8.36563e+00 1.13122e+01 1.00000e+00 7.66667e-01 
2.01771e+04 9.05868e+00 1.15670e+01 8.44948e+00 1.15607e+01 9.00000e-01 9.00000e-01 
2.01852e+04 8.58173e+00 1.30557e+01 7.92603e+00 1.11602e+01 9.33333e-01 9.33333e-01 
2.01933e+04 6.51319e+00 9.87102e+00 5.84396e+00 9.49307e+00 9.66667e-01 9.33333e-01 
2.02014e+04 5.60098e+00 9.74525e+00 8.17530e+00 8.94754e+00 9.33333e-01 8.66667e-01 
2.02095e+04 8.63733e+00 6.02916e+00 7.06181e+00 5.86470e+00 9.66667e-01 9.00000e-01 
2.02176e+04 1.24918e+01 7.26475e+00 9.70663e+00 6.58319e+00 8.66667e-01 9.33333e-01 
2.02257e+04 9.42041e+00 6.02528e+00 1.23458e+01 5.24886e+00 9.66667e-01 9.33333e-01 
2.02338e+04 1.10985e+01 6.83022e+00 1.16795e+01 1.09921e+01 9.66667e-01 8.66667e-01 
2.02419e+04 7.99095e+00 4.01120e+00 1.19915e+01 9.64097e+00 9.33333e-01 9.00000e-01 
2.02500e+04 1.19296e+01 9.15511e+00 1.30062e+01 8.28279e+00 9.66667e-01 9.00000e-01 
2.02581e+04 1.03579e+01 7.82091e+00 1.05244e+01 7.11511e+00 9.66667e-01 1.00000e+00 
2.02662e+04 1.07285e+01 7.25164e+00 1.14655e+01 6.88107e+00 9.33333e-01 9.33333e-01 
2.02743e+04 1.17574e+01 7.13188e+00 1.09782e+01 7.18561e+00 8.66667e-01 9.00000e-01 
2.02824e+04 1.42865e+01 9.42320e+00 1.09614e+01 8.16146e+00 9.00000e-01 9.00000e-01 
2.02905e+04 1.44660e+01 9.17473e+00 5.46476e+00 7.44436e+00 9.00000e-01 8.66667e-01 
2.02986e+04 1.38138e+01 7.31822e+00 1.05602e+01 8.64804e+00 9.33333e-01 9.00000e-01 
2.03067e+04 1.37273e+01 1.05512e+01 1.48346e+01 1.00375e+01 9.00000e-01 9.33333e-01 
2.03148e+04 1.23135e+01 1.04829e+01 1.35109e+01 1.02194e+01 9.33333e-01 9.33333e-01 
2.03229e+04 1.19729e+01 1.46792e+01 1.24655e+01 1.06811e+01 9.33333e-01 9.00000e-01 
2.03310e+04 8.68847e+00 9.68541e+00 9.26895e+00 7.12989e+00 9.00000e-01 8.66667e-01 
2.03391e+04 1.15153e+01 1.06220e+01 1.18491e+01 9.35479e+00 9.66667e-01 8.66667e-01 
2.03472e+04 1.30826e+01 1.26486e+01 1.34070e+01 1.08762e+01 9.66667e-01 9.66667e-01 
2.03553e+04 1.25941e+01 1.24290e+01 1.54188e+01 1.27258e+01 8.66667e-01 9.66667e-01 
2.03634e+04 1.51896e+01 1.26938e+01 1.25589e+01 1.27171e+01 9.66667e-01 9.33333e-01 
2.03715e+04 1.13676e+01 1.31163e+01 1.41807e+01 1.53067e+01 9.33333e-01 8.66667e-01 
2.03796e+04 1.32279e+01 1.02427e+01 1.31352e+01 1.10739e+01 1.00000e+00 8.66667e-01 
2.03877e+04 1.52143e+01 1.20508e+01 1.50753e+01 1.36605e+01 9.66667e-01 8.66667e-01 
2.03958e+04 1.21136e+01 1.59066e+01 1.18426e+01 1.35465e+01 9.33333e-01 9.00000e-01 
2.04039e+04 1.05448e+01 1.28297e+01 1.05827e+01 1.18985e+01 9.33333e-01 8.66667e-01 
2.04120e+04 1.10391e+01 1.17352e+01 1.11792e+01 1.19382e+01 9.00000e-01 9.33333e-01 
2.04201e+04 1.21245e+01 1.02329e+01 1.15236e+01 1.03186e+01 8.66667e-01 9.33333e-01 
2.04282e+04 8.25982e+00 1.13718e+01 1.13206e+01 1.16082e+01 9.00000e-01 9.66667e-01 
2.04363e+04 5.79450e+00 1.17467e+01 6.69595e+00 1.16717e+01 8.66667e-01 9.66667e-01 
2.04444e+04 5.54572e+00 1.08763e+01 9.47118e+00 1.09608e+01 9.33333e-01 9.66667e-01 
2.04525e+04 6.63076e+00 1.15753e+01 8.28347e+00 8.89347e+00 8.33333e-01 9.33333e-01 
2.04606e+04 5.16044e+00 1.09474e+01 1.18443e+01 1.02718e+01 9.00000e-01 9.33333e-01 
2.04687e+04 7.74926e+00 1.15320e+01 1.04828e+01 1.20053e+01 9.33333e-01 8.66667e-01 
2.04768e+04 9.10555e+00 1.17991e+01 9.92457e+00 1.20292e+01 9.00000e-01 9.00000e-01 
2.04849e+04 1.12032e+01 1.29747e+01 1.19045e+01 1.32897e+01 9.00000e-01 9.33333e-01 
2.04930e+04 7.70401e+00 1.09350e+01 8.71825e+00 1.08892e+01 9.66667e-01 9.33333e-01 
2.05011e+04 8.62917e+00 1.28096e+01 8.91182e+00 1.42976e+01 9.33333e-01 8.33333e-01 
2.05092e+04 7.14125e+00 1.12170e+01 6.92778e+00 1.10844e+01 9.00000e-01 9.33333e-01 
2.05173e+04 8.75451e+00 1.51292e+01 8.27429e+00 1.49478e+01 8.66667e-01 9.00000e-01 
2.05254e+04 6.15025e+00 1.38416e+01 5.80210e+00 1.39168e+01 9.66667e-01 9.33333e-01 
2.05335e+04 1.00657e+01 1.26970e+01 9.80380e+00 1.27394e+01 1.00000e+00 9.00000e-01 
2.05416e+04 9.05532e+00 1.23288e+01 9.17099e+00 1.17440e+01 8.66667e-01 9.33333e-01 
2.05497e+04 5.99067e+00 1.23188e+01 6.13779e+00 1.15632e+01 9.66667e-01 9.66667e-01 
2.05578e+04 4.19843e+00 1.21805e+01 3.80052e+00 1.17989e+01 9.66667e-01 9.33333e-01 
2.05659e+04 1.06011e+01 1.40271e+01 9.35179e+00 1.37528e+01 9.66667e-01 1.00000e+00 
2.05740e+04 9.02839e+00 1.33468e+01 8.73865e+00 1.31290e+01 9.66667e-01 1.00000e+00 
2.05821e+04 8.08558e+00 1.51963e+01 7.64863e+00 1.51601e+01 9.33333e-01 9.66667e-01 
2.05902e+04 5.30887e+00 1.45948e+01 5.49970e+00 1.44717e+01 9.33333e-01 9.33333e-01 
2.05983e+04 5.09435e+00 1.19148e+01 4.82778e+00 1.22425e+01 9.33333e-01 9.66667e-01 
2.06064e+04 4.88623e+00 1.23436e+01 4.87175e+00 1.25486e+01 9.66667e-01 8.33333e-01 
2.06145e+04 1.01096e+01 1.28183e+01 1.01285e+01 1.31760e+01 1.00000e+00 1.00000e+00 
2.06226e+04 9.22569e+00 1.31332e+01 8.12213e+00 1.31082e+01 9.33333e-01 9.66667e-01 
2.06307e+04 1.03114e+01 1.40421e+01 9.01834e+00 1.39438e+01 9.00000e-01 9.00000e-01 
2.06388e+04 1.05754e+01 1.38696e+01 4.82774e+00 1.37086e+01 8.33333e-01 9.33333e-01 
2.06469e+04 1.12500e+01 1.69370e+01 1.16349e+01 1.81553e+01 9.00000e-01 9.00000e-01 
2.06550e+04 9.41364e+00 1.56867e+01 9.81261e+00 1.55114e+01 8.66667e-01 9.33333e-01 
2.06631e+04 1.00256e+01 1.42781e+01 5.87731e+00 1.41052e+01 8.66667e-01 1.00000e+00 
2.06712e+04 1.02015e+01 1.33869e+01 9.76150e+00 1.33310e+01 9.33333e-01 9.33333e-01 
2.06793e+04 9.23823e+00 1.34048e+01 9.10344e+00 1.30553e+01 9.00000e-01 8.33333e-01 
2.06874e+04 7.31291e+00 1.61094e+01 1.06772e+01 1.58479e+01 9.00000e-01 8.66667e-01 
2.06955e+04 9.48648e+00 1.87038e+01 8.04823e+00 1.87710e+01 9.00000e-01 8.00000e-01 
2.07036e+04 1.07511e+01 1.86302e+01 6.53423e+00 1.87109e+01 8.00000e-01 8.00000e-01 
2.07117e+04 1.03446e+01 1.61004e+01 8.32675e+00 1.61778e+01 9.33333e-01 9.33333e-01 
2.07198e+04 7.94374e+00 1.66128e+01 1.02900e+01 1.60923e+01 9.33333e-01 8.66667e-01 
2.07279e+04 8.07713e+00 1.53149e+01 8.94181e+00 1.40365e+01 9.33333e-01 8.66667e-01 
2.07360e+04 6.47486e+00 1.21550e+01 9.81587e+00 1.16551e+01 8.00000e-01 8.33333e-01 
2.07441e+04 5.13029e+00 1.50306e+01 9.39957e+00 1.46846e+01 9.00000e-01 9.33333e-01 
2.07522e+04 7.31288e+00 1.38942e+01 1.15200e+01 1.27111e+01 9.00000e-01 9.00000e-01 
2.07603e+04 5.44791e+00 1.43031e+01 9.35155e+00 1.43248e+01 8.66667e-01 9.66667e-01 
2.07684e+04 8.87223e+00 1.17921e+01 9.60680e+00 1.33061e+01 9.33333e-01 9.33333e-01 
2.07765e+04 9.99586e+00 1.54505e+01 9.60479e+00 1.50691e+01 9.66667e-01 9.66667e-01 
2.07846e+04 8.15321e+00 1.34143e+01 9.97110e+00 1.33513e+01 8.33333e-01 8.66667e-01 
2.07927e+04 9.27750e+00 1.64948e+01 8.88753e+00 1.57354e+01 9.33333e-01 9.00000e-01 
2.08008e+04 9.04413e+00 1.34122e+01 9.73117e+00 1.69972e+01 8.33333e-01 9.00000e-01 
2.08089e+04 8.13673e+00 1.48112e+01 7.90007e+00 1.50223e+01 9.33333e-01 8.66667e-01 
2.08170e+04 8.72192e+00 1.48637e+01 8.86839e+00 1.53292e+01 9.33333e-01 9.00000e-01 
2.08251e+04 7.60662e+00 1.55190e+01 8.58837e+00 1.54898e+01 9.66667e-01 9.33333e-01 
2.08332e+04 1.00285e+01 1.45572e+01 1.09953e+01 1.48286e+01 9.33333e-01 8.66667e-01 
2.08413e+04 7.75281e+00 1.57218e+01 8.31990e+00 1.59462e+01 1.00000e+00 9.66667e-01 
2.08494e+04 5.50694e+00 1.69258e+01 7.15775e+00 1.67210e+01 9.33333e-01 9.33333e-01 
2.08575e+04 4.05527e+00 1.61552e+01 4.57128e+00 1.62806e+01 9.33333e-01 9.33333e-01 
2.08656e+04 5.09160e+00 1.66310e+01 5.11041e+00 1.67418e+01 9.66667e-01 9.33333e-01 
2.08737e+04 4.63484e+00 1.60276e+01 6.83129e+00 1.65046e+01 9.00000e-01 8.33333e-01 
2.08818e+04 6.20001e+00 1.62943e+01 6.59650e+00 1.63278e+01 9.66667e-01 9.33333e-01 
2.08899e+04 8.01611e+00 1.55240e+01 6.99135e+00 1.50663e+01 8.66667e-01 9.66667e-01 
2.08980e+04 7.21712e+00 1.51562e+01 9.76636e+00 1.48084e+01 9.00000e-01 9.66667e-01 
2.09061e+04 3.24713e+00 1.53053e+01 4.06073e+00 1.55421e+01 8.33333e-01 1.00000e+00 
2.09142e+04 5.72573e+00 1.54369e+01 3.53394e+00 1.52406e+01 8.66667e-01 9.66667e-01 
2.09223e+04 4.47528e+00 1.64115e+01 4.49835e+00 1.50417e+01 9.33333e-01 9.33333e-01 
2.09304e+04 2.51320e+00 1.36140e+01 1.99077e+00 1.79216e+01 1.00000e+00 9.00000e-01 
2.09385e+04 4.91010e+00 1.60480e+01 4.65381e+00 1.64325e+01 9.33333e-01 9.33333e-01 
2.09466e+04 2.64663e+00 1.64086e+01 2.20114e+00 1.66233e+01 9.33333e-01 1.00000e+00 
2.09547e+04 3.95023e+00 1.93344e+01 3.66090e+00 1.95403e+01 1.00000e+00 9.66667e-01 
2.09628e+04 5.04799e+00 1.87170e+01 5.30196e+00 1.62584e+01 9.00000e-01 9.33333e-01 
2.09709e+04 3.84005e+00 1.95997e+01 4.47682e+00 1.86162e+01 9.33333e-01 9.33333e-01 
2.09790e+04 5.91205e+00 1.75413e+01 5.17659e+00 1.78736e+01 9.66667e-01 9.33333e-01 
2.09871e+04 3.70246e+00 2.11830e+01 3.30887e+00 2.13652e+01 9.00000e-01 8.66667e-01 
2.09952e+04 3.68883e+00 1.71799e+01 3.38371e+00 1.86795e+01 9.00000e-01 9.00000e-01 
2.10033e+04 2.03126e+00 1.78582e+01 1.56884e+00 1.93197e+01 9.33333e-01 9.33333e-01 
2.10114e+04 2.13101e+00 1.86530e+01 2.55590e+00 1.85863e+01 8.33333e-01 9.66667e-01 
2.10195e+04 3.09129e+00 1.79247e+01 2.62937e+00 1.80078e+01 9.00000e-01 9.00000e-01 
2.10276e+04 1.65310e+00 1.84364e+01 1.81233e+00 1.83183e+01 9.33333e-01 9.66667e-01 
2.10357e+04 3.53162e+00 1.58382e+01 3.94916e+00 1.94751e+01 9.00000e-01 9.33333e-01 
2.10438e+04 3.80484e+00 1.64279e+01 3.88999e+00 1.62292e+01 9.33333e-01 9.33333e-01 
2.10519e+04 6.88121e+00 1.58790e+01 4.87286e+00 1.56683e+01 9.00000e-01 1.00000e+00 
2.10600e+04 7.82704e+00 1.57418e+01 6.09257e+00 1.55914e+01 9.00000e-01 8.66667e-01 
2.10681e+04 7.98110e+00 1.71685e+01 7.33016e+00 1.54131e+01 9.66667e-01 8.66667e-01 
2.10762e+04 5.19733e+00 1.49542e+01 4.37466e+00 1.53116e+01 9.66667e-01 9.00000e-01 
2.10843e+04 8.38529e+00 1.55562e+01 7.96576e+00 1.29763e+01 9.33333e-01 8.33333e-01 
2.10924e+04 7.31964e+00 1.68934e+01 7.08318e+00 1.59113e+01 9.33333e-01 8.00000e-01 
2.11005e+04 5.41225e+00 2.05264e+01 5.58771e+00 1.81948e+01 9.00000e-01 8.00000e-01 
2.11086e+04 4.30304e+00 1.41459e+01 4.54512e+00 1.54228e+01 9.33333e-01 8.33333e-01 
2.11167e+04 4.56637e+00 1.50470e+01 4.45308e+00 1.36136e+01 8.66667e-01 8.33333e-01 
2.11248e+04 3.38841e+00 1.79914e+01 3.28748e+00 1.37170e+01 9.66667e-01 9.00000e-01 
2.11329e+04 6.30160e+00 1.30668e+01 6.22671e+00 1.34283e+01 9.00000e-01 8.66667e-01 
2.11410e+04 6.01641e+00 1.38474e+01 6.70405e+00 1.52981e+01 9.00000e-01 8.66667e-01 
2.11491e+04 6.26411e+00 1.37199e+01 4.56843e+00 1.45104e+01 9.33333e-01 8.33333e-01 
2.11572e+04 6.24609e+00 1.23079e+01 6.04076e+00 1.37799e+01 9.66667e-01 8.00000e-01 
2.11653e+04 5.26198e+00 1.25667e+01 4.80743e+00 1.35842e+01 9.33333e-01 8.33333e-01 
2.11734e+04 6.42753e+00 1.36563e+01 6.45060e+00 1.35239e+01 9.66667e-01 9.33333e-01 
2.11815e+04 6.50081e+00 1.04334e+01 6.96320e+00 1.02588e+01 9.00000e-01 9.00000e-01 
2.11896e+04 5.20979e+00 1.14471e+01 3.90655e+00 1.17493e+01 9.33333e-01 9.00000e-01 
2.11977e+04 2.88834e+00 1.47671e+01 6.31876e+00 1.49437e+01 8.33333e-01 9.66667e-01 
2.12058e+04 6.19914e+00 1.18516e+01 7.34689e+00 1.18343e+01 9.33333e-01 9.33333e-01 
2.12139e+04 6.07292e+00 1.29240e+01 6.73447e+00 1.32614e+01 8.33333e-01 1.00000e+00 
2.12220e+04 3.95293e+00 1.12658e+01 4.01620e+00 1.11355e+01 8.33333e-01 9.66667e-01 
2.12301e+04 3.12224e+00 9.06460e+00 3.24387e+00 6.58530e+00 9.66667e-01 8.66667e-01 
2.12382e+04 4.75466e+00 7.89532e+00 5.22929e+00 7.38705e+00 9.66667e-01 9.00000e-01 
2.12463e+04 7.47330e+00 6.88115e+00 7.36898e+00 6.69956e+00 8.66667e-01 8.66667e-01 
2.12544e+04 7.15493e+00 7.00165e+00 7.64652e+00 8.40355e+00 9.66667e-01 9.00000e-01 
2.12625e+04 6.68676e+00 1.10555e+01 6.65372e+00 1.10096e+01 9.66667e-01 9.66667e-01 
2.12706e+04 7.72284e+00 7.83144e+00 7.56680e+00 8.67348e+00 1.00000e+00 8.33333e-01 
2.12787e+04 8.88067e+00 9.42166e+00 8.62900e+00 8.93969e+00 9.66667e-01 9.00000e-01 
2.12868e+04 5.82891e+00 9.99378e+00 5.97568e+00 1.02260e+01 9.66667e-01 1.00000e+00 
2.12949e+04 7.36384e+00 6.31816e+00 6.52440e+00 6.85397e+00 9.33333e-01 9.66667e-01 
2.13030e+04 5.63139e+00 4.74154e+00 5.91701e+00 5.07030e+00 9.33333e-01 9.66667e-01 
2.13111e+04 7.14579e+00 6.98804e+00 7.39723e+00 7.56802e+00 9.33333e-01 9.00000e-01 
2.13192e+04 7.13814e+00 9.02515e+00 7.38535e+00 1.02457e+01 9.33333e-01 8.66667e-01 
2.13273e+04 6.86133e+00 7.50011e+00 7.26081e+00 7.48149e+00 1.00000e+00 9.66667e-01 
2.13354e+04 5.95910e+00 9.17143e+00 6.37245e+00 9.36044e+00 9.33333e-01 9.33333e-01 
2.13435e+04 7.84263e+00 9.03317e+00 8.42006e+00 9.25890e+00 9.33333e-01 9.66667e-01 
2.13516e+04 8.26426e+00 6.84055e+00 8.63821e+00 7.15176e+00 9.33333e-01 9.66667e-01 
2.13597e+04 9.72697e+00 1.10011e+01 1.01078e+01 1.10094e+01 7.33333e-01 1.00000e+00 
2.13678e+04 7.23503e+00 7.18088e+00 7.56105e+00 1.02318e+01 9.00000e-01 9.00000e-01 
2.13759e+04 6.36174e+00 1.00805e+01 6.45653e+00 1.04381e+01 8.33333e-01 8.66667e-01 
2.13840e+04 1.15520e+01 7.33361e+00 1.14918e+01 7.04120e+00 9.00000e-01 9.66667e-01 
2.13921e+04 9.03384e+00 8.01153e+00 8.64906e+00 6.53002e+00 1.00000e+00 9.66667e-01 
2.14002e+04 7.99301e+00 8.87303e+00 7.55638e+00 8.13795e+00 1.00000e+00 9.33333e-01 
2.14083e+04 6.81421e+00 8.06562e+00 6.37818e+00 7.77911e+00 9.00000e-01 9.00000e-01 
2.14164e+04 5.87547e+00 6.75389e+00 6.04169e+00 6.54914e+00 9.33333e-01 1.00000e+00 
2.14245e+04 4.68321e+00 1.00467e+01 4.60172e+00 1.01377e+01 9.66667e-01 9.00000e-01 
2.14326e+04 6.31042e+00 9.47516e+00 5.80498e+00 8.61937e+00 1.00000e+00 8.66667e-01 
2.14407e+04 8.02128e+00 6.88571e+00 7.61493e+00 7.22188e+00 8.66667e-01 9.00000e-01 
2.14488e+04 8.90067e+00 5.68098e+00 8.87944e+00 7.64583e+00 9.66667e-01 8.00000e-01 
2.14569e+04 7.94458e+00 5.79057e+00 8.06877e+00 5.54656e+00 1.00000e+00 9.66667e-01 
2.14650e+04 7.42433e+00 6.64876e+00 7.86077e+00 6.43063e+00 9.33333e-01 9.33333e-01 
2.14731e+04 7.87067e+00 9.62185e+00 9.03254e+00 9.20030e+00 9.33333e-01 9.33333e-01 
2.14812e+04 8.43012e+00 9.54599e+00 8.29734e+00 9.25063e+00 9.00000e-01 9.33333e-01 
2.14893e+04 8.14063e+00 9.18219e+00 7.79224e+00 8.88381e+00 8.66667e-01 9.00000e-01 
2.14974e+04 9.71107e+00 8.29735e+00 9.55841e+00 8.03014e+00 8.33333e-01 9.33333e-01 
2.15055e+04 9.55123e+00 7.79171e+00 1.02827e+01 7.67990e+00 9.66667e-01 9.33333e-01 
2.15136e+04 7.95544e+00 9.36911e+00 7.64388e+00 9.34963e+00 9.33333e-01 8.66667e-01 
2.15217e+04 6.71191e+00 7.68551e+00 6.14404e+00 7.41898e+00 9.00000e-01 8.66667e-01 
2.15298e+04 6.51262e+00 9.62902e+00 6.08660e+00 9.51025e+00 9.00000e-01 9.33333e-01 
2.15379e+04 7.33838e+00 8.66142e+00 6.87597e+00 8.70703e+00 9.66667e-01 1.00000e+00 
2.15460e+04 5.48366e+00 9.47900e+00 4.75462e+00 9.55709e+00 9.33333e-01 9.66667e-01 
2.15541e+04 9.71231e+00 7.91076e+00 8.08788e+00 8.34872e+00 9.00000e-01 8.66667e-01 
2.15622e+04 9.59022e+00 7.65554e+00 7.59216e+00 8.49071e+00 8.33333e-01 9.00000e-01 
2.15703e+04 1.13380e+01 1.04722e+01 1.00485e+01 7.58539e+00 9.00000e-01 8.66667e-01 
2.15784e+04 8.51308e+00 1.14015e+01 5.71874e+00 1.11912e+01 9.66667e-01 9.00000e-01 
2.15865e+04 5.98094e+00 8.49286e+00 3.45958e+00 1.00354e+01 9.33333e-01 9.66667e-01 
2.15946e+04 1.09437e+01 7.53744e+00 6.95978e+00 7.09963e+00 9.00000e-01 9.33333e-01 
2.16027e+04 8.07777e+00 9.32557e+00 8.19361e+00 9.52935e+00 9.00000e-01 9.33333e-01 
2.16108e+04 7.37523e+00 1.19472e+01 8.16704e+00 1.19796e+01 8.33333e-01 9.00000e-01 
2.16189e+04 8.34780e+00 1.34150e+01 1.06306e+01 1.38817e+01 7.66667e-01 9.00000e-01 
2.16270e+04 7.96672e+00 1.09881e+01 8.21418e+00 1.12078e+01 9.00000e-01 9.33333e-01 
2.16351e+04 7.68181e+00 1.07049e+01 7.56823e+00 1.09854e+01 8.66667e-01 8.33333e-01 
2.16432e+04 4.83516e+00 1.32026e+01 9.04994e+00 1.28926e+01 9.66667e-01 8.66667e-01 
2.16513e+04 9.91803e+00 1.20204e+01 7.91428e+00 1.24843e+01 8.66667e-01 8.66667e-01 
2.16594e+04 7.06156e+00 1.21968e+01 5.77578e+00 1.15939e+01 9.00000e-01 9.33333e-01 
2.16675e+04 6.14129e+00 1.35059e+01 1.01906e+01 1.32333e+01 7.66667e-01 9.00000e-01 
2.16756e+04 7.30090e+00 1.25265e+01 1.06356e+01 1.23743e+01 9.33333e-01 9.33333e-01 
2.16837e+04 9.73606e+00 1.30543e+01 1.04061e+01 1.25296e+01 8.00000e-01 9.33333e-01 
2.16918e+04 7.91356e+00 1.09001e+01 6.36372e+00 1.03690e+01 9.33333e-01 9.00000e-01 
2.16999e+04 6.49809e+00 1.09317e+01 8.00612e+00 1.06638e+01 9.00000e-01 1.00000e+00 
2.17080e+04 9.96514e+00 1.23665e+01 1.13300e+01 1.19286e+01 8.66667e-01 9.66667e-01 
2.17161e+04 5.75294e+00 9.11783e+00 5.74533e+00 9.69021e+00 1.00000e+00 9.66667e-01 
2.17242e+04 8.00115e+00 8.57015e+00 8.01565e+00 1.02651e+01 8.66667e-01 9.66667e-01 
2.17323e+04 6.95402e+00 9.94151e+00 8.02489e+00 1.03730e+01 9.33333e-01 9.66667e-01 
2.17404e+04 9.84496e+00 9.64075e+00 5.90647e+00 9.66000e+00 9.33333e-01 1.00000e+00 
2.17485e+04 7.00749e+00 1.28010e+01 6.13455e+00 1.12882e+01 8.66667e-01 9.33333e-01 
2.17566e+04 7.91317e+00 7.75949e+00 7.26737e+00 1.05239e+01 9.33333e-01 8.66667e-01 
2.17647e+04 9.23030e+00 1.13098e+01 8.79470e+00 1.07728e+01 9.66667e-01 9.66667e-01 
2.17728e+04 5.83375e+00 1.12806e+01 1.05486e+01 1.08409e+01 8.00000e-01 9.66667e-01 
2.17809e+04 6.89263e+00 1.43303e+01 7.73659e+00 1.10981e+01 9.00000e-01 9.00000e-01 
2.17890e+04 6.26436e+00 1.21858e+01 7.19538e+00 1.19692e+01 9.00000e-01 9.66667e-01 
2.17971e+04 6.25398e+00 9.81506e+00 7.39629e+00 9.44821e+00 9.33333e-01 9.33333e-01 
2.18052e+04 7.79752e+00 1.35917e+01 8.11715e+00 1.35377e+01 9.33333e-01 9.00000e-01 
2.18133e+04 8.95552e+00 1.07455e+01 9.15338e+00 1.00360e+01 1.00000e+00 9.33333e-01 
2.18214e+04 6.42859e+00 8.51529e+00 6.78637e+00 8.52749e+00 9.33333e-01 9.33333e-01 
2.18295e+04 6.28581e+00 9.55924e+00 6.51911e+00 9.65714e+00 9.66667e-01 8.33333e-01 
2.18376e+04 7.42092e+00 8.88724e+00 7.97494e+00 8.44809e+00 9.33333e-01 9.00000e-01 
2.18457e+04 6.18084e+00 9.64814e+00 6.26868e+00 9.51374e+00 8.66667e-01 9.66667e-01 
2.18538e+04 8.75692e+00 1.10341e+01 8.90679e+00 1.08399e+01 9.00000e-01 9.33333e-01 
2.18619e+04 5.65768e+00 1.10397e+01 5.45659e+00 1.11540e+01 9.66667e-01 9.33333e-01 
2.18700e+04 8.89822e+00 8.79375e+00 9.36262e+00 8.70418e+00 1.00000e+00 9.66667e-01 
2.18781e+04 8.03130e+00 1.05081e+01 8.27291e+00 1.01480e+01 8.66667e-01 9.66667e-01 
2.18862e+04 8.13392e+00 9.69669e+00 8.30125e+00 9.44956e+00 9.66667e-01 1.00000e+00 
2.18943e+04 7.07347e+00 9.63407e+00 5.57456e+00 9.49335e+00 9.33333e-01 1.00000e+00 
2.19024e+04 5.37817e+00 1.19960e+01 6.14865e+00 8.75600e+00 9.66667e-01 9.00000e-01 
2.19105e+04 7.12793e+00 1.00161e+01 5.97071e+00 9.97163e+00 9.66667e-01 9.66667e-01 
2.19186e+04 5.68719e+00 1.00420e+01 4.80592e+00 9.97947e+00 8.66667e-01 8.66667e-01 
2.19267e+04 5.00962e+00 9.50885e+00 4.46803e+00 1.00232e+01 8.66667e-01 9.00000e-01 
2.19348e+04 6.13320e+00 8.75742e+00 5.98680e+00 9.92067e+00 1.00000e+00 8.66667e-01 
2.19429e+04 3.42365e+00 1.04971e+01 3.16273e+00 1.08371e+01 9.66667e-01 9.66667e-01 
2.19510e+04 5.26018e+00 9.36263e+00 5.13740e+00 9.45537e+00 9.00000e-01 9.33333e-01 
2.19591e+04 5.39831e+00 8.51161e+00 4.99479e+00 9.23597e+00 1.00000e+00 9.33333e-01 
2.19672e+04 5.92920e+00 7.50205e+00 5.88896e+00 1.11551e+01 9.66667e-01 8.66667e-01 
2.19753e+04 5.41410e+00 7.95469e+00 5.62778e+00 1.00117e+01 9.33333e-01 9.33333e-01 
2.19834e+04 6.98635e+00 9.65502e+00 1.00596e+01 6.92860e+00 9.33333e-01 8.33333e-01 
2.19915e+04 5.44835e+00 7.13233e+00 5.36697e+00 8.60731e+00 9.33333e-01 9.00000e-01 
2.19996e+04 8.72923e+00 7.20089e+00 8.37110e+00 6.72977e+00 9.33333e-01 8.33333e-01 
2.20077e+04 8.29159e+00 7.79152e+00 8.02252e+00 7.90819e+00 9.66667e-01 8.66667e-01 
2.20158e+04 6.12303e+00 9.60280e+00 6.57431e+00 1.03673e+01 9.00000e-01 9.66667e-01 
2.20239e+04 5.65453e+00 8.92966e+00 4.58254e+00 1.01873e+01 9.33333e-01 8.66667e-01 
2.20320e+04 5.14415e+00 1.00010e+01 3.17876e+00 9.90860e+00 9.33333e-01 9.33333e-01 
2.20401e+04 6.25714e+00 9.29124e+00 4.94356e+00 9.56262e+00 9.00000e-01 9.33333e-01 
2.20482e+04 9.44090e+00 9.70862e+00 5.61966e+00 1.03336e+01 9.33333e-01 9.33333e-01 
2.20563e+04 8.65813e+00 1.08505e+01 7.10024e+00 1.18811e+01 9.33333e-01 9.66667e-01 
2.20644e+04 5.98456e+00 8.12186e+00 5.83370e+00 7.58665e+00 8.00000e-01 9.33333e-01 
2.20725e+04 9.25097e+00 1.12188e+01 9.53658e+00 1.15649e+01 9.66667e-01 9.00000e-01 
2.20806e+04 8.95198e+00 1.45179e+01 9.58400e+00 1.25184e+01 9.66667e-01 8.66667e-01 
2.20887e+04 8.72843e+00 1.26778e+01 8.19478e+00 1.29785e+01 9.66667e-01 9.00000e-01 
2.20968e+04 8.70963e+00 1.06244e+01 8.52069e+00 1.21763e+01 9.33333e-01 8.66667e-01 
2.21049e+04 4.97705e+00 1.24401e+01 4.48077e+00 1.05039e+01 9.66667e-01 8.66667e-01 
2.21130e+04 6.61371e+00 1.48547e+01 6.60170e+00 7.89724e+00 9.33333e-01 8.33333e-01 
2.21211e+04 6.62715e+00 1.26278e+01 6.72741e+00 9.32682e+00 9.66667e-01 9.00000e-01 
2.21292e+04 8.10704e+00 1.18350e+01 7.57467e+00 8.42268e+00 9.00000e-01 9.33333e-01 
2.21373e+04 9.65774e+00 1.12097e+01 9.13422e+00 1.35135e+01 8.33333e-01 9.33333e-01 
2.21454e+04 1.02434e+01 1.44612e+01 1.17845e+01 8.60048e+00 9.33333e-01 8.66667e-01 
2.21535e+04 6.92634e+00 1.48033e+01 7.39617e+00 1.14538e+01 9.00000e-01 8.33333e-01 
2.21616e+04 5.68448e+00 1.42420e+01 7.39324e+00 1.34844e+01 9.00000e-01 9.00000e-01 
2.21697e+04 7.53064e+00 1.33320e+01 9.10689e+00 1.32005e+01 9.66667e-01 8.33333e-01 
2.21778e+04 8.42173e+00 1.06289e+01 6.66275e+00 1.32678e+01 9.00000e-01 9.33333e-01 
2.21859e+04 1.02327e+01 1.54238e+01 8.03446e+00 1.52913e+01 9.00000e-01 9.33333e-01 
2.21940e+04 7.95163e+00 1.50210e+01 8.50782e+00 1.31840e+01 9.33333e-01 8.66667e-01 
2.22021e+04 8.97680e+00 1.28927e+01 6.69520e+00 1.27922e+01 9.33333e-01 8.66667e-01 
2.22102e+04 8.05673e+00 1.45950e+01 7.85907e+00 1.34702e+01 1.00000e+00 8.66667e-01 
2.22183e+04 9.73868e+00 1.36976e+01 9.43995e+00 1.37444e+01 9.33333e-01 9.33333e-01 
2.22264e+04 8.68812e+00 1.49340e+01 8.22006e+00 1.48138e+01 9.66667e-01 9.66667e-01 
2.22345e+04 9.91838e+00 1.51438e+01 9.41402e+00 1.46297e+01 1.00000e+00 8.66667e-01 
2.22426e+04 7.64707e+00 1.31114e+01 7.54295e+00 1.16799e+01 9.33333e-01 8.00000e-01 
2.22507e+04 6.37874e+00 1.43723e+01 6.18141e+00 1.42605e+01 9.33333e-01 9.66667e-01 
2.22588e+04 6.26143e+00 1.22996e+01 4.11239e+00 1.20258e+01 9.00000e-01 8.66667e-01 
2.22669e+04 6.40385e+00 1.40169e+01 6.01462e+00 1.40138e+01 9.33333e-01 9.33333e-01 
2.22750e+04 4.07148e+00 1.08043e+01 6.42027e+00 1.07344e+01 9.33333e-01 9.33333e-01 
2.22831e+04 6.56949e+00 1.28590e+01 7.12879e+00 1.33669e+01 9.00000e-01 9.00000e-01 
2.22912e+04 5.38116e+00 1.36741e+01 5.60774e+00 1.38256e+01 8.66667e-01 1.00000e+00 
2.22993e+04 4.32269e+00 1.39125e+01 4.49442e+00 1.40398e+01 1.00000e+00 9.66667e-01 
2.23074e+04 4.74839e+00 1.00747e+01 5.07508e+00 1.06081e+01 9.66667e-01 9.33333e-01 
2.23155e+04 5.46657e+00 1.08254e+01 5.56691e+00 1.03370e+01 9.66667e-01 9.66667e-01 
2.23236e+04 4.02736e+00 1.07115e+01 3.87408e+00 1.08366e+01 9.00000e-01 1.00000e+00 
2.23317e+04 5.23041e+00 1.25023e+01 5.48259e+00 1.40069e+01 8.66667e-01 9.33333e-01 
2.23398e+04 8.86684e+00 5.78242e+00 8.22463e+00 1.40090e+01 8.66667e-01 8.33333e-01 
2.23479e+04 7.84111e+00 1.06648e+01 9.30732e+00 1.08065e+01 8.66667e-01 9.66667e-01 
2.23560e+04 5.90714e+00 1.04101e+01 7.25231e+00 1.05932e+01 9.33333e-01 8.00000e-01 
2.23641e+04 3.09136e+00 8.48395e+00 6.12551e+00 9.77405e+00 8.66667e-01 9.33333e-01 
2.23722e+04 3.97768e+00 1.12203e+01 6.38241e+00 1.15966e+01 9.00000e-01 8.33333e-01 
2.23803e+04 4.74906e+00 1.11694e+01 8.45359e+00 1.11193e+01 9.33333e-01 9.66667e-01 
2.23884e+04 5.56446e+00 9.98719e+00 4.37193e+00 9.62982e+00 9.00000e-01 9.33333e-01 
2.23965e+04 4.79158e+00 9.37000e+00 5.22996e+00 9.37169e+00 9.00000e-01 1.00000e+00 
2.24046e+04 6.15023e+00 1.01410e+01 6.24064e+00 1.01721e+01 9.33333e-01 9.33333e-01 
2.24127e+04 6.28296e+00 6.11077e+00 6.74809e+00 6.80421e+00 9.00000e-01 9.33333e-01 
2.24208e+04 4.08366e+00 8.07818e+00 4.42510e+00 8.39835e+00 9.33333e-01 9.00000e-01 
2.24289e+04 4.67049e+00 1.10733e+01 5.01040e+00 9.46848e+00 8.66667e-01 9.33333e-01 
2.24370e+04 4.65831e+00 1.08967e+01 4.59033e+00 9.29463e+00 9.33333e-01 9.66667e-01 
2.24451e+04 8.46888e+00 1.06218e+01 8.40976e+00 1.07634e+01 8.66667e-01 9.66667e-01 
2.24532e+04 6.25504e+00 1.00203e+01 5.98208e+00 1.00630e+01 1.00000e+00 9.00000e-01 
2.24613e+04 5.77164e+00 1.04127e+01 6.18042e+00 1.00434e+01 9.00000e-01 8.66667e-01 
2.24694e+04 5.86107e+00 1.11639e+01 6.46521e+00 1.06436e+01 9.33333e-01 9.33333e-01 
2.24775e+04 5.08172e+00 1.02213e+01 2.95214e+00 1.01140e+01 9.33333e-01 9.66667e-01 
2.24856e+04 5.57920e+00 1.02181e+01 3.15974e+00 6.07855e+00 9.33333e-01 9.00000e-01 
2.24937e+04 4.36106e+00 1.11538e+01 5.12158e+00 1.15207e+01 8.66667e-01 9.00000e-01 
2.25018e+04 7.37851e+00 8.92396e+00 4.43448e+00 8.59587e+00 8.66667e-01 9.33333e-01 
2.25099e+04 6.18118e+00 7.98162e+00 4.43433e+00 7.91784e+00 9.33333e-01 9.66667e-01 
2.25180e+04 3.70888e+00 6.81455e+00 5.51463e+00 6.61266e+00 9.33333e-01 1.00000e+00 
2.25261e+04 2.98918e+00 7.37974e+00 2.31248e+00 7.46946e+00 9.00000e-01 9.66667e-01 
2.25342e+04 4.03064e+00 5.35475e+00 1.92103e+00 6.76659e+00 9.33333e-01 8.00000e-01 
2.25423e+04 3.12822e+00 6.37722e+00 2.77083e+00 6.44560e+00 9.00000e-01 9.00000e-01 
2.25504e+04 2.70748e+00 6.90335e+00 2.28956e+00 6.98849e+00 1.00000e+00 9.33333e-01 
2.25585e+04 4.82027e+00 8.37471e+00 4.77838e+00 8.43070e+00 9.33333e-01 9.33333e-01 
2.25666e+04 4.00339e+00 8.39578e+00 3.89444e+00 8.50332e+00 9.66667e-01 9.66667e-01 
2.25747e+04 4.11417e+00 7.60864e+00 4.38536e+00 7.77622e+00 9.00000e-01 9.66667e-01 
2.25828e+04 1.82151e+00 8.22848e+00 2.35386e+00 7.95754e+00 9.66667e-01 9.33333e-01 
2.25909e+04 3.48046e+00 8.62430e+00 3.55180e+00 8.69815e+00 9.66667e-01 9.33333e-01 
2.25990e+04 2.22108e+00 9.51719e+00 2.28473e+00 9.38677e+00 9.33333e-01 1.00000e+00 
2.26071e+04 3.56342e+00 9.17382e+00 3.58162e+00 9.44906e+00 9.66667e-01 1.00000e+00 
2.26152e+04 3.65971e+00 8.60250e+00 4.60607e+00 8.85742e+00 9.66667e-01 9.66667e-01 
2.26233e+04 4.05782e+00 1.00363e+01 4.22048e+00 9.89888e+00 9.33333e-01 9.66667e-01 
2.26314e+04 4.52155e+00 1.01175e+01 4.19812e+00 9.79152e+00 9.00000e-01 8.66667e-01 
2.26395e+04 2.79783e+00 9.52714e+00 2.91506e+00 8.98227e+00 1.00000e+00 9.33333e-01 
2.26476e+04 3.63262e+00 8.87821e+00 4.49304e+00 9.23033e+00 8.66667e-01 9.33333e-01 
2.26557e+04 5.49773e+00 5.54165e+00 5.80872e+00 5.85895e+00 8.66667e-01 1.00000e+00 
2.26638e+04 4.36450e+00 4.37046e+00 4.66435e+00 4.55052e+00 9.66667e-01 9.33333e-01 
2.26719e+04 3.99687e+00 7.76072e+00 3.66873e+00 8.29478e+00 9.33333e-01 8.33333e-01 
2.26800e+04 4.60320e+00 6.79227e+00 4.51475e+00 6.92608e+00 9.00000e-01 1.00000e+00 
2.26881e+04 4.71529e+00 8.89682e+00 4.64560e+00 8.64705e+00 1.00000e+00 9.33333e-01 
2.26962e+04 4.60183e+00 9.05107e+00 4.31443e+00 9.46032e+00 9.66667e-01 9.66667e-01 
2.27043e+04 7.08171e+00 1.08886e+01 7.09573e+00 1.08303e+01 9.66667e-01 9.33333e-01 
2.27124e+04 6.20698e+00 1.05655e+01 6.45011e+00 1.07485e+01 9.66667e-01 9.33333e-01 
2.27205e+04 4.96191e+00 1.05692e+01 4.77741e+00 1.04553e+01 9.66667e-01 9.33333e-01 
2.27286e+04 3.51520e+00 9.23444e+00 3.02222e+00 9.29705e+00 8.66667e-01 8.33333e-01 
2.27367e+04 5.46044e+00 1.08961e+01 5.69216e+00 9.68736e+00 9.00000e-01 8.66667e-01 
2.27448e+04 7.23547e+00 9.27793e+00 7.31080e+00 9.16294e+00 1.00000e+00 8.33333e-01 
2.27529e+04 8.65876e+00 1.00981e+01 8.37039e+00 1.02739e+01 8.33333e-01 1.00000e+00 
2.27610e+04 9.55710e+00 1.09949e+01 1.05281e+01 1.08978e+01 9.66667e-01 9.33333e-01 
2.27691e+04 9.37416e+00 6.91764e+00 9.62404e+00 6.67838e+00 9.33333e-01 9.66667e-01 
2.27772e+04 8.54500e+00 6.48699e+00 8.85940e+00 6.67061e+00 9.00000e-01 9.00000e-01 
2.27853e+04 9.51580e+00 5.80665e+00 9.75265e+00 4.13638e+00 1.00000e+00 9.66667e-01 
2.27934e+04 9.82453e+00 8.22402e+00 1.01670e+01 8.01366e+00 9.66667e-01 9.33333e-01 
2.28015e+04 9.45991e+00 8.78735e+00 9.65499e+00 8.45398e+00 1.00000e+00 9.66667e-01 
2.28096e+04 3.98731e+00 7.13551e+00 1.06930e+01 6.60534e+00 9.33333e-01 9.00000e-01 
2.28177e+04 7.45103e+00 8.26154e+00 1.11626e+01 8.95885e+00 9.66667e-01 8.00000e-01 
2.28258e+04 6.44606e+00 4.85355e+00 6.46176e+00 8.74433e+00 9.66667e-01 9.66667e-01 
2.28339e+04 8.34900e+00 5.94084e+00 8.50710e+00 7.67859e+00 9.33333e-01 9.33333e-01 
2.28420e+04 1.06804e+01 6.69058e+00 1.09053e+01 8.99516e+00 9.33333e-01 9.33333e-01 
2.28501e+04 8.57918e+00 8.84873e+00 8.85676e+00 9.25807e+00 9.33333e-01 1.00000e+00 
2.28582e+04 6.60274e+00 8.73855e+00 6.55133e+00 8.88007e+00 9.33333e-01 8.66667e-01 
2.28663e+04 5.05558e+00 1.03361e+01 5.39966e+00 9.64248e+00 9.33333e-01 9.00000e-01 
2.28744e+04 6.21813e+00 1.08076e+01 7.00667e+00 1.09165e+01 9.66667e-01 9.00000e-01 
2.28825e+04 6.67062e+00 1.12672e+01 6.90380e+00 1.13570e+01 9.00000e-01 9.66667e-01 
2.28906e+04 3.31861e+00 9.59719e+00 5.46791e+00 1.06449e+01 9.33333e-01 9.33333e-01 
2.28987e+04 5.50510e+00 9.63168e+00 5.47167e+00 8.77818e+00 8.66667e-01 9.33333e-01 
2.29068e+04 4.73835e+00 8.42292e+00 3.82519e+00 8.78218e+00 9.33333e-01 8.33333e-01 
2.29149e+04 3.11264e+00 8.00393e+00 3.28004e+00 7.84502e+00 8.00000e-01 9.33333e-01 
2.29230e+04 4.68723e+00 1.43570e+01 4.35345e+00 1.47288e+01 9.33333e-01 9.33333e-01 
2.29311e+04 4.36048e+00 1.41115e+01 4.18065e+00 1.18488e+01 9.33333e-01 8.00000e-01 
2.29392e+04 5.12248e+00 1.12127e+01 5.31585e+00 1.11630e+01 9.00000e-01 9.66667e-01 
2.29473e+04 5.27928e+00 9.96804e+00 5.41244e+00 9.51068e+00 8.66667e-01 9.66667e-01 
2.29554e+04 6.72012e+00 9.96517e+00 6.31750e+00 9.24306e+00 9.00000e-01 9.00000e-01 
2.29635e+04 8.24226e+00 1.21485e+01 8.41337e+00 1.30379e+01 1.00000e+00 9.33333e-01 
2.29716e+04 9.86474e+00 1.11958e+01 7.53515e+00 1.21052e+01 9.00000e-01 9.00000e-01 
2.29797e+04 7.55292e+00 6.11261e+00 6.47110e+00 9.47014e+00 8.66667e-01 9.33333e-01 
2.29878e+04 5.71338e+00 8.63284e+00 5.84209e+00 9.08118e+00 1.00000e+00 9.33333e-01 
2.29959e+04 6.42439e+00 1.00685e+01 6.76896e+00 9.93132e+00 1.00000e+00 8.66667e-01 
2.30040e+04 7.74467e+00 1.01486e+01 8.15169e+00 1.00652e+01 1.00000e+00 9.00000e-01 
2.30121e+04 3.48251e+00 1.50872e+01 3.55865e+00 1.49270e+01 9.66667e-01 9.33333e-01 
2.30202e+04 6.84805e+00 1.41757e+01 7.07071e+00 1.26451e+01 9.00000e-01 9.33333e-01 
2.30283e+04 9.10020e+00 9.49248e+00 9.17985e+00 9.64005e+00 8.66667e-01 9.66667e-01 
2.30364e+04 8.41461e+00 1.01425e+01 8.50867e+00 1.02410e+01 1.00000e+00 8.00000e-01 
2.30445e+04 9.10612e+00 9.82840e+00 9.81116e+00 1.24793e+01 9.00000e-01 9.00000e-01 
2.30526e+04 8.06308e+00 1.37849e+01 7.92410e+00 1.11049e+01 9.00000e-01 9.33333e-01 
2.30607e+04 8.93871e+00 1.33909e+01 9.05717e+00 1.31058e+01 9.00000e-01 9.00000e-01 
2.30688e+04 9.05596e+00 1.13258e+01 9.14118e+00 1.11620e+01 9.33333e-01 8.66667e-01 
2.30769e+04 6.70417e+00 1.26589e+01 6.29903e+00 1.26300e+01 9.33333e-01 9.66667e-01 
2.30850e+04 6.54901e+00 1.12698e+01 6.33223e+00 1.18009e+01 9.66667e-01 9.33333e-01 
2.30931e+04 6.01912e+00 9.99105e+00 6.28214e+00 1.00053e+01 8.66667e-01 9.66667e-01 
2.31012e+04 5.34614e+00 9.96520e+00 5.62442e+00 1.02083e+01 9.00000e-01 9.66667e-01 
2.31093e+04 6.50440e+00 1.03027e+01 6.61950e+00 1.05747e+01 9.00000e-01 9.00000e-01 
2.31174e+04 3.97189e+00 9.52558e+00 4.33596e+00 9.15432e+00 9.66667e-01 9.66667e-01 
2.31255e+04 4.78264e+00 6.07168e+00 6.46643e+00 9.13825e+00 8.66667e-01 9.00000e-01 
2.31336e+04 5.10739e+00 1.01028e+01 8.38778e+00 8.41959e+00 9.66667e-01 9.00000e-01 
2.31417e+04 5.21834e+00 9.74297e+00 5.08679e+00 8.09562e+00 9.66667e-01 8.00000e-01 
2.31498e+04 6.88773e+00 1.23253e+01 7.07233e+00 6.77700e+00 9.66667e-01 8.33333e-01 
2.31579e+04 7.58437e+00 1.02605e+01 7.90910e+00 7.55304e+00 9.66667e-01 8.00000e-01 
2.31660e+04 5.86802e+00 9.24022e+00 6.17979e+00 5.18424e+00 9.33333e-01 8.33333e-01 
2.31741e+04 6.31419e+00 8.84922e+00 6.53146e+00 5.52293e+00 9.66667e-01 8.33333e-01 
2.31822e+04 5.92311e+00 1.01833e+01 5.62153e+00 7.63067e+00 9.33333e-01 8.66667e-01 
2.31903e+04 6.13210e+00 1.07126e+01 6.05037e+00 5.17524e+00 9.33333e-01 9.00000e-01 
2.31984e+04 4.22716e+00 6.20014e+00 3.30133e+00 6.10885e+00 9.66667e-01 8.33333e-01 
2.32065e+04 5.08033e+00 1.12784e+01 4.88674e+00 4.42346e+00 1.00000e+00 9.33333e-01 
2.32146e+04 3.13898e+00 1.08683e+01 2.58279e+00 6.06162e+00 1.00000e+00 9.33333e-01 
2.32227e+04 6.08947e+00 1.11682e+01 5.44967e+00 4.89651e+00 9.66667e-01 8.66667e-01 
2.32308e+04 5.55753e+00 1.13621e+01 3.49085e+00 4.83854e+00 9.33333e-01 8.33333e-01 
2.32389e+04 3.69599e+00 8.72698e+00 3.52205e+00 7.10500e+00 9.66667e-01 8.33333e-01 
2.32470e+04 4.08679e+00 7.80632e+00 3.99797e+00 8.24776e+00 9.33333e-01 8.66667e-01 
2.32551e+04 6.36631e+00 1.08030e+01 6.76764e+00 1.00713e+01 8.66667e-01 9.00000e-01 
2.32632e+04 8.86421e+00 6.74384e+00 9.09051e+00 5.94038e+00 1.00000e+00 9.00000e-01 
2.32713e+04 6.28739e+00 9.29777e+00 8.84904e+00 9.08791e+00 9.00000e-01 9.66667e-01 
2.32794e+04 9.12758e+00 8.07595e+00 1.31568e+01 9.48373e+00 9.00000e-01 8.33333e-01 
2.32875e+04 1.33283e+01 7.73147e+00 1.12085e+01 9.07007e+00 9.00000e-01 8.33333e-01 
2.32956e+04 1.21646e+01 6.17085e+00 9.43090e+00 8.99749e+00 9.00000e-01 8.00000e-01 
2.33037e+04 1.17519e+01 6.00083e+00 1.18829e+01 9.21156e+00 9.66667e-01 8.66667e-01 
2.33118e+04 1.26972e+01 6.56701e+00 1.11244e+01 6.48278e+00 9.33333e-01 8.66667e-01 
2.33199e+04 1.34130e+01 5.03195e+00 5.28697e+00 5.51784e+00 9.00000e-01 9.33333e-01 
2.33280e+04 1.02490e+01 6.44543e+00 7.71348e+00 3.88560e+00 9.00000e-01 9.33333e-01 
2.33361e+04 1.00064e+01 4.34610e+00 1.00261e+01 5.06607e+00 9.33333e-01 8.66667e-01 
2.33442e+04 8.95364e+00 3.74819e+00 8.93420e+00 7.34951e+00 9.00000e-01 9.00000e-01 
2.33523e+04 7.72761e+00 3.19188e+00 7.78496e+00 5.24703e+00 1.00000e+00 9.33333e-01 
2.33604e+04 7.31997e+00 3.46791e+00 7.14161e+00 4.97864e+00 9.00000e-01 8.66667e-01 
2.33685e+04 7.68524e+00 4.14583e+00 7.93346e+00 6.46820e+00 9.66667e-01 9.66667e-01 
2.33766e+04 7.45412e+00 6.18517e+00 7.91133e+00 6.56367e+00 9.00000e-01 9.33333e-01 
2.33847e+04 8.71423e+00 7.95549e+00 9.67971e+00 8.16947e+00 8.66667e-01 8.66667e-01 
2.33928e+04 8.35939e+00 4.67485e+00 8.37517e+00 5.98063e+00 9.33333e-01 9.00000e-01 
2.34009e+04 7.75186e+00 5.64696e+00 1.01212e+01 3.86742e+00 9.00000e-01 9.33333e-01 
2.34090e+04 8.25354e+00 5.00658e+00 7.76649e+00 4.42417e+00 8.66667e-01 9.33333e-01 
2.34171e+04 6.74090e+00 5.65570e+00 6.23764e+00 7.18719e+00 8.66667e-01 9.66667e-01 
2.34252e+04 5.99270e+00 6.69442e+00 5.85994e+00 1.01734e+01 9.33333e-01 8.33333e-01 
2.34333e+04 8.72433e+00 6.25172e+00 8.82392e+00 6.35476e+00 9.66667e-01 9.00000e-01 
2.34414e+04 6.43224e+00 4.17002e+00 6.37650e+00 2.28181e+00 9.66667e-01 8.66667e-01 
2.34495e+04 5.75266e+00 4.11618e+00 6.10364e+00 3.66373e+00 9.00000e-01 9.00000e-01 
2.34576e+04 4.22865e+00 3.41195e+00 4.26494e+00 3.30747e+00 9.33333e-01 9.66667e-01 
2.34657e+04 3.80898e+00 4.34439e+00 6.00233e+00 4.46075e+00 8.33333e-01 9.66667e-01 
2.34738e+04 4.37597e+00 2.47028e+00 3.93484e+00 2.26859e+00 9.33333e-01 9.00000e-01 
2.34819e+04 6.49350e+00 5.47924e+00 3.09073e+00 4.97946e+00 9.33333e-01 8.33333e-01 
2.34900e+04 5.02541e+00 5.12740e+00 4.64792e+00 5.54125e+00 9.00000e-01 8.66667e-01 
2.34981e+04 7.45473e-01 2.85120e+00 7.21252e-01 3.41319e+00 1.00000e+00 9.66667e-01 
2.35062e+04 5.06104e+00 4.23470e+00 4.73257e+00 4.65642e+00 8.66667e-01 9.66667e-01 
2.35143e+04 7.77517e+00 7.92045e+00 8.79841e+00 7.33096e+00 9.00000e-01 9.00000e-01 
2.35224e+04 5.63572e+00 5.05023e+00 8.33438e+00 6.35638e+00 9.00000e-01 9.33333e-01 
2.35305e+04 7.20187e+00 5.17868e+00 6.50980e+00 6.24414e+00 9.33333e-01 9.00000e-01 
2.35386e+04 4.63167e+00 2.40206e+00 5.09839e+00 5.00224e+00 9.33333e-01 8.66667e-01 
2.35467e+04 5.68615e+00 6.35683e+00 5.41352e+00 4.72545e+00 8.66667e-01 9.66667e-01 
2.35548e+04 3.52977e+00 3.21357e+00 3.98981e+00 4.27322e+00 1.00000e+00 9.00000e-01 
2.35629e+04 3.96131e+00 1.18770e+00 4.03552e+00 4.47949e+00 1.00000e+00 9.00000e-01 
2.35710e+04 3.48507e+00 7.22468e+00 3.33143e+00 4.18160e+00 9.66667e-01 9.00000e-01 
2.35791e+04 2.19941e+00 6.59861e+00 1.81871e+00 3.40898e+00 1.00000e+00 9.66667e-01 
2.35872e+04 3.52947e+00 5.12276e+00 3.66894e+00 3.45770e+00 1.00000e+00 9.66667e-01 
2.35953e+04 5.02820e+00 2.37443e+00 5.06428e+00 2.69886e+00 9.66667e-01 9.33333e-01 
2.36034e+04 3.60224e+00 2.42635e+00 4.14779e+00 1.94427e+00 9.66667e-01 9.33333e-01 
2.36115e+04 5.93430e+00 6.78795e+00 6.08696e+00 3.96684e+00 9.66667e-01 9.66667e-01 
2.36196e+04 7.13951e+00 2.64731e+00 7.36170e+00 2.32782e+00 1.00000e+00 9.00000e-01 
2.36277e+04 4.25605e+00 4.94134e+00 4.65332e+00 7.94911e-01 1.00000e+00 9.00000e-01 
2.36358e+04 5.03155e+00 5.74789e+00 5.03485e+00 2.18598e+00 9.00000e-01 8.33333e-01 
2.36439e+04 6.86549e+00 3.01501e+00 6.98736e+00 3.29815e+00 1.00000e+00 9.00000e-01 
2.36520e+04 5.94851e+00 4.94430e+00 7.58330e+00 5.02849e+00 9.33333e-01 8.00000e-01 
2.36601e+04 6.22739e+00 3.58735e+00 6.35787e+00 5.71559e+00 9.66667e-01 8.33333e-01 
2.36682e+04 6.48140e+00 6.05185e+00 6.25445e+00 5.88855e+00 1.00000e+00 9.33333e-01 
2.36763e+04 8.01705e+00 5.18682e+00 7.21462e+00 6.61782e+00 9.33333e-01 9.00000e-01 
2.36844e+04 7.20955e+00 6.86147e+00 7.11513e+00 6.88835e+00 9.66667e-01 8.00000e-01 
2.36925e+04 8.55482e+00 5.25906e+00 9.59570e+00 3.96509e+00 9.00000e-01 9.33333e-01 
2.37006e+04 6.03776e+00 5.29727e+00 6.42931e+00 7.66245e+00 8.33333e-01 9.00000e-01 
2.37087e+04 6.43590e+00 3.75511e+00 6.82491e+00 6.11184e+00 9.00000e-01 8.66667e-01 
2.37168e+04 8.13777e+00 3.47948e+00 8.61477e+00 6.49243e+00 9.66667e-01 9.00000e-01 
2.37249e+04 5.33804e+00 3.34289e+00 5.76593e+00 8.05319e+00 9.00000e-01 8.00000e-01 
2.37330e+04 7.78435e+00 3.36495e+00 6.97425e+00 6.22945e+00 9.00000e-01 7.66667e-01 
2.37411e+04 4.00303e+00 1.69566e+00 4.02237e+00 4.50010e+00 9.00000e-01 8.66667e-01 
2.37492e+04 4.20466e+00 6.76497e+00 4.12551e+00 5.51320e+00 9.66667e-01 8.66667e-01 
2.37573e+04 5.25074e+00 5.39616e+00 5.14761e+00 5.39301e+00 9.33333e-01 9.00000e-01 
2.37654e+04 4.03633e+00 1.50871e+00 4.16263e+00 1.71487e+00 9.00000e-01 9.00000e-01 
2.37735e+04 2.27467e+00 4.01749e+00 1.66306e+00 5.31686e+00 9.66667e-01 8.66667e-01 
2.37816e+04 3.31420e+00 7.05144e+00 2.69917e+00 5.90376e+00 1.00000e+00 8.66667e-01 
2.37897e+04 4.19699e+00 7.64312e+00 3.70563e+00 6.51275e+00 9.33333e-01 7.66667e-01 
2.37978e+04 4.14559e+00 6.40714e+00 3.62905e+00 3.49440e+00 9.66667e-01 8.66667e-01 
2.38059e+04 3.05265e+00 2.70349e+00 3.33349e+00 1.75905e+00 1.00000e+00 8.33333e-01 
2.38140e+04 5.32205e+00 4.60041e+00 4.29495e+00 4.48285e+00 9.33333e-01 8.66667e-01 
2.38221e+04 3.03625e+00 3.68658e+00 2.83177e+00 3.36142e+00 1.00000e+00 1.00000e+00 
2.38302e+04 1.44578e+00 4.75787e+00 1.39887e+00 3.60387e+00 9.33333e-01 9.00000e-01 
2.38383e+04 2.70722e+00 6.11014e+00 6.31849e+00 4.92981e+00 9.33333e-01 9.00000e-01 
2.38464e+04 3.91037e+00 8.66002e+00 3.97152e+00 3.83091e+00 9.66667e-01 9.00000e-01 
2.38545e+04 3.48951e+00 8.39151e+00 4.38867e+00 4.76868e+00 9.00000e-01 9.00000e-01 
2.38626e+04 7.35403e+00 9.90644e+00 7.19158e+00 1.75781e+00 9.33333e-01 8.66667e-01 
2.38707e+04 5.63208e+00 7.20366e+00 5.83794e+00 2.89178e+00 9.00000e-01 8.66667e-01 
2.38788e+04 3.49301e+00 8.39065e+00 2.07302e+00 5.87648e+00 9.33333e-01 8.66667e-01 
2.38869e+04 4.33339e+00 7.40579e+00 3.66521e+00 7.73075e+00 8.33333e-01 8.66667e-01 
2.38950e+04 6.61959e+00 8.68818e+00 1.81932e+00 8.57968e+00 9.00000e-01 8.33333e-01 
2.39031e+04 3.33706e+00 5.90733e+00 2.09180e+00 9.45539e+00 9.66667e-01 7.00000e-01 
2.39112e+04 6.58752e+00 1.10027e+01 3.93758e+00 1.17716e+01 8.66667e-01 8.00000e-01 
2.39193e+04 4.99833e+00 5.72637e+00 7.76604e+00 1.25602e+01 9.00000e-01 8.66667e-01 
2.39274e+04 3.21196e+00 8.42298e+00 4.51450e+00 1.13732e+01 8.66667e-01 8.66667e-01 
2.39355e+04 2.71231e+00 1.13375e+01 3.14929e+00 1.14603e+01 9.66667e-01 8.66667e-01 
2.39436e+04 5.31661e+00 1.23745e+01 5.42769e+00 1.27040e+01 9.33333e-01 9.00000e-01 
2.39517e+04 8.70277e+00 1.08702e+01 8.48828e+00 1.29229e+01 9.33333e-01 8.66667e-01 
2.39598e+04 8.97634e+00 8.60168e+00 8.63278e+00 9.44187e+00 1.00000e+00 9.33333e-01 
2.39679e+04 6.34377e+00 8.77378e+00 6.14855e+00 8.53843e+00 9.66667e-01 1.00000e+00 
2.39760e+04 7.83883e+00 7.13020e+00 7.73344e+00 7.71381e+00 9.66667e-01 9.00000e-01 
2.39841e+04 8.88174e+00 5.32092e+00 8.75658e+00 5.56400e+00 1.00000e+00 8.33333e-01 
2.39922e+04 1.05251e+01 5.34465e+00 1.04040e+01 5.82303e+00 9.66667e-01 9.33333e-01 
2.40003e+04 6.80406e+00 7.56618e+00 9.64467e+00 7.96534e+00 9.33333e-01 8.33333e-01 
2.40084e+04 8.47340e+00 5.85921e+00 1.11907e+01 6.15742e+00 9.00000e-01 9.33333e-01 
2.40165e+04 8.80200e+00 4.14130e+00 9.01926e+00 7.18360e+00 1.00000e+00 9.00000e-01 
2.40246e+04 8.44374e+00 7.84537e+00 8.89756e+00 8.06576e+00 9.66667e-01 9.00000e-01 
2.40327e+04 8.20796e+00 6.70104e+00 7.93674e+00 6.62405e+00 8.66667e-01 9.66667e-01 
2.40408e+04 5.96331e+00 5.59200e+00 5.84159e+00 5.61365e+00 8.66667e-01 9.66667e-01 
2.40489e+04 6.82931e+00 6.50012e+00 7.73605e+00 6.35813e+00 9.33333e-01 1.00000e+00 
2.40570e+04 1.04447e+01 8.01599e+00 7.14158e+00 8.19352e+00 8.33333e-01 9.66667e-01 
2.40651e+04 1.04261e+01 6.48167e+00 8.82344e+00 6.10709e+00 8.33333e-01 9.33333e-01 
2.40732e+04 8.45466e+00 6.61726e+00 8.38519e+00 5.95483e+00 9.33333e-01 8.66667e-01 
2.40813e+04 9.18356e+00 7.80406e+00 1.12492e+01 7.66587e+00 9.33333e-01 7.66667e-01 
2.40894e+04 1.11527e+01 6.98669e+00 1.01951e+01 6.94890e+00 9.00000e-01 9.66667e-01 
2.40975e+04 8.78640e+00 8.58801e+00 8.75907e+00 8.37966e+00 1.00000e+00 9.00000e-01 
2.41056e+04 8.50784e+00 1.11370e+01 8.48802e+00 1.10773e+01 9.33333e-01 9.00000e-01 
2.41137e+04 6.22768e+00 8.47358e+00 7.00262e+00 8.83227e+00 9.33333e-01 9.00000e-01 
2.41218e+04 6.38103e+00 9.36091e+00 6.49098e+00 9.37408e+00 9.66667e-01 9.33333e-01 
2.41299e+04 4.80288e+00 9.26929e+00 4.63895e+00 9.39873e+00 9.33333e-01 9.66667e-01 
2.41380e+04 6.74728e+00 1.06982e+01 6.18989e+00 1.06380e+01 9.66667e-01 9.00000e-01 
2.41461e+04 7.28649e+00 1.00924e+01 6.85660e+00 9.74289e+00 9.33333e-01 8.33333e-01 
2.41542e+04 7.68131e+00 7.89958e+00 7.25076e+00 7.46208e+00 9.33333e-01 9.33333e-01 
2.41623e+04 7.59769e+00 7.81430e+00 7.12583e+00 8.39462e+00 9.66667e-01 9.66667e-01 
2.41704e+04 7.11616e+00 9.06863e+00 6.84908e+00 8.97713e+00 9.33333e-01 9.33333e-01 
2.41785e+04 8.26050e+00 1.03345e+01 7.81129e+00 8.04870e+00 9.00000e-01 8.33333e-01 
2.41866e+04 7.27519e+00 9.66245e+00 6.62814e+00 9.43091e+00 9.00000e-01 9.33333e-01 
2.41947e+04 8.03302e+00 8.03541e+00 7.69157e+00 7.86880e+00 1.00000e+00 9.66667e-01 
2.42028e+04 9.46212e+00 1.02457e+01 9.21989e+00 1.02415e+01 8.66667e-01 9.33333e-01 
2.42109e+04 9.76939e+00 9.40703e+00 9.11675e+00 9.68318e+00 9.66667e-01 9.33333e-01 
2.42190e+04 9.69731e+00 7.55552e+00 1.03870e+01 7.86491e+00 9.33333e-01 9.33333e-01 
2.42271e+04 1.20631e+01 4.84235e+00 9.95902e+00 5.09327e+00 9.00000e-01 9.33333e-01 
2.42352e+04 8.73364e+00 8.03043e+00 7.97238e+00 8.58177e+00 9.00000e-01 9.33333e-01 
2.42433e+04 1.13840e+01 4.31664e+00 1.15468e+01 4.80374e+00 9.66667e-01 8.66667e-01 
2.42514e+04 1.08940e+01 5.60022e+00 1.19142e+01 8.80400e+00 9.00000e-01 9.66667e-01 
2.42595e+04 9.58143e+00 4.96278e+00 9.34426e+00 6.48722e+00 8.33333e-01 9.33333e-01 
2.42676e+04 8.22046e+00 5.26832e+00 1.00802e+01 5.73682e+00 8.66667e-01 9.00000e-01 
2.42757e+04 8.71865e+00 5.44846e+00 9.14234e+00 5.95520e+00 9.66667e-01 9.00000e-01 
2.42838e+04 5.39116e+00 6.84006e+00 7.87046e+00 4.35771e+00 9.00000e-01 9.33333e-01 
2.42919e+04 7.33435e+00 9.16982e+00 8.65991e+00 7.96127e+00 9.33333e-01 8.66667e-01 
2.43000e+04 5.36065e+00 1.05443e+01 5.10304e+00 6.97840e+00 9.33333e-01 9.66667e-01 
2.43081e+04 3.61633e+00 9.73046e+00 3.70061e+00 9.28620e+00 1.00000e+00 9.66667e-01 
2.43162e+04 5.97499e+00 8.78506e+00 5.82670e+00 6.87022e+00 9.33333e-01 9.33333e-01 
2.43243e+04 6.65220e+00 5.92821e+00 6.85663e+00 5.72429e+00 9.33333e-01 9.33333e-01 
2.43324e+04 5.31862e+00 6.76075e+00 5.08197e+00 6.47620e+00 9.33333e-01 9.66667e-01 
2.43405e+04 7.29196e+00 5.81856e+00 7.29807e+00 5.88296e+00 9.33333e-01 9.66667e-01 
2.43486e+04 4.77331e+00 5.13698e+00 4.54815e+00 4.39610e+00 1.00000e+00 8.66667e-01 
2.43567e+04 4.19261e+00 9.04397e+00 3.58275e+00 8.43182e+00 9.33333e-01 9.00000e-01 
2.43648e+04 7.71455e+00 1.01775e+01 3.52681e+00 9.99354e+00 9.66667e-01 9.00000e-01 
2.43729e+04 6.80863e+00 1.12991e+01 6.46703e+00 1.09797e+01 9.33333e-01 8.66667e-01 
2.43810e+04 3.93516e+00 8.88341e+00 2.65438e+00 8.83460e+00 9.33333e-01 9.33333e-01 
2.43891e+04 4.82709e+00 1.07374e+01 3.98186e+00 1.08140e+01 9.66667e-01 9.00000e-01 
2.43972e+04 6.86126e+00 8.65628e+00 4.81466e+00 9.32056e+00 9.33333e-01 9.66667e-01 
2.44053e+04 5.73212e+00 7.95960e+00 4.65090e+00 7.82757e+00 9.33333e-01 9.00000e-01 
2.44134e+04 7.86462e+00 7.86967e+00 7.38373e+00 8.29046e+00 9.66667e-01 9.66667e-01 
2.44215e+04 8.34491e+00 8.49887e+00 8.24617e+00 8.97597e+00 1.00000e+00 9.00000e-01 
2.44296e+04 8.13937e+00 5.48048e+00 7.88620e+00 6.12893e+00 1.00000e+00 9.00000e-01 
2.44377e+04 6.83937e+00 6.13677e+00 7.13663e+00 7.00852e+00 1.00000e+00 1.00000e+00 
2.44458e+04 5.58338e+00 6.94094e+00 5.91288e+00 7.18901e+00 9.00000e-01 9.33333e-01 
2.44539e+04 6.49697e+00 6.39294e+00 6.93915e+00 6.53993e+00 9.66667e-01 8.66667e-01 
2.44620e+04 6.19756e+00 4.12227e+00 6.70817e+00 3.73512e+00 9.66667e-01 8.33333e-01 
2.44701e+04 4.88140e+00 7.39595e+00 5.26831e+00 7.36956e+00 1.00000e+00 9.00000e-01 
2.44782e+04 2.96872e+00 4.36897e+00 3.02188e+00 3.90473e+00 9.00000e-01 9.66667e-01 
2.44863e+04 5.59900e+00 7.03083e+00 5.64247e+00 6.89500e+00 9.66667e-01 8.66667e-01 
2.44944e+04 5.64346e+00 4.65502e+00 6.03323e+00 4.78221e+00 9.00000e-01 9.66667e-01 
2.45025e+04 6.24862e+00 4.53761e+00 5.35627e+00 5.16429e+00 9.00000e-01 9.33333e-01 
2.45106e+04 6.26730e+00 8.53772e+00 1.13239e+00 8.47106e+00 9.66667e-01 9.00000e-01 
2.45187e+04 2.89093e+00 7.36147e+00 3.95478e+00 7.37863e+00 8.66667e-01 1.00000e+00 
2.45268e+04 2.19969e+00 8.29683e+00 3.16917e+00 8.48000e+00 8.66667e-01 9.33333e-01 
2.45349e+04 4.55959e+00 8.82265e+00 5.02981e+00 8.79872e+00 8.66667e-01 9.66667e-01 
2.45430e+04 2.51973e+00 6.82410e+00 6.58470e-01 7.00686e+00 8.00000e-01 1.00000e+00 
2.45511e+04 3.20843e+00 5.65855e+00 3.05774e+00 5.54347e+00 9.66667e-01 9.66667e-01 
2.45592e+04 3.05870e+00 5.63512e+00 2.91231e+00 6.23137e+00 9.33333e-01 9.66667e-01 
2.45673e+04 1.24503e+00 5.58736e+00 1.27851e+00 5.67890e+00 9.66667e-01 8.66667e-01 
2.45754e+04 4.66469e+00 6.60284e+00 4.20245e+00 6.70601e+00 9.33333e-01 9.33333e-01 
2.45835e+04 1.87816e+00 9.38097e+00 1.60400e+00 9.28711e+00 9.00000e-01 9.66667e-01 
2.45916e+04 1.18197e+00 8.49356e+00 2.47883e+00 8.27854e+00 8.66667e-01 9.33333e-01 
2.45997e+04 3.15904e+00 9.09786e+00 2.35217e+00 8.35673e+00 9.00000e-01 9.00000e-01 
2.46078e+04 2.34507e+00 8.96229e+00 7.30641e-01 8.25590e+00 9.66667e-01 9.33333e-01 
2.46159e+04 2.05813e+00 8.86870e+00 2.14421e+00 8.00344e+00 9.00000e-01 9.66667e-01 
2.46240e+04 2.85036e+00 3.98409e+00 2.96484e+00 3.63564e+00 9.33333e-01 1.00000e+00 
2.46321e+04 2.21749e+00 2.85413e+00 1.99075e+00 6.80988e+00 9.00000e-01 9.33333e-01 
2.46402e+04 3.10575e+00 5.96355e+00 1.78641e+00 8.95137e+00 9.33333e-01 9.33333e-01 
2.46483e+04 2.29234e+00 5.73956e+00 3.49433e+00 5.69060e+00 8.66667e-01 9.33333e-01 
2.46564e+04 5.16832e+00 4.48234e+00 2.40172e+00 4.37939e+00 8.66667e-01 9.00000e-01 
2.46645e+04 5.28893e+00 6.51234e+00 5.51872e+00 6.58202e+00 9.00000e-01 9.33333e-01 
2.46726e+04 5.22350e+00 4.68775e+00 1.90381e+00 5.20212e+00 9.00000e-01 9.00000e-01 
2.46807e+04 3.54644e+00 4.08384e+00 3.67481e+00 4.49797e+00 9.00000e-01 9.33333e-01 
2.46888e+04 5.59159e+00 5.93928e+00 5.02789e+00 5.97712e+00 9.33333e-01 1.00000e+00 
2.46969e+04 2.90628e+00 7.15291e+00 2.52144e+00 7.12145e+00 9.33333e-01 9.00000e-01 
2.47050e+04 1.65441e+00 7.24960e+00 2.11051e+00 8.58915e+00 8.66667e-01 9.00000e-01 
2.47131e+04 2.31126e+00 5.07509e+00 5.93229e+00 6.18196e+00 9.00000e-01 9.00000e-01 
2.47212e+04 2.39610e+00 3.48469e+00 3.89941e+00 6.60712e+00 9.00000e-01 9.33333e-01 
2.47293e+04 5.85595e+00 7.94543e+00 3.61841e+00 9.52772e+00 9.66667e-01 9.66667e-01 
2.47374e+04 6.64736e+00 9.25389e+00 4.01612e+00 8.04113e+00 9.33333e-01 9.00000e-01 
2.47455e+04 7.27496e+00 7.80621e+00 6.64904e+00 7.63483e+00 9.33333e-01 9.66667e-01 
2.47536e+04 6.71792e+00 5.59380e+00 6.18179e+00 6.70924e+00 9.33333e-01 9.66667e-01 
2.47617e+04 6.28207e+00 9.02451e+00 5.98571e+00 9.64362e+00 9.33333e-01 9.00000e-01 
2.47698e+04 7.98082e+00 7.20298e+00 7.88557e+00 7.31961e+00 9.66667e-01 9.33333e-01 
2.47779e+04 4.86861e+00 8.43125e+00 4.74949e+00 7.94318e+00 1.00000e+00 1.00000e+00 
2.47860e+04 6.95552e+00 6.80309e+00 6.69150e+00 9.24350e+00 9.00000e-01 9.33333e-01 
2.47941e+04 6.39133e+00 6.93209e+00 6.62763e+00 6.27809e+00 9.33333e-01 9.66667e-01 
2.48022e+04 8.50635e+00 5.56653e+00 6.73065e+00 5.90680e+00 9.66667e-01 8.33333e-01 
2.48103e+04 7.91534e+00 4.78826e+00 3.17139e+00 4.48717e+00 9.00000e-01 9.00000e-01 
2.48184e+04 8.50436e+00 6.43050e+00 3.31519e+00 6.09849e+00 9.33333e-01 9.66667e-01 
2.48265e+04 4.81986e+00 6.48058e+00 4.69750e+00 6.30579e+00 9.33333e-01 9.66667e-01 
2.48346e+04 4.55690e+00 6.48568e+00 5.05859e+00 7.07800e+00 9.00000e-01 9.66667e-01 
2.48427e+04 1.67321e+00 3.85089e+00 5.04686e+00 4.58068e+00 8.33333e-01 9.66667e-01 
2.48508e+04 4.49100e+00 5.29057e+00 7.96243e+00 5.57345e+00 9.33333e-01 1.00000e+00 
2.48589e+04 4.19266e+00 7.40561e+00 6.17005e+00 6.86340e+00 9.00000e-01 9.66667e-01 
2.48670e+04 3.63311e+00 6.78918e+00 7.77756e+00 7.15749e+00 9.66667e-01 9.00000e-01 
2.48751e+04 7.26826e+00 7.49309e+00 5.88398e+00 5.87839e+00 9.33333e-01 9.00000e-01 
2.48832e+04 4.81190e+00 6.82556e+00 4.67727e+00 5.69662e+00 9.66667e-01 8.33333e-01 
2.48913e+04 6.30204e+00 9.89482e+00 6.40756e+00 8.65922e+00 8.33333e-01 9.00000e-01 
2.48994e+04 6.03648e+00 6.52638e+00 5.89119e+00 3.49067e+00 1.00000e+00 8.00000e-01 
2.49075e+04 6.07399e+00 9.84159e+00 6.19440e+00 5.40470e+00 1.00000e+00 8.33333e-01 
2.49156e+04 6.69237e+00 7.27724e+00 7.13254e+00 5.89818e+00 9.33333e-01 9.00000e-01 
2.49237e+04 4.95306e+00 9.96857e+00 5.40679e+00 1.03647e+01 9.33333e-01 1.00000e+00 
2.49318e+04 5.40265e+00 8.14126e+00 5.69705e+00 8.29512e+00 9.33333e-01 9.00000e-01 
2.49399e+04 4.06534e+00 8.45202e+00 3.99223e+00 8.62692e+00 9.66667e-01 9.66667e-01 
2.49480e+04 3.11312e+00 9.06261e+00 2.89222e+00 9.52383e+00 1.00000e+00 9.33333e-01 
2.49561e+04 4.61046e+00 1.09144e+01 3.53698e+00 9.25811e+00 9.00000e-01 8.33333e-01 
2.49642e+04 5.97535e+00 9.58167e+00 2.28981e+00 9.52791e+00 8.66667e-01 9.33333e-01 
2.49723e+04 5.04613e+00 9.59123e+00 3.75620e+00 9.75966e+00 9.00000e-01 9.66667e-01 
2.49804e+04 3.39692e+00 7.44412e+00 5.64426e+00 7.09857e+00 8.00000e-01 9.33333e-01 
2.49885e+04 2.85860e+00 5.68295e+00 3.19007e+00 5.48220e+00 1.00000e+00 9.66667e-01 
2.49966e+04 4.71484e+00 4.67345e+00 5.59729e+00 4.97107e+00 9.00000e-01 9.66667e-01 
2.50047e+04 4.34028e+00 6.33800e+00 4.24839e+00 6.01945e+00 9.33333e-01 9.33333e-01 
2.50128e+04 5.46361e+00 4.52285e+00 5.17390e+00 5.00618e+00 9.66667e-01 1.00000e+00 
2.50209e+04 5.41133e+00 6.21359e+00 5.67923e+00 6.15561e+00 1.00000e+00 9.00000e-01 
2.50290e+04 4.63475e+00 5.00453e+00 5.04456e+00 4.95999e+00 1.00000e+00 9.00000e-01 
2.50371e+04 6.37409e+00 3.30162e+00 4.05376e+00 2.88427e+00 9.33333e-01 9.66667e-01 
2.50452e+04 4.00407e-01 3.24620e+00 4.09888e+00 3.55885e+00 9.33333e-01 1.00000e+00 
2.50533e+04 8.00544e+00 1.95061e+00 4.27430e+00 4.47208e+00 9.66667e-01 9.33333e-01 
2.50614e+04 3.32707e+00 3.72972e+00 2.07438e+00 3.80212e+00 9.00000e-01 9.66667e-01 
2.50695e+04 4.62211e+00 2.65928e+00 2.25787e+00 2.76641e+00 8.66667e-01 8.33333e-01 
2.50776e+04 6.02561e+00 2.96321e+00 4.73946e+00 3.85307e+00 7.00000e-01 9.33333e-01 
2.50857e+04 5.13103e+00 2.70461e+00 9.26707e-01 7.39159e+00 8.66667e-01 9.33333e-01 
2.50938e+04 4.96574e+00 4.99991e+00 6.10801e+00 5.40809e+00 8.66667e-01 8.33333e-01 
2.51019e+04 5.81141e+00 6.72080e+00 5.39583e+00 7.05279e+00 9.00000e-01 1.00000e+00 
2.51100e+04 4.86810e+00 5.08019e+00 4.77213e+00 2.83672e+00 9.00000e-01 9.33333e-01 
2.51181e+04 5.29926e+00 9.20315e+00 5.73802e+00 9.27170e+00 9.00000e-01 9.33333e-01 
2.51262e+04 5.00542e+00 4.98198e+00 4.98304e+00 4.78716e+00 1.00000e+00 1.00000e+00 
2.51343e+04 4.15628e+00 5.28784e+00 4.44067e+00 5.86306e+00 1.00000e+00 8.66667e-01 
2.51424e+04 4.20322e+00 6.40990e+00 6.74294e+00 6.84478e+00 9.66667e-01 9.33333e-01 
2.51505e+04 6.30555e+00 6.63999e+00 7.94031e+00 5.19604e+00 9.00000e-01 9.00000e-01 
2.51586e+04 5.43362e+00 2.74634e+00 4.45663e+00 2.71821e+00 9.33333e-01 9.00000e-01 
2.51667e+04 4.44091e+00 4.69036e+00 4.00950e+00 4.27553e+00 8.66667e-01 9.00000e-01 
2.51748e+04 7.08170e+00 6.82737e+00 6.60168e+00 6.63174e+00 1.00000e+00 9.66667e-01 
2.51829e+04 6.28478e+00 4.62932e+00 5.64113e+00 4.77037e+00 9.66667e-01 9.33333e-01 
2.51910e+04 7.07037e+00 6.41541e+00 6.36903e+00 5.88271e+00 9.66667e-01 9.00000e-01 
2.51991e+04 8.36616e+00 9.49194e+00 7.85086e+00 9.04888e+00 9.00000e-01 9.66667e-01 
2.52072e+04 9.33943e+00 9.57807e+00 9.11104e+00 9.10660e+00 8.00000e-01 9.00000e-01 
2.52153e+04 7.50799e+00 9.56831e+00 7.32648e+00 9.35552e+00 9.66667e-01 9.33333e-01 
2.52234e+04 7.17368e+00 1.05708e+01 7.27519e+00 9.05920e+00 9.33333e-01 8.33333e-01 
2.52315e+04 7.86039e+00 1.04847e+01 9.00595e+00 1.07874e+01 9.00000e-01 1.00000e+00 
2.52396e+04 8.37292e+00 1.01251e+01 6.32710e+00 9.89108e+00 9.00000e-01 9.66667e-01 
2.52477e+04 7.81631e+00 1.03116e+01 9.01453e+00 9.97156e+00 8.66667e-01 9.66667e-01 
2.52558e+04 8.33854e+00 1.05185e+01 9.19239e+00 7.76691e+00 9.66667e-01 8.66667e-01 
2.52639e+04 6.25542e+00 9.52252e+00 9.85361e+00 9.37213e+00 8.33333e-01 9.66667e-01 
2.52720e+04 6.07926e+00 8.06880e+00 7.37118e+00 7.84571e+00 9.00000e-01 9.66667e-01 
2.52801e+04 6.12182e+00 1.11756e+01 8.39591e+00 1.06786e+01 9.33333e-01 9.33333e-01 
2.52882e+04 7.19893e+00 1.02931e+01 7.78639e+00 1.07030e+01 9.33333e-01 9.00000e-01 
2.52963e+04 4.06341e+00 9.43884e+00 7.49179e+00 9.74065e+00 9.66667e-01 9.66667e-01 
2.53044e+04 6.05125e+00 9.38442e+00 6.03978e+00 9.76052e+00 9.33333e-01 9.33333e-01 
2.53125e+04 7.20957e+00 1.07970e+01 7.24694e+00 1.10416e+01 9.66667e-01 9.33333e-01 
2.53206e+04 7.31447e+00 9.74777e+00 7.64573e+00 1.09226e+01 1.00000e+00 9.00000e-01 
2.53287e+04 4.43540e+00 1.17967e+01 4.94103e+00 1.18963e+01 9.00000e-01 8.66667e-01 
2.53368e+04 4.28306e+00 1.32435e+01 4.50434e+00 1.29099e+01 9.00000e-01 9.33333e-01 
2.53449e+04 4.87617e+00 1.53935e+01 5.59096e+00 1.58735e+01 9.00000e-01 9.33333e-01 
2.53530e+04 7.19417e+00 1.08038e+01 5.34775e+00 1.04493e+01 9.66667e-01 9.66667e-01 
2.53611e+04 1.14406e+01 1.03635e+01 9.59956e+00 1.27062e+01 8.66667e-01 9.00000e-01 
2.53692e+04 9.58276e+00 1.03457e+01 9.22665e+00 1.06515e+01 9.33333e-01 9.00000e-01 
2.53773e+04 8.38899e+00 9.30271e+00 6.85980e+00 9.22438e+00 9.00000e-01 9.66667e-01 
2.53854e+04 8.26945e+00 1.17153e+01 6.92215e+00 1.16251e+01 8.00000e-01 9.66667e-01 
2.53935e+04 1.15626e+01 1.07387e+01 6.74913e+00 1.11490e+01 8.00000e-01 9.33333e-01 
2.54016e+04 8.53804e+00 1.10750e+01 7.49925e+00 1.05022e+01 8.33333e-01 9.00000e-01 
2.54097e+04 8.15143e+00 1.16782e+01 8.77662e+00 1.13971e+01 9.33333e-01 8.33333e-01 
2.54178e+04 4.12603e+00 1.02964e+01 1.01858e+01 1.31367e+01 9.33333e-01 9.00000e-01 
2.54259e+04 4.78222e+00 1.10678e+01 8.32163e+00 1.31858e+01 9.00000e-01 9.66667e-01 
2.54340e+04 7.33041e+00 1.07391e+01 6.60644e+00 1.06287e+01 9.33333e-01 9.00000e-01 
2.54421e+04 3.26824e+00 1.32354e+01 6.86628e+00 1.44089e+01 9.00000e-01 9.00000e-01 
2.54502e+04 7.46088e+00 1.18928e+01 7.35711e+00 1.47438e+01 9.66667e-01 9.00000e-01 
2.54583e+04 6.38515e+00 1.33901e+01 6.14859e+00 1.30295e+01 9.00000e-01 9.33333e-01 
2.54664e+04 7.82826e+00 1.36801e+01 9.57748e+00 1.43194e+01 9.33333e-01 8.66667e-01 
2.54745e+04 9.22459e+00 1.55236e+01 8.85150e+00 1.61304e+01 1.00000e+00 8.66667e-01 
2.54826e+04 9.27391e+00 1.64090e+01 9.32294e+00 1.65570e+01 1.00000e+00 8.33333e-01 
2.54907e+04 7.42651e+00 1.70187e+01 6.69717e+00 1.69719e+01 9.66667e-01 9.00000e-01 
2.54988e+04 9.62745e+00 1.37788e+01 6.98388e+00 1.42655e+01 9.33333e-01 8.66667e-01 
2.55069e+04 8.11981e+00 1.36061e+01 4.97173e+00 1.33092e+01 9.33333e-01 9.33333e-01 
2.55150e+04 4.09361e+00 1.12885e+01 7.35882e+00 1.12565e+01 9.00000e-01 1.00000e+00 
2.55231e+04 3.74150e+00 1.14049e+01 5.46565e+00 1.09101e+01 8.33333e-01 9.00000e-01 
2.55312e+04 4.34879e+00 9.20564e+00 8.00829e+00 8.75604e+00 8.33333e-01 1.00000e+00 
2.55393e+04 8.60364e+00 1.08709e+01 7.33613e+00 1.13621e+01 9.33333e-01 9.00000e-01 
2.55474e+04 9.49840e+00 7.01969e+00 5.81773e+00 7.31502e+00 9.00000e-01 1.00000e+00 
2.55555e+04 7.43825e+00 1.39091e+01 7.58571e+00 1.07294e+01 1.00000e+00 9.66667e-01 
2.55636e+04 2.53963e+00 1.15435e+01 2.86944e+00 1.02662e+01 1.00000e+00 8.66667e-01 
2.55717e+04 6.01162e+00 5.68286e+00 6.09120e+00 1.18509e+01 9.66667e-01 9.00000e-01 
2.55798e+04 4.90104e+00 9.43354e+00 5.16463e+00 8.04466e+00 9.33333e-01 7.66667e-01 
2.55879e+04 4.77578e+00 8.98428e+00 4.89222e+00 1.23002e+01 1.00000e+00 9.33333e-01 
2.55960e+04 7.72010e+00 8.70511e+00 7.28971e+00 7.50491e+00 9.33333e-01 9.66667e-01 
2.56041e+04 7.84231e+00 8.19002e+00 3.06113e+00 8.19260e+00 8.33333e-01 9.33333e-01 
2.56122e+04 8.43641e+00 8.30661e+00 6.32928e+00 8.02464e+00 9.00000e-01 9.66667e-01 
2.56203e+04 9.12306e+00 9.06025e+00 7.96329e+00 8.36749e+00 9.33333e-01 9.33333e-01 
2.56284e+04 8.18882e+00 7.27627e+00 8.08316e+00 6.62519e+00 9.33333e-01 9.33333e-01 
2.56365e+04 7.78200e+00 9.96097e+00 7.51979e+00 7.63804e+00 8.33333e-01 9.00000e-01 
2.56446e+04 8.94343e+00 7.57747e+00 9.12473e+00 7.00968e+00 9.00000e-01 9.33333e-01 
2.56527e+04 3.32380e+00 5.22518e+00 4.49694e+00 5.10440e+00 9.00000e-01 9.33333e-01 
2.56608e+04 2.87389e+00 8.65226e+00 3.89125e+00 7.45898e+00 9.00000e-01 9.00000e-01 
2.56689e+04 5.39587e+00 1.09482e+01 5.06654e+00 7.44447e+00 9.33333e-01 8.66667e-01 
2.56770e+04 6.29768e+00 6.52651e+00 5.72488e+00 5.50806e+00 9.33333e-01 9.33333e-01 
2.56851e+04 6.50636e+00 7.38517e+00 4.85594e+00 7.23480e+00 9.00000e-01 9.66667e-01 
2.56932e+04 6.09116e+00 6.01888e+00 6.25400e+00 5.85731e+00 1.00000e+00 9.00000e-01 
2.57013e+04 5.86464e+00 3.02888e+00 5.62884e+00 2.82568e+00 9.66667e-01 1.00000e+00 
2.57094e+04 4.15614e+00 4.43727e+00 4.19124e+00 4.42584e+00 9.00000e-01 9.33333e-01 
2.57175e+04 7.99645e+00 4.68452e+00 5.60845e+00 4.61758e+00 8.00000e-01 8.33333e-01 
2.57256e+04 6.23379e+00 6.66660e+00 6.19723e+00 7.20661e+00 9.66667e-01 8.66667e-01 
2.57337e+04 5.75740e+00 9.83490e+00 6.51903e+00 7.59923e+00 9.33333e-01 7.66667e-01 
2.57418e+04 4.87806e+00 6.53816e+00 5.39787e+00 6.96816e+00 9.00000e-01 1.00000e+00 
2.57499e+04 7.27191e+00 4.67013e+00 7.51860e+00 4.27866e+00 1.00000e+00 9.00000e-01 
2.57580e+04 7.60716e+00 8.41333e+00 8.12638e+00 8.16793e+00 9.33333e-01 9.66667e-01 
2.57661e+04 7.06263e+00 7.33478e+00 4.50547e+00 8.10329e+00 9.33333e-01 1.00000e+00 
2.57742e+04 9.47469e+00 7.85967e+00 5.38289e+00 8.03595e+00 8.66667e-01 9.66667e-01 
2.57823e+04 7.98868e+00 4.83774e+00 4.77492e+00 5.08451e+00 8.66667e-01 9.00000e-01 
2.57904e+04 7.73730e+00 3.95226e+00 5.42175e+00 3.63063e+00 9.00000e-01 9.33333e-01 
2.57985e+04 1.34721e+01 5.26187e+00 9.76087e+00 5.19930e+00 9.00000e-01 9.66667e-01 
2.58066e+04 1.10281e+01 5.17771e+00 9.43529e+00 5.06868e+00 8.00000e-01 9.33333e-01 
2.58147e+04 1.04869e+01 6.87018e+00 9.39788e+00 6.88146e+00 8.66667e-01 9.66667e-01 
2.58228e+04 7.38629e+00 5.01426e+00 1.02575e+01 7.06057e+00 9.66667e-01 8.66667e-01 
2.58309e+04 9.33969e+00 4.47389e+00 1.20700e+01 3.54116e+00 9.66667e-01 8.33333e-01 
2.58390e+04 1.19363e+01 5.72883e+00 9.58650e+00 4.93567e+00 9.66667e-01 8.33333e-01 
2.58471e+04 8.81745e+00 7.41436e+00 9.13008e+00 5.88435e+00 9.00000e-01 8.66667e-01 
2.58552e+04 7.31299e+00 7.89327e+00 1.01909e+01 5.37772e+00 9.33333e-01 8.33333e-01 
2.58633e+04 9.25291e+00 7.39486e+00 1.31174e+01 5.42150e+00 8.33333e-01 8.00000e-01 
2.58714e+04 1.27314e+01 8.14880e+00 1.23123e+01 3.45818e+00 9.66667e-01 8.66667e-01 
2.58795e+04 9.51078e+00 5.12678e+00 9.29996e+00 4.59815e+00 9.33333e-01 8.66667e-01 
2.58876e+04 7.00487e+00 4.23079e+00 9.10511e+00 5.48772e+00 8.66667e-01 8.66667e-01 
2.58957e+04 9.32966e+00 6.36289e+00 8.05143e+00 5.11638e+00 8.66667e-01 8.00000e-01 
2.59038e+04 1.08142e+01 5.30797e+00 6.26302e+00 8.19707e+00 9.33333e-01 8.00000e-01 
2.59119e+04 8.60024e+00 5.33075e+00 1.13609e+01 6.26977e+00 9.00000e-01 8.66667e-01 
2.59200e+04 9.47241e+00 7.67328e+00 8.98819e+00 4.59833e+00 1.00000e+00 9.00000e-01 
2.59281e+04 8.20852e+00 7.69244e+00 7.79964e+00 5.23965e+00 9.66667e-01 9.33333e-01 
2.59362e+04 9.68823e+00 8.23162e+00 9.12878e+00 2.54467e+00 9.33333e-01 8.00000e-01 
2.59443e+04 1.10731e+01 9.37790e+00 8.43470e+00 3.24922e+00 9.33333e-01 8.66667e-01 
2.59524e+04 8.63387e+00 6.89896e+00 9.68413e+00 6.17960e+00 8.33333e-01 8.33333e-01 
2.59605e+04 9.36028e+00 7.46283e+00 9.95086e+00 2.74026e+00 9.33333e-01 9.00000e-01 
2.59686e+04 5.27092e+00 4.64941e+00 1.22587e+01 5.09951e+00 9.00000e-01 8.33333e-01 
2.59767e+04 5.20881e+00 6.03138e+00 9.14317e+00 4.55599e+00 8.00000e-01 8.33333e-01 
2.59848e+04 7.73244e+00 8.84707e+00 7.69953e+00 2.26613e+00 1.00000e+00 8.66667e-01 
2.59929e+04 8.57459e+00 1.10180e+01 8.21278e+00 2.16235e+00 9.00000e-01 8.66667e-01 
2.60010e+04 1.18257e+01 9.47187e+00 9.33161e+00 4.65225e+00 9.00000e-01 8.66667e-01 
2.60091e+04 8.09686e+00 8.85185e+00 8.19510e+00 6.71895e+00 1.00000e+00 8.00000e-01 
2.60172e+04 8.37661e+00 8.55968e+00 8.53931e+00 7.59079e+00 1.00000e+00 7.00000e-01 
2.60253e+04 8.41983e+00 7.13741e+00 8.62108e+00 6.83147e+00 9.00000e-01 8.33333e-01 
2.60334e+04 6.44798e+00 1.00617e+01 5.63120e+00 6.36545e+00 8.33333e-01 9.00000e-01 
2.60415e+04 5.39390e+00 6.89352e+00 8.74321e+00 8.28415e+00 9.00000e-01 8.33333e-01 
2.60496e+04 3.92058e+00 6.73545e+00 7.74582e+00 7.25924e+00 9.00000e-01 8.66667e-01 
2.60577e+04 8.91720e+00 5.21405e+00 7.39860e+00 6.99896e+00 8.33333e-01 9.00000e-01 
2.60658e+04 5.67514e+00 8.14070e+00 6.09028e+00 3.03608e+00 8.66667e-01 9.33333e-01 
2.60739e+04 7.82325e+00 6.83292e+00 4.83360e+00 6.76900e+00 9.00000e-01 9.00000e-01 
2.60820e+04 6.94662e+00 7.76226e+00 8.80196e+00 7.77608e+00 9.33333e-01 9.00000e-01 
2.60901e+04 8.60248e+00 6.40082e+00 8.31359e+00 5.49149e+00 8.66667e-01 9.00000e-01 
2.60982e+04 4.96904e+00 6.12766e+00 6.70214e+00 5.97688e+00 8.66667e-01 9.33333e-01 
2.61063e+04 7.41011e+00 7.77911e+00 6.31755e+00 7.42442e+00 8.66667e-01 9.00000e-01 
2.61144e+04 2.64242e+00 6.04214e+00 5.31846e+00 5.61406e+00 8.66667e-01 1.00000e+00 
2.61225e+04 6.58088e+00 5.45651e+00 7.45211e+00 5.19890e+00 9.66667e-01 9.33333e-01 
2.61306e+04 7.95776e+00 8.86992e+00 7.77750e+00 8.51852e+00 9.66667e-01 1.00000e+00 
2.61387e+04 1.10803e+01 7.67485e+00 9.62753e+00 7.73645e+00 9.00000e-01 9.00000e-01 
2.61468e+04 8.77797e+00 9.59471e+00 9.67199e+00 9.47320e+00 9.33333e-01 9.33333e-01 
2.61549e+04 8.04307e+00 5.66844e+00 9.56582e+00 5.81816e+00 9.00000e-01 9.33333e-01 
2.61630e+04 7.16515e+00 7.86184e+00 9.85362e+00 7.86241e+00 9.66667e-01 9.33333e-01 
2.61711e+04 5.40913e+00 7.21474e+00 6.61871e+00 7.31285e+00 9.33333e-01 8.00000e-01 
2.61792e+04 8.89517e+00 8.60247e+00 7.49560e+00 9.08918e+00 9.33333e-01 8.66667e-01 
2.61873e+04 6.10867e+00 9.27610e+00 5.49026e+00 9.13892e+00 9.33333e-01 9.33333e-01 
2.61954e+04 7.95323e+00 1.14108e+01 7.58479e+00 1.12072e+01 1.00000e+00 9.33333e-01 
2.62035e+04 6.95570e+00 8.55894e+00 6.81726e+00 8.71353e+00 9.66667e-01 9.33333e-01 
2.62116e+04 1.03908e+01 1.05676e+01 9.93053e+00 1.08098e+01 1.00000e+00 9.33333e-01 
2.62197e+04 7.58431e+00 9.35194e+00 7.73324e+00 9.41198e+00 9.66667e-01 9.33333e-01 
2.62278e+04 4.70722e+00 8.50662e+00 4.65001e+00 8.64799e+00 1.00000e+00 9.33333e-01 
2.62359e+04 6.08178e+00 8.90544e+00 5.99169e+00 9.17391e+00 9.66667e-01 8.66667e-01 
2.62440e+04 5.76558e+00 9.58323e+00 7.62177e+00 9.50684e+00 9.33333e-01 9.00000e-01 
2.62521e+04 6.56291e+00 1.06372e+01 6.67691e+00 7.60307e+00 9.33333e-01 9.33333e-01 
2.62602e+04 3.03644e+00 6.85946e+00 3.17379e+00 6.78626e+00 9.33333e-01 9.00000e-01 
2.62683e+04 6.45026e+00 6.68011e+00 6.43496e+00 5.72566e+00 8.66667e-01 9.00000e-01 
2.62764e+04 7.04498e+00 4.33740e+00 5.52142e+00 5.89976e+00 8.33333e-01 8.66667e-01 
2.62845e+04 7.43852e+00 4.91939e+00 7.52935e+00 5.27314e+00 8.66667e-01 9.66667e-01 
2.62926e+04 4.78420e+00 4.91498e+00 9.73680e+00 5.08273e+00 9.66667e-01 9.00000e-01 
2.63007e+04 7.18815e+00 6.94521e+00 8.89129e+00 6.88671e+00 9.33333e-01 9.33333e-01 
2.63088e+04 6.69882e+00 7.66019e+00 6.14897e+00 8.42077e+00 9.66667e-01 8.66667e-01 
2.63169e+04 8.20599e+00 5.04710e+00 7.54180e+00 5.66880e+00 1.00000e+00 9.33333e-01 
2.63250e+04 9.26956e+00 6.54772e+00 9.08033e+00 6.55726e+00 9.66667e-01 8.33333e-01 
2.63331e+04 9.91205e+00 6.39728e+00 1.01895e+01 6.75865e+00 9.66667e-01 9.00000e-01 
2.63412e+04 8.39592e+00 7.64615e+00 8.10621e+00 7.76214e+00 9.66667e-01 9.33333e-01 
2.63493e+04 1.01883e+01 8.11359e+00 1.03279e+01 7.68437e+00 1.00000e+00 9.66667e-01 
2.63574e+04 7.74596e+00 1.00070e+01 7.68756e+00 1.01783e+01 9.33333e-01 9.33333e-01 
2.63655e+04 8.54233e+00 1.04723e+01 8.52568e+00 1.06469e+01 8.66667e-01 9.33333e-01 
2.63736e+04 8.64581e+00 9.81597e+00 8.30103e+00 9.67054e+00 1.00000e+00 9.33333e-01 
2.63817e+04 9.54914e+00 1.17171e+01 9.49421e+00 1.12954e+01 9.66667e-01 8.00000e-01 
2.63898e+04 7.70922e+00 1.20968e+01 7.59702e+00 1.32799e+01 9.66667e-01 8.33333e-01 
2.63979e+04 8.04791e+00 1.01357e+01 7.91208e+00 1.02076e+01 9.66667e-01 8.66667e-01 
2.64060e+04 4.95095e+00 9.48962e+00 7.82611e+00 9.54912e+00 8.66667e-01 8.33333e-01 
2.64141e+04 5.50726e+00 1.01923e+01 8.25100e+00 1.04627e+01 8.00000e-01 1.00000e+00 
2.64222e+04 4.62097e+00 9.53537e+00 9.96236e+00 9.82051e+00 9.33333e-01 9.00000e-01 
2.64303e+04 5.75617e+00 8.05043e+00 5.43809e+00 8.62658e+00 9.00000e-01 9.33333e-01 
2.64384e+04 7.66754e+00 5.21490e+00 6.82592e+00 5.65257e+00 9.66667e-01 1.00000e+00 
2.64465e+04 8.31690e+00 6.41423e+00 4.42115e+00 7.40559e+00 8.66667e-01 9.33333e-01 
2.64546e+04 6.55027e+00 8.73168e+00 6.42950e+00 8.70958e+00 9.66667e-01 9.66667e-01 
2.64627e+04 7.27517e+00 7.64705e+00 5.49448e+00 7.31791e+00 9.00000e-01 1.00000e+00 
2.64708e+04 5.15651e+00 7.11742e+00 5.49991e+00 7.26668e+00 1.00000e+00 9.00000e-01 
2.64789e+04 3.65233e+00 9.06303e+00 4.13121e+00 8.31067e+00 9.66667e-01 9.00000e-01 
2.64870e+04 5.39486e+00 6.91347e+00 5.70356e+00 6.53539e+00 1.00000e+00 9.66667e-01 
2.64951e+04 4.72678e+00 6.91815e+00 5.46754e+00 6.05552e+00 8.66667e-01 9.00000e-01 
2.65032e+04 3.82159e+00 6.37982e+00 5.08255e+00 6.48698e+00 9.66667e-01 9.66667e-01 
2.65113e+04 7.57994e+00 9.48688e+00 7.71714e+00 9.30806e+00 1.00000e+00 9.00000e-01 
2.65194e+04 6.11765e+00 5.01489e+00 6.06473e+00 4.88291e+00 9.33333e-01 9.33333e-01 
2.65275e+04 5.02363e+00 5.56465e+00 5.57580e+00 4.67737e+00 9.66667e-01 9.00000e-01 
2.65356e+04 5.73391e+00 6.42208e+00 6.20530e+00 5.15734e+00 9.66667e-01 9.00000e-01 
2.65437e+04 5.24246e+00 6.98730e+00 5.70139e+00 6.38867e+00 9.66667e-01 8.00000e-01 
2.65518e+04 2.93041e+00 6.42562e+00 3.10647e+00 5.87808e+00 9.00000e-01 9.33333e-01 
2.65599e+04 4.37591e+00 8.37773e+00 5.03826e+00 7.92011e+00 9.66667e-01 9.00000e-01 
2.65680e+04 1.09168e+00 7.24073e+00 1.66187e+00 7.20350e+00 1.00000e+00 9.66667e-01 
2.65761e+04 8.38877e-01 7.35222e+00 2.07705e+00 8.56697e+00 8.66667e-01 8.66667e-01 
2.65842e+04 4.14054e+00 7.58356e+00 3.78909e+00 8.19332e+00 9.33333e-01 8.66667e-01 
2.65923e+04 5.76142e+00 9.87238e+00 5.62057e+00 1.12206e+01 9.00000e-01 8.66667e-01 
2.66004e+04 3.41893e+00 1.04805e+01 3.14720e+00 9.69224e+00 1.00000e+00 9.66667e-01 
2.66085e+04 6.46627e+00 7.85018e+00 5.96416e+00 8.38395e+00 9.66667e-01 9.33333e-01 
2.66166e+04 4.16100e+00 1.06952e+01 4.47670e+00 1.11269e+01 9.33333e-01 9.00000e-01 
2.66247e+04 6.93435e+00 1.03378e+01 6.09786e+00 1.46592e+01 9.66667e-01 9.33333e-01 
2.66328e+04 6.97967e+00 1.06430e+01 5.59517e+00 1.19468e+01 9.33333e-01 9.33333e-01 
2.66409e+04 3.28004e+00 6.64424e+00 4.00464e+00 7.08008e+00 9.00000e-01 9.33333e-01 
2.66490e+04 3.21200e+00 7.04085e+00 3.23687e+00 7.50978e+00 1.00000e+00 9.66667e-01 
2.66571e+04 3.25841e+00 8.06445e+00 3.38786e+00 7.39477e+00 9.66667e-01 9.33333e-01 
2.66652e+04 4.05563e+00 7.53480e+00 3.82334e+00 8.04741e+00 9.66667e-01 9.00000e-01 
2.66733e+04 3.50157e+00 5.02586e+00 3.74943e+00 5.41706e+00 9.33333e-01 9.66667e-01 
2.66814e+04 1.32197e+00 6.68800e+00 1.27741e+00 5.85298e+00 9.33333e-01 9.00000e-01 
2.66895e+04 3.77641e+00 5.80426e+00 3.80856e+00 5.98887e+00 9.66667e-01 9.00000e-01 
2.66976e+04 6.38025e+00 6.27865e+00 6.13151e+00 6.41827e+00 9.33333e-01 9.00000e-01 
2.67057e+04 5.03783e+00 3.42417e+00 4.58555e+00 3.63752e+00 9.33333e-01 9.00000e-01 
2.67138e+04 4.81142e+00 3.04338e+00 4.63096e+00 2.82116e+00 8.66667e-01 9.33333e-01 
2.67219e+04 4.04008e+00 4.11695e+00 4.44593e+00 3.81903e+00 7.66667e-01 9.66667e-01 
2.67300e+04 5.78331e+00 5.05101e+00 5.81237e+00 4.65646e+00 9.00000e-01 9.33333e-01 
2.67381e+04 7.94847e+00 4.49475e+00 8.05662e+00 4.18975e+00 9.00000e-01 9.00000e-01 
2.67462e+04 4.72323e+00 6.14094e+00 4.67905e+00 6.07776e+00 1.00000e+00 9.66667e-01 
2.67543e+04 7.44694e+00 4.84905e+00 7.44663e+00 4.70180e+00 9.00000e-01 8.66667e-01 
2.67624e+04 5.29065e+00 7.56217e+00 5.28569e+00 7.34914e+00 9.33333e-01 8.66667e-01 
2.67705e+04 4.23112e+00 7.31275e+00 4.05753e+00 8.85928e+00 9.33333e-01 9.00000e-01 
2.67786e+04 5.87435e+00 5.51521e+00 5.81597e+00 6.12130e+00 9.66667e-01 9.00000e-01 
2.67867e+04 5.34522e+00 7.44966e+00 5.07247e+00 7.76739e+00 9.00000e-01 9.66667e-01 
2.67948e+04 5.30354e+00 5.92108e+00 5.42846e+00 5.65256e+00 9.66667e-01 9.33333e-01 
2.68029e+04 6.58726e+00 4.99825e+00 6.71292e+00 4.60785e+00 9.66667e-01 9.33333e-01 
2.68110e+04 9.67610e+00 5.94808e+00 9.43636e+00 5.37338e+00 9.66667e-01 9.66667e-01 
2.68191e+04 6.43775e+00 6.44645e+00 9.66333e+00 6.30589e+00 9.66667e-01 9.66667e-01 
2.68272e+04 7.99163e+00 4.94221e+00 6.67854e+00 4.96285e+00 9.33333e-01 9.33333e-01 
2.68353e+04 9.05347e+00 4.69862e+00 8.17080e+00 5.67523e+00 9.00000e-01 9.00000e-01 
2.68434e+04 9.76279e+00 4.23959e+00 9.67839e+00 4.56787e+00 9.33333e-01 9.00000e-01 
2.68515e+04 9.50413e+00 6.42958e+00 9.99060e+00 6.64009e+00 9.66667e-01 9.00000e-01 
2.68596e+04 8.93832e+00 7.41460e+00 9.41913e+00 7.76049e+00 9.66667e-01 9.00000e-01 
2.68677e+04 9.93358e+00 5.12653e+00 9.60242e+00 5.35814e+00 1.00000e+00 9.33333e-01 
2.68758e+04 1.11230e+01 5.63780e+00 6.81094e+00 6.11875e+00 9.66667e-01 9.33333e-01 
2.68839e+04 8.22801e+00 4.70425e+00 1.02739e+01 5.81777e+00 8.33333e-01 9.00000e-01 
2.68920e+04 8.63037e+00 3.67236e+00 8.87249e+00 3.73165e+00 8.66667e-01 9.66667e-01 
2.69001e+04 7.58212e+00 5.48901e+00 8.62376e+00 5.79408e+00 9.33333e-01 9.33333e-01 
2.69082e+04 9.68837e+00 4.75231e+00 1.01403e+01 4.94039e+00 8.66667e-01 9.66667e-01 
2.69163e+04 1.22594e+01 5.81529e+00 9.45426e+00 6.19027e+00 8.66667e-01 9.00000e-01 
2.69244e+04 1.16211e+01 5.50347e+00 1.20519e+01 5.23222e+00 9.33333e-01 9.33333e-01 
2.69325e+04 1.17668e+01 5.10405e+00 1.18613e+01 5.94784e+00 9.66667e-01 9.66667e-01 
2.69406e+04 9.57798e+00 4.54115e+00 9.42340e+00 3.59189e+00 9.66667e-01 9.33333e-01 
2.69487e+04 1.12384e+01 6.15680e+00 1.07731e+01 6.00171e+00 9.66667e-01 9.66667e-01 
2.69568e+04 9.15338e+00 8.99996e+00 9.23408e+00 7.53270e+00 9.66667e-01 9.66667e-01 
2.69649e+04 1.21515e+01 6.06430e+00 1.16191e+01 6.11220e+00 9.00000e-01 9.66667e-01 
2.69730e+04 9.89585e+00 5.93012e+00 1.01780e+01 3.69726e+00 9.66667e-01 9.00000e-01 
2.69811e+04 1.04431e+01 7.55665e+00 1.02054e+01 3.19080e+00 9.33333e-01 9.00000e-01 
2.69892e+04 9.86872e+00 5.55911e+00 1.02947e+01 1.74506e+00 9.00000e-01 9.33333e-01 
2.69973e+04 7.74606e+00 3.90299e+00 8.75175e+00 5.86625e+00 9.66667e-01 9.00000e-01 
2.70054e+04 7.98255e+00 2.12757e+00 7.88278e+00 1.96554e+00 9.66667e-01 9.33333e-01 
2.70135e+04 1.04546e+01 2.75866e+00 1.01294e+01 2.69731e+00 9.33333e-01 9.33333e-01 
2.70216e+04 7.23821e+00 2.68748e+00 7.98173e+00 2.67423e+00 8.66667e-01 9.00000e-01 
2.70297e+04 5.54402e+00 1.58527e+00 6.03533e+00 1.96054e+00 8.00000e-01 8.00000e-01 
2.70378e+04 7.15197e+00 2.59062e+00 6.03946e+00 1.79189e+00 8.00000e-01 8.00000e-01 
2.70459e+04 6.88625e+00 5.42042e+00 4.48681e+00 4.63567e+00 7.66667e-01 9.33333e-01 
2.70540e+04 7.10368e+00 5.25209e+00 6.53306e+00 5.52222e+00 9.33333e-01 9.66667e-01 
2.70621e+04 7.57369e+00 5.47412e+00 8.34062e+00 5.42442e+00 9.33333e-01 9.33333e-01 
2.70702e+04 9.76974e+00 3.69525e+00 9.69880e+00 3.88158e+00 9.33333e-01 9.33333e-01 
2.70783e+04 9.06951e+00 6.20558e+00 8.58634e+00 6.43446e+00 9.66667e-01 9.00000e-01 
2.70864e+04 9.18386e+00 6.32550e+00 9.55599e+00 6.65354e+00 9.66667e-01 9.66667e-01 
2.70945e+04 1.05576e+01 8.16895e+00 9.24030e+00 7.52037e+00 9.33333e-01 8.66667e-01 
2.71026e+04 8.95547e+00 8.33837e+00 4.14095e+00 7.10492e+00 8.33333e-01 8.66667e-01 
2.71107e+04 8.75053e+00 6.69918e+00 1.04852e+01 5.70178e+00 9.66667e-01 9.33333e-01 
2.71188e+04 9.05282e+00 5.95075e+00 7.52645e+00 8.04416e+00 9.33333e-01 9.00000e-01 
2.71269e+04 9.11899e+00 8.53929e+00 6.44909e+00 8.73426e+00 9.33333e-01 9.66667e-01 
2.71350e+04 1.00217e+01 1.03720e+01 7.34111e+00 6.86621e+00 9.00000e-01 9.33333e-01 
2.71431e+04 8.02865e+00 1.03067e+01 8.38528e+00 7.99941e+00 9.00000e-01 8.33333e-01 
2.71512e+04 6.94581e+00 5.05806e+00 1.00612e+01 4.85546e+00 9.00000e-01 9.33333e-01 
2.71593e+04 6.43241e+00 6.11216e+00 6.92104e+00 5.62334e+00 9.33333e-01 9.33333e-01 
2.71674e+04 6.31229e+00 9.03728e+00 6.65751e+00 4.98371e+00 9.33333e-01 9.33333e-01 
2.71755e+04 6.87835e+00 8.41219e+00 6.90277e+00 6.11149e+00 8.33333e-01 8.66667e-01 
2.71836e+04 8.99186e+00 9.85059e+00 9.22495e+00 7.28801e+00 8.66667e-01 9.33333e-01 
2.71917e+04 9.71567e+00 5.58540e+00 9.37867e+00 5.82963e+00 1.00000e+00 9.66667e-01 
2.71998e+04 8.79544e+00 9.94633e+00 8.61182e+00 9.83856e+00 9.00000e-01 8.66667e-01 
2.72079e+04 7.10521e+00 9.34624e+00 6.78595e+00 9.47728e+00 9.66667e-01 9.00000e-01 
2.72160e+04 5.28087e+00 6.76347e+00 4.77412e+00 7.16835e+00 1.00000e+00 9.33333e-01 
2.72241e+04 7.25786e+00 6.94285e+00 7.26864e+00 6.98266e+00 8.33333e-01 9.00000e-01 
2.72322e+04 6.34048e+00 7.84851e+00 6.28048e+00 7.33655e+00 9.33333e-01 9.00000e-01 
2.72403e+04 6.72987e+00 8.60144e+00 5.20147e+00 8.62887e+00 9.66667e-01 8.66667e-01 
2.72484e+04 7.22765e+00 7.91768e+00 6.56967e+00 8.13237e+00 9.33333e-01 8.66667e-01 
2.72565e+04 9.22565e+00 9.77929e+00 8.24727e+00 9.39091e+00 8.66667e-01 9.00000e-01 
2.72646e+04 4.00785e+00 1.02965e+01 5.39836e+00 9.92269e+00 9.00000e-01 9.33333e-01 
2.72727e+04 6.38454e+00 9.77467e+00 6.13120e+00 9.64952e+00 9.33333e-01 9.33333e-01 
2.72808e+04 4.16415e+00 1.15331e+01 4.14161e+00 1.13522e+01 9.66667e-01 9.33333e-01 
2.72889e+04 3.82077e+00 9.74961e+00 3.97840e+00 1.13132e+01 9.33333e-01 9.66667e-01 
2.72970e+04 5.56688e+00 1.04838e+01 5.38701e+00 1.03729e+01 9.00000e-01 9.00000e-01 
2.73051e+04 4.67096e+00 8.79584e+00 4.10703e+00 9.18041e+00 9.66667e-01 8.33333e-01 
2.73132e+04 6.92410e+00 1.07654e+01 6.72505e+00 1.09120e+01 9.33333e-01 8.00000e-01 
2.73213e+04 4.27356e+00 9.30497e+00 4.33934e+00 9.66428e+00 9.33333e-01 8.66667e-01 
2.73294e+04 3.43624e+00 1.06675e+01 3.23398e+00 1.14671e+01 9.66667e-01 8.00000e-01 
2.73375e+04 4.51367e+00 1.15095e+01 4.95056e+00 9.65013e+00 9.66667e-01 8.33333e-01 
2.73456e+04 3.77741e+00 1.20808e+01 5.57416e+00 1.05819e+01 8.33333e-01 8.66667e-01 
2.73537e+04 5.03617e+00 1.38597e+01 5.05321e+00 1.02839e+01 9.33333e-01 8.33333e-01 
2.73618e+04 2.35109e+00 1.27112e+01 2.33362e+00 7.37262e+00 9.66667e-01 8.66667e-01 
2.73699e+04 2.26424e+00 1.20993e+01 2.58197e+00 1.21728e+01 9.33333e-01 9.00000e-01 
2.73780e+04 4.06896e+00 1.30941e+01 3.86303e+00 1.21668e+01 9.33333e-01 8.66667e-01 
2.73861e+04 3.09425e+00 1.03734e+01 3.42781e+00 1.12816e+01 1.00000e+00 9.00000e-01 
2.73942e+04 2.11649e+00 1.19870e+01 5.90389e+00 1.23465e+01 9.00000e-01 9.00000e-01 
2.74023e+04 1.58474e+00 1.09810e+01 3.17789e+00 8.42542e+00 9.66667e-01 8.33333e-01 
2.74104e+04 1.62261e+00 1.09380e+01 1.71289e+00 1.12211e+01 1.00000e+00 8.66667e-01 
2.74185e+04 5.10377e+00 1.33289e+01 5.34145e+00 1.21495e+01 9.66667e-01 9.00000e-01 
2.74266e+04 4.48024e+00 1.24108e+01 5.11423e+00 1.19368e+01 9.33333e-01 9.00000e-01 
2.74347e+04 6.75402e+00 1.35885e+01 7.34657e+00 1.40355e+01 9.66667e-01 8.66667e-01 
2.74428e+04 5.85684e+00 1.05915e+01 6.12279e+00 1.02290e+01 9.66667e-01 8.33333e-01 
2.74509e+04 5.11928e+00 1.08213e+01 5.73063e+00 1.04971e+01 9.00000e-01 9.00000e-01 
2.74590e+04 5.89891e+00 1.20222e+01 5.85150e+00 1.15926e+01 9.66667e-01 9.66667e-01 
2.74671e+04 5.07734e+00 1.22295e+01 4.87418e+00 1.21893e+01 9.00000e-01 9.66667e-01 
2.74752e+04 3.96955e+00 1.46701e+01 3.94109e+00 1.49340e+01 9.33333e-01 1.00000e+00 
2.74833e+04 7.00316e+00 1.07733e+01 6.19858e+00 1.01635e+01 9.66667e-01 9.33333e-01 
2.74914e+04 4.99679e+00 9.90605e+00 6.52385e+00 1.00809e+01 9.66667e-01 9.66667e-01 
2.74995e+04 6.45035e+00 9.57218e+00 7.01990e+00 1.12807e+01 9.00000e-01 7.33333e-01 
2.75076e+04 4.56794e+00 1.02970e+01 6.50909e+00 1.05248e+01 8.66667e-01 9.66667e-01 
2.75157e+04 6.18697e+00 1.18260e+01 6.01008e+00 1.19980e+01 9.33333e-01 9.66667e-01 
2.75238e+04 4.69413e+00 1.22808e+01 5.13379e+00 1.22565e+01 9.66667e-01 9.00000e-01 
2.75319e+04 7.88514e+00 1.23151e+01 8.08840e+00 1.21201e+01 9.33333e-01 1.00000e+00 
2.75400e+04 7.69249e+00 1.08701e+01 8.02569e+00 1.12818e+01 8.33333e-01 9.00000e-01 
2.75481e+04 6.10847e+00 1.36435e+01 7.75280e+00 1.39603e+01 9.33333e-01 9.66667e-01 
2.75562e+04 6.16136e+00 1.09916e+01 1.05849e+01 1.13509e+01 9.33333e-01 1.00000e+00 
2.75643e+04 6.93059e+00 8.98446e+00 8.96556e+00 9.30542e+00 9.33333e-01 9.66667e-01 
2.75724e+04 9.35464e+00 8.91764e+00 9.10257e+00 8.57497e+00 9.33333e-01 8.66667e-01 
2.75805e+04 6.41246e+00 8.26603e+00 6.04643e+00 8.01872e+00 9.33333e-01 9.00000e-01 
2.75886e+04 8.08937e+00 8.49345e+00 7.33903e+00 8.29983e+00 9.66667e-01 9.33333e-01 
2.75967e+04 6.48668e+00 7.88558e+00 6.09533e+00 8.13565e+00 8.66667e-01 9.33333e-01 
2.76048e+04 8.27318e+00 8.59682e+00 8.27407e+00 8.42117e+00 9.33333e-01 1.00000e+00 
2.76129e+04 8.08049e+00 5.38672e+00 8.01827e+00 5.01979e+00 9.00000e-01 9.66667e-01 
2.76210e+04 6.79183e+00 5.48038e+00 6.44999e+00 5.28748e+00 1.00000e+00 9.33333e-01 
2.76291e+04 9.05888e+00 6.19572e+00 8.85818e+00 6.41962e+00 8.33333e-01 9.00000e-01 
2.76372e+04 9.86327e+00 5.76606e+00 9.80714e+00 5.41281e+00 8.66667e-01 9.66667e-01 
2.76453e+04 8.62645e+00 5.38385e+00 8.68228e+00 5.71118e+00 9.33333e-01 9.33333e-01 
2.76534e+04 8.49981e+00 5.35560e+00 8.06551e+00 5.35084e+00 9.66667e-01 1.00000e+00 
2.76615e+04 9.03537e+00 5.53982e+00 8.62478e+00 5.95561e+00 1.00000e+00 8.66667e-01 
2.76696e+04 1.02813e+01 2.93369e+00 1.02308e+01 3.10951e+00 9.66667e-01 1.00000e+00 
2.76777e+04 9.09025e+00 3.79913e+00 9.08394e+00 3.46209e+00 9.00000e-01 9.33333e-01 
2.76858e+04 1.02972e+01 5.12357e+00 7.97088e+00 4.76106e+00 8.66667e-01 9.33333e-01 
2.76939e+04 7.43176e+00 4.54686e+00 8.02049e+00 4.56293e+00 9.00000e-01 9.00000e-01 
2.77020e+04 7.53809e+00 5.53427e+00 8.30981e+00 6.42769e+00 1.00000e+00 9.66667e-01 
2.77101e+04 7.44805e+00 5.88709e+00 8.18676e+00 6.60758e+00 9.33333e-01 9.66667e-01 
2.77182e+04 9.80353e+00 6.15620e+00 1.01718e+01 6.56839e+00 9.33333e-01 9.00000e-01 
2.77263e+04 8.51820e+00 4.77763e+00 8.79571e+00 4.25187e+00 1.00000e+00 1.00000e+00 
2.77344e+04 7.48437e+00 5.04454e+00 7.16705e+00 4.77384e+00 9.66667e-01 9.66667e-01 
2.77425e+04 7.40460e+00 6.64768e+00 7.38752e+00 6.64953e+00 1.00000e+00 8.66667e-01 
2.77506e+04 8.93396e+00 5.27357e+00 8.93217e+00 5.90419e+00 1.00000e+00 9.33333e-01 
2.77587e+04 9.66821e+00 5.08008e+00 9.55074e+00 5.27625e+00 8.33333e-01 9.33333e-01 
2.77668e+04 8.45042e+00 4.96476e+00 8.56880e+00 3.47892e+00 9.00000e-01 9.33333e-01 
2.77749e+04 8.85348e+00 4.45138e+00 8.47296e+00 4.57261e+00 9.66667e-01 9.33333e-01 
2.77830e+04 7.55774e+00 3.28451e+00 7.12007e+00 2.96557e+00 9.66667e-01 9.66667e-01 
2.77911e+04 9.15860e+00 3.82569e+00 9.11975e+00 4.02833e+00 9.00000e-01 9.00000e-01 
2.77992e+04 6.56439e+00 3.51210e+00 6.89139e+00 3.90305e+00 9.66667e-01 9.33333e-01 
2.78073e+04 6.37946e+00 5.75187e+00 6.78831e+00 6.16347e+00 9.33333e-01 9.33333e-01 
2.78154e+04 7.04417e+00 4.02329e+00 6.14710e+00 4.37229e+00 9.33333e-01 9.33333e-01 
2.78235e+04 6.54124e+00 3.87466e+00 6.86648e+00 3.72522e+00 9.66667e-01 9.33333e-01 
2.78316e+04 5.39565e+00 6.93611e+00 5.36583e+00 6.74140e+00 9.00000e-01 9.66667e-01 
2.78397e+04 5.12819e+00 7.88183e+00 5.01167e+00 8.12891e+00 9.00000e-01 9.00000e-01 
2.78478e+04 5.34879e+00 4.08450e+00 4.94050e+00 3.48430e+00 9.00000e-01 9.33333e-01 
2.78559e+04 4.01866e+00 6.58123e+00 4.10466e+00 5.71760e+00 9.66667e-01 9.33333e-01 
2.78640e+04 6.15459e+00 4.19493e+00 6.61311e+00 2.35636e+00 9.00000e-01 8.66667e-01 
2.78721e+04 3.30333e+00 6.50057e+00 3.74579e+00 6.78122e+00 8.33333e-01 9.66667e-01 
2.78802e+04 4.21211e+00 6.37990e+00 4.57837e+00 6.04290e+00 9.33333e-01 9.33333e-01 
2.78883e+04 5.67171e+00 9.94025e+00 5.49727e+00 9.89486e+00 8.33333e-01 1.00000e+00 
2.78964e+04 5.60309e+00 9.08841e+00 5.87238e+00 8.92336e+00 9.33333e-01 9.00000e-01 
2.79045e+04 9.12927e+00 7.33333e+00 9.51111e+00 7.91033e+00 8.33333e-01 9.33333e-01 
2.79126e+04 9.01941e+00 7.81331e+00 9.09174e+00 8.17517e+00 8.33333e-01 9.66667e-01 
2.79207e+04 5.78970e+00 5.00735e+00 5.59294e+00 4.98826e+00 9.33333e-01 9.66667e-01 
2.79288e+04 8.92584e+00 6.60882e+00 9.16932e+00 6.56994e+00 9.00000e-01 1.00000e+00 
2.79369e+04 8.55544e+00 6.87295e+00 8.30055e+00 6.99343e+00 9.00000e-01 9.00000e-01 
2.79450e+04 8.77358e+00 5.04271e+00 9.22345e+00 5.14044e+00 9.00000e-01 9.66667e-01 
2.79531e+04 9.34562e+00 5.10050e+00 6.67191e+00 5.03371e+00 8.00000e-01 9.66667e-01 
2.79612e+04 1.03465e+01 4.81314e+00 9.52768e+00 5.03410e+00 8.33333e-01 9.00000e-01 
2.79693e+04 1.18682e+01 4.67764e+00 1.13546e+01 4.23454e+00 8.66667e-01 9.33333e-01 
2.79774e+04 1.17589e+01 6.15364e+00 9.02586e+00 7.32919e+00 9.33333e-01 9.00000e-01 
2.79855e+04 1.33805e+01 6.47446e+00 5.63496e+00 6.56340e+00 8.66667e-01 1.00000e+00 
2.79936e+04 7.09953e+00 6.06365e+00 5.88453e+00 6.15012e+00 8.66667e-01 9.00000e-01 
2.80017e+04 7.80856e+00 8.59747e+00 7.06707e+00 8.69435e+00 9.66667e-01 9.66667e-01 
2.80098e+04 6.51644e+00 8.03992e+00 6.50857e+00 8.08103e+00 9.00000e-01 9.66667e-01 
2.80179e+04 1.00930e+01 5.21729e+00 1.01283e+01 5.75605e+00 9.33333e-01 9.33333e-01 
2.80260e+04 7.29652e+00 7.05876e+00 7.13743e+00 7.70062e+00 9.00000e-01 9.33333e-01 
2.80341e+04 7.01344e+00 4.03542e+00 6.69258e+00 6.80239e+00 9.00000e-01 9.33333e-01 
2.80422e+04 6.13361e+00 5.67610e+00 6.18469e+00 2.88216e+00 1.00000e+00 9.00000e-01 
2.80503e+04 5.41037e+00 6.59974e+00 4.94259e+00 8.71923e+00 9.33333e-01 9.00000e-01 
2.80584e+04 4.08333e+00 6.19736e+00 3.50078e+00 6.34488e+00 9.33333e-01 9.33333e-01 
2.80665e+04 7.17649e+00 5.93105e+00 6.65579e+00 5.78627e+00 1.00000e+00 9.33333e-01 
2.80746e+04 8.74412e+00 5.73098e+00 8.28060e+00 7.66995e+00 9.00000e-01 8.66667e-01 
2.80827e+04 6.91830e+00 6.12448e+00 9.03067e+00 7.43876e+00 9.33333e-01 8.66667e-01 
2.80908e+04 6.68515e+00 5.21201e+00 7.79219e+00 7.59057e+00 9.33333e-01 9.66667e-01 
2.80989e+04 4.69735e+00 4.51101e+00 7.41918e+00 8.92692e+00 8.66667e-01 8.66667e-01 
2.81070e+04 7.21421e+00 5.26475e+00 6.51017e+00 6.43805e+00 8.66667e-01 9.66667e-01 
2.81151e+04 5.93780e+00 6.56575e+00 6.15047e+00 6.84573e+00 9.33333e-01 9.66667e-01 
2.81232e+04 5.42634e+00 5.89118e+00 7.77581e+00 6.22962e+00 9.00000e-01 9.00000e-01 
2.81313e+04 6.01856e+00 7.34555e+00 6.21769e+00 7.35335e+00 9.33333e-01 8.66667e-01 
2.81394e+04 4.75539e+00 5.30939e+00 4.94166e+00 5.99179e+00 9.33333e-01 8.33333e-01 
2.81475e+04 4.81754e+00 6.01042e+00 4.29507e+00 6.70275e+00 1.00000e+00 9.00000e-01 
2.81556e+04 5.21755e+00 3.08219e+00 4.85800e+00 2.94919e+00 9.66667e-01 1.00000e+00 
2.81637e+04 4.67376e+00 2.84938e+00 4.14253e+00 2.74393e+00 9.33333e-01 8.66667e-01 
2.81718e+04 4.89636e+00 3.31935e+00 4.21301e+00 3.71316e+00 9.33333e-01 9.00000e-01 
2.81799e+04 4.26625e+00 6.69390e+00 4.47278e+00 6.57021e+00 9.66667e-01 9.00000e-01 
2.81880e+04 5.30470e+00 6.73998e+00 5.20223e+00 7.29914e+00 1.00000e+00 9.00000e-01 
2.81961e+04 8.23258e+00 6.62343e+00 7.82656e+00 7.09523e+00 9.66667e-01 9.66667e-01 
2.82042e+04 8.90047e+00 6.44569e+00 8.64129e+00 6.63529e+00 9.66667e-01 9.00000e-01 
2.82123e+04 8.45726e+00 7.29594e+00 8.49343e+00 7.32444e+00 1.00000e+00 8.33333e-01 
2.82204e+04 6.40727e+00 7.36936e+00 6.41430e+00 6.64590e+00 1.00000e+00 8.66667e-01 
2.82285e+04 7.03454e+00 6.78197e+00 4.94381e+00 6.42496e+00 9.33333e-01 9.00000e-01 
2.82366e+04 7.41202e+00 5.63933e+00 6.72380e+00 5.36064e+00 9.33333e-01 1.00000e+00 
2.82447e+04 7.93739e+00 7.22465e+00 9.47475e+00 7.59121e+00 9.33333e-01 9.00000e-01 
2.82528e+04 1.12191e+01 6.30039e+00 1.07876e+01 6.65042e+00 9.66667e-01 9.00000e-01 
2.82609e+04 8.02611e+00 2.92367e+00 9.87831e+00 3.25903e+00 9.66667e-01 1.00000e+00 
2.82690e+04 7.82008e+00 5.82303e+00 8.02331e+00 3.99902e+00 1.00000e+00 9.33333e-01 
2.82771e+04 9.09384e+00 1.64355e+00 9.33694e+00 4.05918e+00 1.00000e+00 9.33333e-01 
2.82852e+04 9.35219e+00 3.07198e+00 9.63373e+00 3.57332e+00 1.00000e+00 8.66667e-01 
2.82933e+04 7.67908e+00 4.48327e+00 7.41578e+00 3.15962e+00 9.00000e-01 9.33333e-01 
2.83014e+04 6.11124e+00 6.48473e+00 6.68855e+00 6.30323e+00 9.00000e-01 9.66667e-01 
2.83095e+04 5.12427e+00 5.89001e+00 5.52802e+00 5.69459e+00 9.33333e-01 8.33333e-01 
2.83176e+04 9.15656e+00 5.74978e+00 9.07982e+00 5.87312e+00 9.66667e-01 9.00000e-01 
2.83257e+04 6.76537e+00 4.44263e+00 7.05880e+00 9.54069e+00 9.33333e-01 9.00000e-01 
2.83338e+04 8.13556e+00 5.12028e+00 8.11992e+00 6.82911e+00 9.66667e-01 8.66667e-01 
2.83419e+04 4.92521e+00 7.93236e+00 6.43160e+00 8.67209e+00 8.00000e-01 9.66667e-01 
2.83500e+04 7.99798e+00 7.63810e+00 1.03901e+01 7.26912e+00 8.66667e-01 8.66667e-01 
2.83581e+04 8.63211e+00 5.37920e+00 7.46706e+00 5.59097e+00 9.00000e-01 9.66667e-01 
2.83662e+04 8.71765e+00 5.68625e+00 8.65238e+00 5.73305e+00 9.33333e-01 9.33333e-01 
2.83743e+04 7.47106e+00 3.69937e+00 7.44070e+00 4.93417e+00 9.00000e-01 9.33333e-01 
2.83824e+04 8.14296e+00 3.93335e+00 8.57626e+00 4.13277e+00 9.66667e-01 1.00000e+00 
2.83905e+04 8.79349e+00 3.27770e+00 1.06811e+01 3.08782e+00 9.00000e-01 9.33333e-01 
2.83986e+04 7.51488e+00 4.83006e+00 9.91795e+00 2.64564e+00 9.33333e-01 9.66667e-01 
2.84067e+04 6.08242e+00 4.65693e+00 7.59697e+00 4.64546e+00 8.33333e-01 9.33333e-01 
2.84148e+04 5.38444e+00 3.88881e+00 6.84426e+00 3.79305e+00 9.66667e-01 9.00000e-01 
2.84229e+04 8.67302e+00 5.32023e+00 5.16400e+00 5.05365e+00 9.00000e-01 9.33333e-01 
2.84310e+04 7.20113e+00 6.65938e+00 7.26961e+00 6.99840e+00 9.33333e-01 9.66667e-01 
2.84391e+04 8.02889e+00 5.65198e+00 8.32210e+00 5.83646e+00 9.66667e-01 9.33333e-01 
2.84472e+04 5.12960e+00 7.39239e+00 4.84693e+00 7.42967e+00 1.00000e+00 9.66667e-01 
2.84553e+04 3.66425e+00 9.61515e+00 3.60599e+00 9.23023e+00 9.66667e-01 9.00000e-01 
2.84634e+04 3.23398e+00 1.08593e+01 2.99502e+00 1.06454e+01 8.66667e-01 9.66667e-01 
2.84715e+04 5.35319e+00 5.37504e+00 5.74269e+00 7.22416e+00 1.00000e+00 8.33333e-01 
2.84796e+04 6.61262e+00 7.32010e+00 5.73113e+00 7.32562e+00 9.33333e-01 9.33333e-01 
2.84877e+04 8.17842e+00 7.20812e+00 8.13936e+00 7.54228e+00 9.33333e-01 9.66667e-01 
2.84958e+04 6.50025e+00 7.35777e+00 6.21045e+00 7.73482e+00 1.00000e+00 9.66667e-01 
2.85039e+04 6.74223e+00 8.16357e+00 6.50085e+00 8.40917e+00 9.00000e-01 9.33333e-01 
2.85120e+04 1.04868e+01 6.58798e+00 1.02631e+01 6.88949e+00 9.66667e-01 9.00000e-01 
2.85201e+04 3.62932e+00 7.96543e+00 4.22675e+00 8.26361e+00 9.33333e-01 9.66667e-01 
2.85282e+04 6.97623e+00 4.36106e+00 6.66578e+00 4.59031e+00 9.00000e-01 9.33333e-01 
2.85363e+04 9.21344e+00 4.15901e+00 8.90541e+00 4.60242e+00 8.66667e-01 1.00000e+00 
2.85444e+04 7.88013e+00 6.39806e+00 8.51020e+00 6.85026e+00 9.33333e-01 9.33333e-01 
2.85525e+04 4.80255e+00 4.17970e+00 8.20304e+00 4.80876e+00 9.33333e-01 9.33333e-01 
2.85606e+04 8.61430e+00 6.40446e+00 8.01863e+00 6.41454e+00 9.00000e-01 9.33333e-01 
2.85687e+04 7.46537e+00 8.40258e+00 9.44558e+00 7.96833e+00 9.00000e-01 9.00000e-01 
2.85768e+04 9.93244e+00 8.16866e+00 9.83126e+00 7.75871e+00 9.33333e-01 8.66667e-01 
2.85849e+04 6.06438e+00 9.08793e+00 7.71493e+00 9.57218e+00 9.00000e-01 8.66667e-01 
2.85930e+04 6.25643e+00 7.77917e+00 1.05214e+01 7.28358e+00 9.33333e-01 9.66667e-01 
2.86011e+04 5.90348e+00 6.44673e+00 1.06038e+01 6.25002e+00 9.66667e-01 9.33333e-01 
2.86092e+04 6.34832e+00 7.38642e+00 9.85121e+00 7.15285e+00 9.00000e-01 1.00000e+00 
2.86173e+04 7.23532e+00 7.99053e+00 7.73950e+00 6.68534e+00 9.66667e-01 9.33333e-01 
2.86254e+04 8.90378e+00 9.71810e+00 6.83533e+00 6.72673e+00 8.66667e-01 9.66667e-01 
2.86335e+04 9.17108e+00 8.33371e+00 4.35392e+00 7.09485e+00 8.66667e-01 9.33333e-01 
2.86416e+04 9.43714e+00 7.06900e+00 6.92870e+00 6.93936e+00 9.33333e-01 9.66667e-01 
2.86497e+04 7.95122e+00 7.88777e+00 7.78791e+00 7.46211e+00 8.33333e-01 9.00000e-01 
2.86578e+04 5.06701e+00 7.93865e+00 6.45963e+00 7.45777e+00 8.66667e-01 1.00000e+00 
2.86659e+04 7.36143e+00 8.82968e+00 7.42077e+00 8.49560e+00 9.00000e-01 8.66667e-01 
2.86740e+04 6.66325e+00 5.77072e+00 6.23417e+00 5.45511e+00 9.00000e-01 9.66667e-01 
2.86821e+04 6.60816e+00 8.33656e+00 6.01004e+00 8.25769e+00 9.66667e-01 9.00000e-01 
2.86902e+04 7.89819e+00 9.51541e+00 8.21869e+00 9.58547e+00 9.66667e-01 9.66667e-01 
2.86983e+04 5.77855e+00 1.03665e+01 5.96565e+00 7.75610e+00 9.00000e-01 9.00000e-01 
2.87064e+04 5.87171e+00 7.23370e+00 5.79109e+00 6.84689e+00 9.33333e-01 9.00000e-01 
2.87145e+04 9.16735e+00 9.11153e+00 8.95422e+00 8.94597e+00 9.66667e-01 9.33333e-01 
2.87226e+04 7.92438e+00 7.55720e+00 8.02223e+00 7.05210e+00 9.00000e-01 9.00000e-01 
2.87307e+04 5.69732e+00 6.67419e+00 6.09842e+00 7.34239e+00 9.00000e-01 9.66667e-01 
2.87388e+04 8.58270e+00 7.29133e+00 7.60633e+00 7.48669e+00 9.00000e-01 9.66667e-01 
2.87469e+04 3.40645e+00 9.20352e+00 3.31379e+00 8.95081e+00 9.33333e-01 1.00000e+00 
2.87550e+04 5.53342e+00 9.80978e+00 5.14316e+00 9.71764e+00 8.66667e-01 9.00000e-01 
2.87631e+04 6.85207e+00 8.35757e+00 7.01922e+00 8.67314e+00 9.33333e-01 9.66667e-01 
2.87712e+04 8.35458e+00 7.27695e+00 8.64744e+00 7.55142e+00 9.00000e-01 8.33333e-01 
2.87793e+04 7.76765e+00 6.85630e+00 7.66208e+00 7.43288e+00 8.00000e-01 9.00000e-01 
2.87874e+04 6.48901e+00 7.97403e+00 5.87375e+00 8.13312e+00 9.66667e-01 9.33333e-01 
2.87955e+04 7.76003e+00 5.03978e+00 9.94727e+00 7.44838e+00 9.33333e-01 9.00000e-01 
2.88036e+04 5.43343e+00 5.50020e+00 8.37234e+00 4.88585e+00 9.00000e-01 9.00000e-01 
2.88117e+04 5.04866e+00 4.82246e+00 3.63918e+00 4.91885e+00 9.00000e-01 9.33333e-01 
2.88198e+04 3.88947e+00 6.41868e+00 3.85514e+00 6.51937e+00 9.00000e-01 9.66667e-01 
2.88279e+04 2.50739e+00 6.05582e+00 2.38897e+00 7.13568e+00 9.33333e-01 9.33333e-01 
2.88360e+04 4.70545e+00 6.85241e+00 4.53610e+00 6.24594e+00 9.66667e-01 9.00000e-01 
2.88441e+04 3.36226e+00 8.56140e+00 3.13810e+00 7.94275e+00 1.00000e+00 9.00000e-01 
2.88522e+04 4.23247e+00 1.12902e+01 4.15455e+00 8.49370e+00 8.66667e-01 8.33333e-01 
2.88603e+04 5.77817e+00 9.18153e+00 6.15568e+00 8.07233e+00 9.00000e-01 8.66667e-01 
2.88684e+04 8.03085e+00 6.65145e+00 8.20071e+00 6.65006e+00 9.33333e-01 9.33333e-01 
2.88765e+04 7.21647e+00 5.39326e+00 7.50515e+00 5.72179e+00 9.00000e-01 9.00000e-01 
2.88846e+04 4.24985e+00 9.41629e+00 4.72813e+00 9.02555e+00 9.66667e-01 9.66667e-01 
2.88927e+04 7.19468e+00 5.08263e+00 6.97708e+00 4.53001e+00 9.33333e-01 8.66667e-01 
2.89008e+04 4.74349e+00 1.11222e+01 4.60496e+00 6.98703e+00 1.00000e+00 9.33333e-01 
2.89089e+04 4.15807e+00 8.46150e+00 4.16571e+00 9.64858e+00 9.33333e-01 8.33333e-01 
2.89170e+04 4.05128e+00 1.17519e+01 4.52685e+00 1.19055e+01 9.66667e-01 8.66667e-01 
2.89251e+04 5.16049e+00 9.38968e+00 5.63337e+00 9.47982e+00 9.66667e-01 9.66667e-01 
2.89332e+04 7.98498e+00 7.36066e+00 8.05246e+00 7.85974e+00 9.33333e-01 8.66667e-01 
2.89413e+04 8.75543e+00 9.70638e+00 4.87224e+00 1.00887e+01 9.66667e-01 1.00000e+00 
2.89494e+04 4.74199e+00 9.22440e+00 5.61229e+00 9.45249e+00 8.33333e-01 9.66667e-01 
2.89575e+04 4.65503e+00 9.22447e+00 8.74195e+00 9.23827e+00 9.00000e-01 1.00000e+00 
2.89656e+04 5.57000e+00 1.09799e+01 7.57644e+00 1.12125e+01 9.33333e-01 9.33333e-01 
2.89737e+04 3.09125e+00 8.63101e+00 4.60642e+00 8.98096e+00 9.00000e-01 9.00000e-01 
2.89818e+04 3.56982e+00 1.22987e+01 3.21845e+00 1.23567e+01 9.66667e-01 9.66667e-01 
2.89899e+04 5.79822e+00 1.20579e+01 4.01880e+00 1.20655e+01 9.33333e-01 9.33333e-01 
2.89980e+04 7.39786e+00 8.96822e+00 6.75862e+00 8.82288e+00 9.33333e-01 9.33333e-01 
2.90061e+04 5.94698e+00 9.84419e+00 5.78217e+00 9.83387e+00 9.66667e-01 8.66667e-01 
2.90142e+04 5.09518e+00 7.94168e+00 4.80005e+00 7.69578e+00 9.33333e-01 8.33333e-01 
2.90223e+04 3.63986e+00 1.06177e+01 3.48893e+00 1.07883e+01 9.00000e-01 9.66667e-01 
2.90304e+04 4.10870e+00 1.14122e+01 5.78519e+00 1.15722e+01 9.33333e-01 9.66667e-01 
2.90385e+04 2.57026e+00 1.14540e+01 2.63811e+00 1.14542e+01 9.66667e-01 8.66667e-01 
2.90466e+04 5.71052e+00 1.17208e+01 7.11968e+00 1.26656e+01 9.00000e-01 9.33333e-01 
2.90547e+04 7.91625e+00 1.32763e+01 8.02245e+00 1.33818e+01 9.00000e-01 9.00000e-01 
2.90628e+04 4.16477e+00 1.31604e+01 9.09597e+00 1.32130e+01 9.00000e-01 9.00000e-01 
2.90709e+04 4.77432e+00 1.14212e+01 5.53533e+00 1.18064e+01 9.33333e-01 8.66667e-01 
2.90790e+04 7.28930e+00 1.18492e+01 4.99077e+00 1.22010e+01 9.33333e-01 9.33333e-01 
2.90871e+04 6.92810e+00 1.04924e+01 6.94866e+00 1.08745e+01 1.00000e+00 9.00000e-01 
2.90952e+04 6.51046e+00 1.14796e+01 3.93852e+00 1.17709e+01 9.00000e-01 9.66667e-01 
2.91033e+04 9.73462e+00 1.32654e+01 5.77930e+00 1.34640e+01 8.66667e-01 9.33333e-01 
2.91114e+04 9.49023e+00 1.46718e+01 7.78080e+00 1.34381e+01 8.33333e-01 9.00000e-01 
2.91195e+04 6.36990e+00 9.08550e+00 6.73645e+00 9.82261e+00 9.00000e-01 8.66667e-01 
2.91276e+04 8.82931e+00 9.88997e+00 8.70788e+00 1.03931e+01 9.33333e-01 9.66667e-01 
2.91357e+04 6.51409e+00 1.07237e+01 5.13556e+00 1.13744e+01 9.00000e-01 9.66667e-01 
2.91438e+04 1.62857e+00 7.45814e+00 5.14841e+00 7.29799e+00 9.33333e-01 9.33333e-01 
2.91519e+04 5.68191e+00 1.10206e+01 7.24231e+00 1.05084e+01 9.00000e-01 8.33333e-01 
2.91600e+04 6.74325e+00 1.10683e+01 6.51118e+00 1.10996e+01 9.00000e-01 9.66667e-01 
2.91681e+04 6.67293e+00 1.06082e+01 6.41854e+00 1.09957e+01 9.00000e-01 9.66667e-01 
2.91762e+04 8.10707e+00 1.12956e+01 7.77921e+00 1.18668e+01 9.66667e-01 9.33333e-01 
2.91843e+04 6.12458e+00 1.11472e+01 8.76596e+00 1.13724e+01 8.66667e-01 9.66667e-01 
2.91924e+04 8.89614e+00 1.09425e+01 1.16431e+01 1.09272e+01 9.00000e-01 9.66667e-01 
2.92005e+04 8.05732e+00 1.16498e+01 8.96685e+00 1.15866e+01 9.33333e-01 1.00000e+00 
2.92086e+04 1.03910e+01 1.37480e+01 1.11386e+01 1.32678e+01 8.33333e-01 9.66667e-01 
2.92167e+04 9.81647e+00 1.17692e+01 1.02898e+01 1.10603e+01 8.66667e-01 9.00000e-01 
2.92248e+04 6.87481e+00 1.19975e+01 7.21220e+00 1.26363e+01 9.33333e-01 1.00000e+00 
2.92329e+04 7.11214e+00 1.20550e+01 7.30623e+00 1.04633e+01 8.66667e-01 8.33333e-01 
2.92410e+04 9.34150e+00 1.12421e+01 9.09964e+00 1.19058e+01 9.33333e-01 8.66667e-01 
2.92491e+04 9.44736e+00 1.37344e+01 8.94637e+00 1.43094e+01 9.66667e-01 9.33333e-01 
2.92572e+04 7.42075e+00 1.16114e+01 7.11760e+00 1.19842e+01 1.00000e+00 1.00000e+00 
2.92653e+04 5.31515e+00 1.20805e+01 4.47236e+00 1.17478e+01 9.33333e-01 9.66667e-01 
2.92734e+04 7.72196e+00 1.36381e+01 7.10514e+00 1.44320e+01 9.00000e-01 9.33333e-01 
2.92815e+04 4.62303e+00 1.21530e+01 7.76872e+00 1.25405e+01 9.00000e-01 9.00000e-01 
2.92896e+04 5.64681e+00 1.46919e+01 4.45409e+00 1.48217e+01 8.66667e-01 1.00000e+00 
2.92977e+04 6.23379e+00 1.55795e+01 9.09629e+00 1.56316e+01 9.00000e-01 9.66667e-01 
2.93058e+04 5.38268e+00 1.23100e+01 1.01200e+01 1.25134e+01 9.33333e-01 9.33333e-01 
2.93139e+04 6.32341e+00 1.06908e+01 8.44489e+00 1.03409e+01 9.33333e-01 8.66667e-01 
2.93220e+04 6.20778e+00 1.13952e+01 6.00858e+00 1.12544e+01 9.33333e-01 8.66667e-01 
2.93301e+04 5.89785e+00 1.36664e+01 5.92141e+00 1.35285e+01 9.66667e-01 9.66667e-01 
2.93382e+04 5.02373e+00 9.63380e+00 4.95140e+00 9.36711e+00 9.33333e-01 9.66667e-01 
2.93463e+04 3.60594e+00 1.13777e+01 3.43316e+00 1.08915e+01 8.33333e-01 9.66667e-01 
2.93544e+04 5.44934e+00 9.16972e+00 5.43893e+00 9.84081e+00 9.00000e-01 9.33333e-01 
2.93625e+04 4.72492e+00 1.03545e+01 6.16484e+00 1.07133e+01 8.66667e-01 9.66667e-01 
2.93706e+04 6.98718e+00 9.19855e+00 6.62724e+00 8.85903e+00 9.33333e-01 9.33333e-01 
2.93787e+04 7.71351e+00 1.33707e+01 9.17352e+00 1.29558e+01 9.66667e-01 9.00000e-01 
2.93868e+04 7.88829e+00 1.51292e+01 6.82027e+00 1.25536e+01 9.00000e-01 9.00000e-01 
2.93949e+04 4.09486e+00 1.33981e+01 5.45427e+00 1.34235e+01 9.33333e-01 1.00000e+00 
2.94030e+04 3.97572e+00 9.35712e+00 3.77878e+00 1.01014e+01 9.33333e-01 9.33333e-01 
2.94111e+04 4.84675e+00 1.23190e+01 4.72242e+00 1.21373e+01 9.66667e-01 9.66667e-01 
2.94192e+04 5.66012e+00 1.32217e+01 3.77575e+00 1.32789e+01 8.66667e-01 9.66667e-01 
2.94273e+04 5.43102e+00 1.19961e+01 4.87544e+00 1.19187e+01 9.00000e-01 8.66667e-01 
2.94354e+04 6.31473e+00 1.11941e+01 5.79590e+00 1.09647e+01 9.66667e-01 1.00000e+00 
2.94435e+04 6.59470e+00 1.21594e+01 6.16667e+00 1.18212e+01 9.33333e-01 9.66667e-01 
2.94516e+04 4.81943e+00 1.26173e+01 4.68230e+00 1.24865e+01 9.33333e-01 9.33333e-01 
2.94597e+04 2.43713e+00 1.28927e+01 2.94731e+00 1.23550e+01 9.33333e-01 8.66667e-01 
2.94678e+04 5.48925e+00 1.21589e+01 6.18998e+00 1.14126e+01 9.33333e-01 8.66667e-01 
2.94759e+04 4.93706e+00 1.03873e+01 5.62204e+00 1.02076e+01 9.66667e-01 9.00000e-01 
2.94840e+04 6.05318e+00 1.48286e+01 6.17382e+00 1.50221e+01 9.00000e-01 9.66667e-01 
2.94921e+04 5.11664e+00 1.34225e+01 4.75146e+00 1.37121e+01 9.33333e-01 9.66667e-01 
2.95002e+04 4.32811e+00 1.38500e+01 4.64885e+00 1.39241e+01 1.00000e+00 9.33333e-01 
2.95083e+04 5.56049e+00 1.29871e+01 5.99830e+00 1.35155e+01 9.66667e-01 9.00000e-01 
2.95164e+04 7.12870e+00 1.14183e+01 7.48330e+00 1.14442e+01 9.66667e-01 9.66667e-01 
2.95245e+04 5.10172e+00 1.12468e+01 5.23559e+00 1.10898e+01 9.66667e-01 9.66667e-01 
2.95326e+04 4.86565e+00 1.14330e+01 5.23591e+00 1.06371e+01 1.00000e+00 9.66667e-01 
2.95407e+04 5.86950e+00 1.10437e+01 5.95389e+00 1.12519e+01 1.00000e+00 1.00000e+00 
2.95488e+04 7.31558e+00 1.17535e+01 7.52045e+00 1.18173e+01 9.00000e-01 9.33333e-01 
2.95569e+04 7.03968e+00 1.40352e+01 7.20086e+00 1.35702e+01 9.33333e-01 9.00000e-01 
2.95650e+04 6.91802e+00 1.50577e+01 7.24381e+00 1.42640e+01 8.66667e-01 9.33333e-01 
2.95731e+04 6.28528e+00 1.55985e+01 6.71013e+00 1.53717e+01 9.66667e-01 9.33333e-01 
2.95812e+04 5.63917e+00 1.60622e+01 5.89101e+00 1.60621e+01 9.33333e-01 9.33333e-01 
2.95893e+04 5.18418e+00 1.64246e+01 4.54741e+00 1.64530e+01 8.66667e-01 8.66667e-01 
2.95974e+04 4.19191e+00 1.47877e+01 5.78318e+00 1.47382e+01 9.33333e-01 8.33333e-01 
2.96055e+04 3.60951e+00 1.52111e+01 8.05642e+00 1.50686e+01 9.33333e-01 7.66667e-01 
2.96136e+04 3.34460e+00 1.45661e+01 6.56670e+00 1.46228e+01 9.33333e-01 9.33333e-01 
2.96217e+04 5.35343e+00 1.41383e+01 7.54440e+00 1.40722e+01 9.33333e-01 9.33333e-01 
2.96298e+04 4.83707e+00 1.52426e+01 3.20470e+00 1.67005e+01 8.66667e-01 9.00000e-01 
2.96379e+04 5.89687e+00 1.62212e+01 6.04035e+00 1.61400e+01 9.33333e-01 9.33333e-01 
2.96460e+04 3.46250e+00 1.51821e+01 3.51322e+00 1.44543e+01 9.33333e-01 9.00000e-01 
2.96541e+04 4.69831e+00 1.33947e+01 5.18342e+00 1.37976e+01 1.00000e+00 9.00000e-01 
2.96622e+04 3.88464e+00 1.62369e+01 4.07643e+00 1.70319e+01 9.33333e-01 8.33333e-01 
2.96703e+04 6.25639e+00 1.56413e+01 6.48145e+00 1.61445e+01 1.00000e+00 9.33333e-01 
2.96784e+04 2.74865e+00 1.46196e+01 2.62890e+00 1.51285e+01 9.00000e-01 9.33333e-01 
2.96865e+04 5.23275e+00 1.50088e+01 5.04237e+00 1.52088e+01 9.33333e-01 9.00000e-01 
2.96946e+04 1.30989e+00 1.46079e+01 2.07439e+00 1.46046e+01 9.00000e-01 9.33333e-01 
2.97027e+04 2.63305e+00 1.31329e+01 2.69450e+00 1.31656e+01 9.66667e-01 9.00000e-01 
2.97108e+04 2.13677e+00 1.14739e+01 2.61067e+00 1.11249e+01 9.33333e-01 9.33333e-01 
2.97189e+04 2.71940e+00 1.19643e+01 2.14831e+00 1.20987e+01 8.66667e-01 9.33333e-01 
2.97270e+04 3.93510e+00 1.06080e+01 3.60935e+00 1.04155e+01 1.00000e+00 9.33333e-01 
2.97351e+04 1.00803e+00 8.62656e+00 1.32208e+00 8.67708e+00 1.00000e+00 9.33333e-01 
2.97432e+04 1.88981e+00 9.02363e+00 3.49568e+00 9.17668e+00 9.00000e-01 9.33333e-01 
2.97513e+04 2.60378e+00 9.37211e+00 4.11870e+00 1.01156e+01 9.00000e-01 9.00000e-01 
2.97594e+04 2.69496e+00 8.65527e+00 5.07807e+00 8.99384e+00 9.33333e-01 8.66667e-01 
2.97675e+04 2.83091e+00 9.41780e+00 1.70078e+00 9.09703e+00 9.00000e-01 8.66667e-01 
2.97756e+04 2.67336e+00 1.16643e+01 2.22820e+00 1.12399e+01 8.00000e-01 9.33333e-01 
2.97837e+04 2.12693e+00 1.22252e+01 2.54387e+00 1.22464e+01 9.33333e-01 9.33333e-01 
2.97918e+04 4.93898e+00 1.41612e+01 3.91465e+00 1.40002e+01 9.33333e-01 8.66667e-01 
2.97999e+04 3.30672e+00 1.33598e+01 3.47371e+00 1.30466e+01 9.66667e-01 9.66667e-01 
2.98080e+04 4.38486e+00 1.21778e+01 4.07917e+00 1.20364e+01 9.00000e-01 9.00000e-01 
2.98161e+04 2.55705e+00 1.54571e+01 2.93954e+00 1.42080e+01 9.33333e-01 9.33333e-01 
2.98242e+04 2.78259e+00 1.32848e+01 1.66206e+00 1.12922e+01 9.66667e-01 9.66667e-01 
2.98323e+04 3.18836e+00 1.10561e+01 8.76999e-01 1.01927e+01 9.33333e-01 9.00000e-01 
2.98404e+04 1.67576e+00 1.48153e+01 1.29019e+00 1.42209e+01 9.33333e-01 9.33333e-01 
2.98485e+04 3.45816e+00 1.24872e+01 3.81298e+00 1.22706e+01 9.33333e-01 9.00000e-01 
2.98566e+04 3.37669e+00 1.53782e+01 3.83040e+00 1.52958e+01 8.66667e-01 9.33333e-01 
2.98647e+04 3.84042e+00 1.51202e+01 4.33348e+00 1.48006e+01 9.33333e-01 9.00000e-01 
2.98728e+04 5.05581e+00 1.47625e+01 4.94363e+00 1.27874e+01 9.00000e-01 9.66667e-01 
2.98809e+04 4.22121e+00 1.38924e+01 4.21381e+00 1.39044e+01 9.66667e-01 9.66667e-01 
2.98890e+04 3.70271e+00 1.45682e+01 3.50374e+00 1.46711e+01 8.33333e-01 8.00000e-01 
2.98971e+04 4.70955e+00 1.31633e+01 4.73184e+00 1.61577e+01 9.66667e-01 8.00000e-01 
2.99052e+04 3.27856e+00 9.84788e+00 3.30653e+00 1.46727e+01 9.66667e-01 9.66667e-01 
2.99133e+04 3.05478e+00 1.37158e+01 2.77990e+00 1.35467e+01 9.66667e-01 1.00000e+00 
2.99214e+04 5.40815e+00 1.48408e+01 5.60535e+00 1.46372e+01 1.00000e+00 9.00000e-01 
2.99295e+04 2.76315e+00 1.07601e+01 3.15728e+00 1.26500e+01 9.00000e-01 9.00000e-01 
2.99376e+04 4.47931e+00 1.09622e+01 4.53594e+00 1.11849e+01 9.66667e-01 9.66667e-01 
2.99457e+04 3.28521e+00 1.13173e+01 3.48630e+00 1.14384e+01 9.66667e-01 9.66667e-01 
2.99538e+04 5.06330e+00 1.21359e+01 4.87683e+00 1.26805e+01 9.66667e-01 9.33333e-01 
2.99619e+04 2.74681e+00 9.25204e+00 2.75310e+00 9.80354e+00 9.66667e-01 8.33333e-01 
2.99700e+04 2.32580e+00 1.04515e+01 3.02018e+00 1.04932e+01 9.66667e-01 8.33333e-01 
2.99781e+04 5.31460e+00 1.07879e+01 5.07930e+00 1.05294e+01 9.66667e-01 9.66667e-01 
2.99862e+04 5.09951e+00 1.02872e+01 4.57420e+00 9.90158e+00 1.00000e+00 9.33333e-01 
2.99943e+04 3.89320e+00 1.34313e+01 3.73800e+00 1.35665e+01 1.00000e+00 9.33333e-01 
3.00024e+04 6.51138e+00 1.36193e+01 6.01892e+00 1.35893e+01 9.33333e-01 1.00000e+00 
3.00105e+04 7.26417e+00 1.14671e+01 7.17125e+00 1.08360e+01 9.00000e-01 9.33333e-01 
3.00186e+04 7.96287e+00 9.11135e+00 4.92248e+00 8.52566e+00 9.00000e-01 9.66667e-01 
3.00267e+04 7.59014e+00 7.89390e+00 4.06662e+00 7.74636e+00 9.33333e-01 9.33333e-01 
3.00348e+04 9.95940e+00 8.74269e+00 6.19877e+00 8.57411e+00 9.33333e-01 9.33333e-01 
3.00429e+04 5.65218e+00 1.04102e+01 5.99931e+00 1.02682e+01 9.33333e-01 9.33333e-01 
3.00510e+04 3.83655e+00 9.29542e+00 3.75592e+00 9.06760e+00 9.66667e-01 9.00000e-01 
3.00591e+04 4.89420e+00 6.83391e+00 4.87892e+00 9.24698e+00 9.33333e-01 9.00000e-01 
3.00672e+04 3.67774e+00 6.80630e+00 3.82664e+00 8.83481e+00 9.33333e-01 9.00000e-01 
3.00753e+04 4.32162e+00 7.76317e+00 4.90524e+00 1.13881e+01 9.66667e-01 8.33333e-01 
3.00834e+04 4.70978e+00 8.02671e+00 4.95236e+00 1.70738e+01 9.66667e-01 8.66667e-01 
3.00915e+04 7.43321e+00 8.97676e+00 7.72969e+00 1.20990e+01 1.00000e+00 8.33333e-01 
3.00996e+04 5.54836e+00 1.04745e+01 5.54574e+00 1.42859e+01 9.00000e-01 9.00000e-01 
3.01077e+04 6.84084e+00 7.32879e+00 6.02158e+00 1.26676e+01 9.33333e-01 9.00000e-01 
3.01158e+04 6.41981e+00 8.72966e+00 7.25321e+00 1.07003e+01 8.66667e-01 9.00000e-01 
3.01239e+04 7.84215e+00 9.44636e+00 7.45653e+00 5.75234e+00 9.33333e-01 8.00000e-01 
3.01320e+04 9.27636e+00 9.49079e+00 8.22572e+00 8.17282e+00 9.00000e-01 9.00000e-01 
3.01401e+04 8.28210e+00 1.00161e+01 8.41872e+00 7.88739e+00 9.33333e-01 9.33333e-01 
3.01482e+04 5.91492e+00 7.19138e+00 5.69499e+00 7.86995e+00 9.66667e-01 9.00000e-01 
3.01563e+04 7.36484e+00 8.41473e+00 6.91519e+00 9.46559e+00 9.66667e-01 8.33333e-01 
3.01644e+04 8.37008e+00 8.55660e+00 8.16803e+00 1.10477e+01 1.00000e+00 9.33333e-01 
3.01725e+04 1.16262e+01 1.20059e+01 6.34749e+00 1.20642e+01 8.66667e-01 9.66667e-01 
3.01806e+04 1.06213e+01 9.05159e+00 9.77837e+00 9.34832e+00 9.00000e-01 9.33333e-01 
3.01887e+04 9.77731e+00 1.19108e+01 1.07624e+01 1.19705e+01 8.33333e-01 9.66667e-01 
3.01968e+04 1.12673e+01 1.12226e+01 1.29742e+01 1.17145e+01 9.33333e-01 8.66667e-01 
3.02049e+04 8.73878e+00 1.11776e+01 1.27083e+01 1.13345e+01 9.33333e-01 9.66667e-01 
3.02130e+04 9.48249e+00 8.89184e+00 1.37640e+01 8.68925e+00 9.33333e-01 9.66667e-01 
3.02211e+04 1.11795e+01 1.09794e+01 1.48983e+01 1.06856e+01 8.66667e-01 1.00000e+00 
3.02292e+04 1.32778e+01 8.59647e+00 1.27185e+01 7.93295e+00 9.33333e-01 9.66667e-01 
3.02373e+04 1.08510e+01 8.05566e+00 1.06787e+01 7.45257e+00 9.66667e-01 1.00000e+00 
3.02454e+04 9.64354e+00 5.51659e+00 9.72533e+00 5.48314e+00 1.00000e+00 9.00000e-01 
3.02535e+04 1.02476e+01 7.42531e+00 1.01514e+01 6.86938e+00 9.00000e-01 1.00000e+00 
3.02616e+04 9.79155e+00 1.10068e+01 9.77705e+00 8.56216e+00 9.66667e-01 9.66667e-01 
3.02697e+04 8.96843e+00 1.05720e+01 8.79767e+00 1.08369e+01 9.33333e-01 9.00000e-01 
3.02778e+04 7.39472e+00 1.15378e+01 7.16168e+00 1.17873e+01 9.33333e-01 9.66667e-01 
3.02859e+04 1.21695e+01 9.96152e+00 1.12540e+01 1.01525e+01 8.66667e-01 9.33333e-01 
3.02940e+04 1.04779e+01 9.58334e+00 9.97241e+00 9.84509e+00 9.33333e-01 9.33333e-01 
3.03021e+04 1.15423e+01 1.02936e+01 1.10369e+01 1.05459e+01 9.33333e-01 9.66667e-01 
3.03102e+04 8.58982e+00 1.20680e+01 8.70743e+00 1.23502e+01 8.66667e-01 9.00000e-01 
3.03183e+04 1.25130e+01 1.35348e+01 1.21720e+01 1.30467e+01 9.66667e-01 1.00000e+00 
3.03264e+04 8.83434e+00 1.14641e+01 8.45837e+00 1.14785e+01 1.00000e+00 1.00000e+00 
3.03345e+04 1.07331e+01 1.34853e+01 1.01118e+01 1.16370e+01 9.33333e-01 8.33333e-01 
3.03426e+04 8.06971e+00 1.51604e+01 6.92610e+00 1.32769e+01 9.66667e-01 8.66667e-01 
3.03507e+04 9.23459e+00 1.12811e+01 7.07004e+00 1.16719e+01 9.33333e-01 9.33333e-01 
3.03588e+04 9.81277e+00 1.03938e+01 8.71702e+00 9.34688e+00 9.66667e-01 8.66667e-01 
3.03669e+04 8.76530e+00 1.10264e+01 6.45903e+00 1.05102e+01 9.33333e-01 1.00000e+00 
3.03750e+04 7.74885e+00 1.32331e+01 7.46533e+00 1.03842e+01 1.00000e+00 8.66667e-01 
3.03831e+04 8.05388e+00 1.35113e+01 7.97022e+00 1.14046e+01 9.66667e-01 9.33333e-01 
3.03912e+04 8.53298e+00 1.65184e+01 8.73864e+00 1.52654e+01 9.66667e-01 8.33333e-01 
3.03993e+04 9.11177e+00 1.22190e+01 1.04451e+01 1.28766e+01 9.00000e-01 9.66667e-01 
3.04074e+04 7.67504e+00 1.63551e+01 7.78120e+00 1.57554e+01 8.66667e-01 1.00000e+00 
3.04155e+04 9.34384e+00 1.27237e+01 9.47943e+00 1.20157e+01 8.33333e-01 9.66667e-01 
3.04236e+04 9.33410e+00 1.18187e+01 9.04265e+00 1.17633e+01 8.33333e-01 9.33333e-01 
3.04317e+04 8.45637e+00 1.07947e+01 8.41386e+00 1.09541e+01 9.33333e-01 1.00000e+00 
3.04398e+04 9.31117e+00 1.09449e+01 9.47541e+00 1.07711e+01 9.00000e-01 1.00000e+00 
3.04479e+04 9.43147e+00 1.11393e+01 7.28641e+00 1.05510e+01 8.66667e-01 9.66667e-01 
3.04560e+04 5.39580e+00 8.93746e+00 7.07565e+00 9.50324e+00 8.33333e-01 9.33333e-01 
3.04641e+04 8.08949e+00 1.02788e+01 5.92731e+00 1.09358e+01 9.00000e-01 9.00000e-01 
3.04722e+04 8.23922e+00 8.10461e+00 8.13515e+00 8.20266e+00 9.66667e-01 9.66667e-01 
3.04803e+04 5.10081e+00 1.22538e+01 4.96507e+00 8.24353e+00 9.33333e-01 9.00000e-01 
3.04884e+04 6.82888e+00 8.96992e+00 7.16753e+00 6.59286e+00 9.33333e-01 9.66667e-01 
3.04965e+04 7.81189e+00 8.50727e+00 7.78016e+00 1.03356e+01 9.33333e-01 9.00000e-01 
3.05046e+04 9.69877e+00 1.00478e+01 9.42550e+00 9.95965e+00 9.00000e-01 9.66667e-01 
3.05127e+04 9.87822e+00 1.11298e+01 9.77713e+00 1.09343e+01 9.66667e-01 9.66667e-01 
3.05208e+04 1.00004e+01 6.93034e+00 1.00169e+01 1.20997e+01 9.66667e-01 9.33333e-01 
3.05289e+04 9.63573e+00 8.41517e+00 9.44203e+00 1.22092e+01 1.00000e+00 9.00000e-01 
3.05370e+04 8.64017e+00 9.81213e+00 8.62446e+00 1.01130e+01 1.00000e+00 9.33333e-01 
3.05451e+04 1.06791e+01 1.02180e+01 1.13066e+01 1.05868e+01 9.66667e-01 1.00000e+00 
3.05532e+04 9.73629e+00 1.28256e+01 9.51238e+00 1.34332e+01 9.33333e-01 9.33333e-01 
3.05613e+04 9.86629e+00 1.51890e+01 9.62092e+00 1.36745e+01 9.33333e-01 8.66667e-01 
3.05694e+04 8.46546e+00 1.18058e+01 8.40933e+00 1.06364e+01 9.00000e-01 8.33333e-01 
3.05775e+04 9.80639e+00 1.30648e+01 1.02589e+01 1.31251e+01 9.66667e-01 9.66667e-01 
3.05856e+04 6.87494e+00 1.12113e+01 7.18233e+00 1.13884e+01 1.00000e+00 9.33333e-01 
3.05937e+04 5.58440e+00 1.21576e+01 5.83699e+00 1.20648e+01 9.33333e-01 1.00000e+00 
3.06018e+04 5.28695e+00 1.22511e+01 5.42785e+00 9.94954e+00 9.66667e-01 9.66667e-01 
3.06099e+04 7.45277e+00 1.14230e+01 7.52284e+00 1.03479e+01 8.66667e-01 8.33333e-01 
3.06180e+04 5.63101e+00 1.36199e+01 5.11782e+00 1.34858e+01 9.66667e-01 9.00000e-01 
3.06261e+04 4.03456e+00 1.21418e+01 3.03663e+00 1.21169e+01 9.66667e-01 8.66667e-01 
3.06342e+04 4.74623e+00 1.46921e+01 8.78209e+00 1.23427e+01 8.66667e-01 8.66667e-01 
3.06423e+04 6.99092e+00 1.56402e+01 6.14354e+00 1.38670e+01 9.00000e-01 9.33333e-01 
3.06504e+04 4.76239e+00 1.38404e+01 8.24523e+00 1.35607e+01 9.33333e-01 8.66667e-01 
3.06585e+04 7.58805e+00 1.35404e+01 1.01077e+01 1.37586e+01 9.00000e-01 8.66667e-01 
3.06666e+04 6.84761e+00 1.58099e+01 4.88213e+00 1.31066e+01 9.66667e-01 7.66667e-01 
3.06747e+04 6.40788e+00 1.61390e+01 6.15960e+00 1.50048e+01 8.66667e-01 8.66667e-01 
3.06828e+04 6.35834e+00 1.78151e+01 4.23926e+00 1.47067e+01 9.33333e-01 7.66667e-01 
3.06909e+04 4.38266e+00 1.48062e+01 5.91355e+00 1.50466e+01 9.33333e-01 8.66667e-01 
3.06990e+04 8.15213e+00 1.53847e+01 5.21844e+00 1.17204e+01 9.66667e-01 8.00000e-01 
3.07071e+04 8.73049e+00 1.33085e+01 5.26078e+00 8.84134e+00 9.33333e-01 7.66667e-01 
3.07152e+04 7.05513e+00 1.43787e+01 5.63243e+00 1.20065e+01 9.33333e-01 9.33333e-01 
3.07233e+04 9.09116e+00 1.65898e+01 6.41465e+00 1.28796e+01 9.66667e-01 8.33333e-01 
3.07314e+04 8.58996e+00 1.34151e+01 9.11501e+00 1.31274e+01 9.33333e-01 8.00000e-01 
3.07395e+04 5.64141e+00 1.44226e+01 6.08679e+00 1.49705e+01 9.66667e-01 8.33333e-01 
3.07476e+04 8.32996e+00 1.19859e+01 8.53836e+00 1.35092e+01 8.33333e-01 8.33333e-01 
3.07557e+04 6.96493e+00 1.31804e+01 6.71069e+00 1.35952e+01 9.00000e-01 9.33333e-01 
3.07638e+04 7.42301e+00 1.49398e+01 7.42166e+00 1.54386e+01 1.00000e+00 9.33333e-01 
3.07719e+04 7.73762e+00 1.20681e+01 4.77788e+00 1.23973e+01 8.33333e-01 9.33333e-01 
3.07800e+04 7.15965e+00 9.86709e+00 8.62447e+00 9.74071e+00 8.33333e-01 1.00000e+00 
3.07881e+04 8.24439e+00 1.02729e+01 9.46656e+00 1.18216e+01 8.33333e-01 9.33333e-01 
3.07962e+04 8.83763e+00 1.20196e+01 8.74981e+00 1.09974e+01 1.00000e+00 9.33333e-01 
3.08043e+04 5.67959e+00 1.51045e+01 5.86245e+00 1.53902e+01 9.66667e-01 9.66667e-01 
3.08124e+04 6.56792e+00 1.06250e+01 7.48134e+00 1.07078e+01 8.66667e-01 9.00000e-01 
3.08205e+04 3.51978e+00 1.17408e+01 3.61855e+00 1.21378e+01 9.66667e-01 9.66667e-01 
3.08286e+04 4.17287e+00 1.25168e+01 3.74857e+00 1.22014e+01 9.66667e-01 8.66667e-01 
3.08367e+04 4.13349e+00 1.32453e+01 4.54836e+00 1.33115e+01 8.66667e-01 1.00000e+00 
3.08448e+04 3.97892e+00 1.29499e+01 2.80005e+00 1.30277e+01 9.00000e-01 9.66667e-01 
3.08529e+04 5.86820e+00 1.04573e+01 4.11158e+00 1.01221e+01 9.33333e-01 9.33333e-01 
3.08610e+04 4.76092e+00 1.02482e+01 2.89862e+00 9.94114e+00 8.00000e-01 9.66667e-01 
3.08691e+04 5.04222e+00 1.13647e+01 4.97161e+00 1.10141e+01 8.33333e-01 9.00000e-01 
3.08772e+04 4.81936e+00 1.14896e+01 4.71168e+00 1.11865e+01 9.66667e-01 8.33333e-01 
3.08853e+04 6.08123e+00 9.81688e+00 6.09918e+00 1.20599e+01 9.33333e-01 8.33333e-01 
3.08934e+04 3.63856e+00 1.26904e+01 3.48537e+00 1.23335e+01 9.33333e-01 9.66667e-01 
3.09015e+04 2.89753e+00 1.24069e+01 3.35003e+00 1.20999e+01 9.00000e-01 8.66667e-01 
3.09096e+04 5.17061e+00 1.04047e+01 5.17775e+00 9.90178e+00 8.66667e-01 9.33333e-01 
3.09177e+04 5.45750e+00 1.11477e+01 5.14895e+00 1.12067e+01 9.33333e-01 9.66667e-01 
3.09258e+04 3.33303e+00 1.23401e+01 4.44969e+00 1.22984e+01 9.00000e-01 9.00000e-01 
3.09339e+04 2.00238e+00 1.09779e+01 1.81915e+00 1.06491e+01 9.66667e-01 9.33333e-01 
3.09420e+04 3.25964e+00 1.02757e+01 3.22506e+00 1.00891e+01 1.00000e+00 9.33333e-01 
3.09501e+04 4.17631e+00 8.92189e+00 4.11996e+00 8.50370e+00 9.66667e-01 8.66667e-01 
3.09582e+04 5.34550e+00 9.55426e+00 5.43803e+00 9.15967e+00 9.33333e-01 9.66667e-01 
3.09663e+04 5.91511e+00 1.09450e+01 6.26343e+00 1.09157e+01 1.00000e+00 9.33333e-01 
3.09744e+04 5.03155e+00 1.04672e+01 4.97908e+00 9.90156e+00 1.00000e+00 9.66667e-01 
3.09825e+04 4.23874e+00 8.52269e+00 4.33068e+00 8.43443e+00 9.00000e-01 9.00000e-01 
3.09906e+04 5.36864e+00 1.01293e+01 6.96927e+00 8.56942e+00 9.33333e-01 9.33333e-01 
3.09987e+04 6.37507e+00 8.24328e+00 5.87158e+00 7.69444e+00 9.33333e-01 9.33333e-01 
3.10068e+04 5.39084e+00 8.72817e+00 4.47152e+00 8.00777e+00 9.00000e-01 9.00000e-01 
3.10149e+04 4.59948e+00 7.61567e+00 5.41158e+00 6.89911e+00 9.33333e-01 8.66667e-01 
3.10230e+04 6.55191e+00 6.70975e+00 8.01056e+00 6.42621e+00 8.33333e-01 9.66667e-01 
3.10311e+04 3.85870e+00 5.02563e+00 6.18870e+00 6.72670e+00 8.66667e-01 7.00000e-01 
3.10392e+04 4.08682e+00 6.44394e+00 3.62342e+00 8.65038e+00 9.33333e-01 8.00000e-01 
3.10473e+04 3.70857e+00 5.20997e+00 4.18897e+00 9.54478e+00 9.66667e-01 9.33333e-01 
3.10554e+04 3.47452e+00 4.44694e+00 3.53445e+00 8.72333e+00 1.00000e+00 8.33333e-01 
3.10635e+04 5.72353e+00 4.22338e+00 5.71612e+00 8.44666e+00 1.00000e+00 8.66667e-01 
3.10716e+04 5.22322e+00 5.56396e+00 5.16205e+00 1.06514e+01 8.66667e-01 8.66667e-01 
3.10797e+04 4.98193e+00 5.05476e+00 7.34786e+00 9.68414e+00 9.33333e-01 9.33333e-01 
3.10878e+04 5.08559e+00 1.96925e+00 4.78090e+00 9.94181e+00 8.66667e-01 8.66667e-01 
3.10959e+04 7.69747e+00 4.13107e+00 5.28438e+00 1.05581e+01 9.00000e-01 8.66667e-01 
3.11040e+04 7.26793e+00 5.53189e+00 5.04570e+00 9.85952e+00 8.33333e-01 8.00000e-01 
3.11121e+04 1.18148e+01 7.41728e+00 7.62658e+00 6.89268e+00 9.00000e-01 8.33333e-01 
3.11202e+04 8.33540e+00 9.27272e+00 4.03908e+00 9.54889e+00 9.33333e-01 8.66667e-01 
3.11283e+04 8.47356e+00 6.51837e+00 5.90170e+00 9.73607e+00 8.66667e-01 8.00000e-01 
3.11364e+04 8.29549e+00 6.68885e+00 7.15909e+00 9.55194e+00 8.00000e-01 8.00000e-01 
3.11445e+04 7.16791e+00 6.36725e+00 4.45524e+00 8.88721e+00 8.66667e-01 8.33333e-01 
3.11526e+04 8.17004e+00 5.33868e+00 2.32523e+00 9.22293e+00 7.33333e-01 8.33333e-01 
3.11607e+04 5.72144e+00 2.41389e+00 4.00744e+00 6.28117e+00 9.00000e-01 8.66667e-01 
3.11688e+04 4.10797e+00 6.01763e+00 3.51024e+00 5.79773e+00 8.33333e-01 8.66667e-01 
3.11769e+04 2.76121e+00 7.49959e+00 2.24054e+00 6.49974e+00 9.33333e-01 9.00000e-01 
3.11850e+04 2.86028e+00 7.44427e+00 2.12793e+00 1.10036e+01 9.33333e-01 9.33333e-01 
3.11931e+04 1.47351e+00 1.00938e+01 2.30809e+00 7.84199e+00 9.33333e-01 8.33333e-01 
3.12012e+04 3.26200e+00 5.58846e+00 4.12467e+00 5.09079e+00 9.33333e-01 9.00000e-01 
3.12093e+04 3.26553e+00 6.71879e+00 3.60900e+00 6.09311e+00 1.00000e+00 9.66667e-01 
3.12174e+04 6.31030e+00 3.30980e+00 6.40518e+00 5.31045e+00 1.00000e+00 9.00000e-01 
3.12255e+04 3.32649e+00 4.07667e+00 3.85140e+00 5.64935e+00 9.66667e-01 9.33333e-01 
3.12336e+04 4.63769e+00 7.68983e+00 4.99670e+00 7.34515e+00 9.33333e-01 9.00000e-01 
3.12417e+04 4.43675e+00 5.88143e+00 4.44208e+00 5.77557e+00 9.00000e-01 9.33333e-01 
3.12498e+04 4.50340e+00 7.38870e+00 4.55726e+00 6.88955e+00 9.66667e-01 8.66667e-01 
3.12579e+04 3.94255e+00 7.27962e+00 5.64690e+00 7.01873e+00 9.00000e-01 9.66667e-01 
3.12660e+04 3.59921e+00 6.50112e+00 5.51463e+00 6.28711e+00 9.00000e-01 9.33333e-01 
3.12741e+04 5.42594e+00 9.46894e+00 3.35473e+00 8.40765e+00 9.00000e-01 9.00000e-01 
3.12822e+04 5.42409e+00 7.31015e+00 5.48112e+00 7.06471e+00 9.33333e-01 9.33333e-01 
3.12903e+04 5.02468e+00 7.03802e+00 4.48175e+00 6.95581e+00 9.66667e-01 9.66667e-01 
3.12984e+04 5.80929e+00 7.11039e+00 3.78647e+00 6.99942e+00 9.66667e-01 9.33333e-01 
3.13065e+04 5.16750e+00 6.96844e+00 7.86026e+00 6.85404e+00 8.66667e-01 9.33333e-01 
3.13146e+04 4.32078e+00 7.29663e+00 6.24929e+00 7.39561e+00 9.66667e-01 8.66667e-01 
3.13227e+04 3.49022e+00 8.10111e+00 3.62671e+00 8.34984e+00 9.66667e-01 9.33333e-01 
3.13308e+04 6.62073e+00 9.10630e+00 6.76875e+00 9.31952e+00 9.66667e-01 1.00000e+00 
3.13389e+04 6.72478e+00 1.03619e+01 6.61370e+00 1.05836e+01 9.66667e-01 9.66667e-01 
3.13470e+04 5.53791e+00 1.07303e+01 5.85210e+00 1.13993e+01 1.00000e+00 9.66667e-01 
3.13551e+04 4.82071e+00 1.05409e+01 4.94183e+00 1.10084e+01 9.66667e-01 9.33333e-01 
3.13632e+04 5.59494e+00 1.03937e+01 5.25494e+00 1.10115e+01 9.33333e-01 9.00000e-01 
3.13713e+04 3.06231e+00 1.19554e+01 2.62474e+00 1.11136e+01 9.66667e-01 8.66667e-01 
3.13794e+04 4.46079e+00 6.50280e+00 5.00668e+00 7.22524e+00 1.00000e+00 8.33333e-01 
3.13875e+04 6.87878e+00 6.92506e+00 7.46342e+00 7.57450e+00 9.00000e-01 9.33333e-01 
3.13956e+04 6.54279e+00 8.08756e+00 7.02013e+00 8.75457e+00 8.66667e-01 9.66667e-01 
3.14037e+04 3.81279e+00 8.16539e+00 3.75836e+00 8.36484e+00 9.66667e-01 9.66667e-01 
3.14118e+04 5.93774e+00 7.40201e+00 6.47017e+00 7.70511e+00 1.00000e+00 9.66667e-01 
3.14199e+04 7.22822e+00 9.49018e+00 7.22368e+00 9.72626e+00 8.66667e-01 9.00000e-01 
3.14280e+04 6.37987e+00 9.05554e+00 4.92523e+00 9.28007e+00 9.33333e-01 8.66667e-01 
3.14361e+04 9.34887e+00 8.56997e+00 9.53199e+00 8.58667e+00 9.66667e-01 8.66667e-01 
3.14442e+04 8.20628e+00 6.43042e+00 7.03260e+00 8.30434e+00 8.66667e-01 9.00000e-01 
3.14523e+04 8.70282e+00 9.82579e+00 9.20247e+00 9.76063e+00 9.33333e-01 8.66667e-01 
3.14604e+04 7.27334e+00 1.02529e+01 7.74808e+00 1.05468e+01 9.00000e-01 8.33333e-01 
3.14685e+04 6.75943e+00 8.37978e+00 6.85763e+00 8.09014e+00 1.00000e+00 8.00000e-01 
3.14766e+04 8.20325e+00 1.04079e+01 8.62144e+00 9.90438e+00 9.33333e-01 8.66667e-01 
3.14847e+04 7.43349e+00 8.27535e+00 8.13035e+00 8.49151e+00 9.33333e-01 9.00000e-01 
3.14928e+04 8.39755e+00 1.19757e+01 8.59475e+00 1.01055e+01 9.00000e-01 8.33333e-01 
3.15009e+04 5.88124e+00 1.24297e+01 6.39668e+00 1.03254e+01 9.33333e-01 8.00000e-01 
3.15090e+04 6.56765e+00 9.41617e+00 8.87212e+00 8.46689e+00 9.33333e-01 8.66667e-01 
3.15171e+04 6.02049e+00 1.28599e+01 6.46135e+00 1.10397e+01 9.33333e-01 9.00000e-01 
3.15252e+04 6.40984e+00 8.67955e+00 6.89778e+00 7.95924e+00 9.00000e-01 7.00000e-01 
3.15333e+04 4.33177e+00 1.13707e+01 4.08775e+00 7.00772e+00 9.33333e-01 9.00000e-01 
3.15414e+04 4.17897e+00 9.76588e+00 3.72614e+00 7.43478e+00 9.00000e-01 8.66667e-01 
3.15495e+04 4.54055e+00 9.96024e+00 4.45914e+00 6.11616e+00 9.66667e-01 8.66667e-01 
3.15576e+04 6.12674e+00 8.32777e+00 6.05126e+00 7.63339e+00 9.66667e-01 8.33333e-01 
3.15657e+04 8.29642e+00 9.13263e+00 8.25453e+00 9.97518e+00 9.66667e-01 8.00000e-01 
3.15738e+04 8.05175e+00 1.02937e+01 7.45507e+00 9.67535e+00 9.33333e-01 9.00000e-01 
3.15819e+04 9.94470e+00 9.80488e+00 9.81688e+00 9.58805e+00 1.00000e+00 9.33333e-01 
3.15900e+04 1.10148e+01 1.39245e+01 7.29798e+00 1.36816e+01 9.33333e-01 9.33333e-01 
3.15981e+04 8.61121e+00 1.05281e+01 8.46001e+00 1.05345e+01 9.66667e-01 9.66667e-01 
3.16062e+04 7.69702e+00 1.26038e+01 7.68855e+00 1.24238e+01 9.00000e-01 9.00000e-01 
3.16143e+04 3.63375e+00 9.25517e+00 3.43557e+00 9.16771e+00 9.66667e-01 9.66667e-01 
3.16224e+04 3.42644e+00 1.00526e+01 2.90575e+00 1.08546e+01 8.33333e-01 9.33333e-01 
3.16305e+04 3.29956e+00 1.12312e+01 3.52209e+00 1.15051e+01 9.33333e-01 9.66667e-01 
3.16386e+04 3.00713e+00 1.10220e+01 2.81975e+00 1.02940e+01 8.66667e-01 9.33333e-01 
3.16467e+04 2.23976e+00 1.32872e+01 2.79877e+00 1.27747e+01 9.33333e-01 1.00000e+00 
3.16548e+04 3.99766e+00 1.36688e+01 4.44766e+00 1.29756e+01 1.00000e+00 9.33333e-01 
3.16629e+04 4.87479e+00 1.27884e+01 5.13674e+00 1.21714e+01 9.33333e-01 9.66667e-01 
3.16710e+04 2.89307e+00 1.25398e+01 3.25945e+00 1.22354e+01 9.66667e-01 9.66667e-01 
3.16791e+04 3.43816e+00 1.11175e+01 3.89791e+00 1.10093e+01 9.33333e-01 8.66667e-01 
3.16872e+04 2.25894e+00 1.20096e+01 2.69400e+00 1.14690e+01 9.33333e-01 9.33333e-01 
3.16953e+04 1.89219e+00 1.34169e+01 1.74659e+00 1.32418e+01 9.66667e-01 9.00000e-01 
3.17034e+04 2.57387e+00 1.19726e+01 2.42230e+00 1.39288e+01 9.33333e-01 9.33333e-01 
3.17115e+04 1.84240e+00 9.23001e+00 1.92318e+00 1.37006e+01 9.00000e-01 9.00000e-01 
3.17196e+04 1.93087e+00 1.02032e+01 2.03435e+00 1.26353e+01 9.66667e-01 8.66667e-01 
3.17277e+04 2.90240e+00 1.38420e+01 2.65426e+00 1.19049e+01 9.33333e-01 8.33333e-01 
3.17358e+04 3.83603e+00 1.23292e+01 4.11512e+00 1.53293e+01 9.33333e-01 8.33333e-01 
3.17439e+04 2.25507e+00 1.31984e+01 2.45131e+00 1.36437e+01 8.66667e-01 9.00000e-01 
3.17520e+04 9.68262e-01 1.23273e+01 1.27793e+00 1.14037e+01 9.66667e-01 9.00000e-01 
3.17601e+04 3.33264e+00 1.07031e+01 3.21003e+00 1.20572e+01 9.33333e-01 9.00000e-01 
3.17682e+04 3.86109e+00 1.31795e+01 2.23298e+00 1.34002e+01 8.33333e-01 9.33333e-01 
3.17763e+04 2.27836e+00 1.16160e+01 1.24621e+00 1.18018e+01 8.00000e-01 9.00000e-01 
3.17844e+04 2.28489e+00 1.30676e+01 1.64650e+00 1.31286e+01 8.66667e-01 9.00000e-01 
3.17925e+04 4.32839e+00 1.13531e+01 9.85589e-01 1.10417e+01 8.33333e-01 9.33333e-01 
3.18006e+04 3.54632e+00 1.06337e+01 5.73614e+00 1.02650e+01 8.33333e-01 9.00000e-01 
3.18087e+04 3.73424e+00 7.29045e+00 3.97008e+00 7.51723e+00 9.33333e-01 9.33333e-01 
3.18168e+04 8.37893e+00 8.08414e+00 5.97531e+00 8.37905e+00 8.00000e-01 9.66667e-01 
3.18249e+04 2.79085e+00 8.83044e+00 3.05933e+00 9.31879e+00 7.33333e-01 7.66667e-01 
3.18330e+04 4.70789e+00 8.40756e+00 4.95029e+00 9.71670e+00 8.33333e-01 9.33333e-01 
3.18411e+04 4.40094e+00 7.13284e+00 3.97989e+00 7.79415e+00 8.33333e-01 8.66667e-01 
3.18492e+04 7.88189e+00 7.19549e+00 8.00466e+00 6.01049e+00 9.33333e-01 8.66667e-01 
3.18573e+04 6.51039e+00 7.14513e+00 6.49908e+00 6.87313e+00 9.66667e-01 9.66667e-01 
3.18654e+04 7.09300e+00 5.86581e+00 8.36549e+00 5.91644e+00 8.66667e-01 9.66667e-01 
3.18735e+04 6.91099e+00 6.52890e+00 8.71091e+00 6.57176e+00 8.66667e-01 8.33333e-01 
3.18816e+04 8.23770e+00 7.38186e+00 7.79222e+00 7.01805e+00 8.33333e-01 9.00000e-01 
3.18897e+04 9.27245e+00 5.53720e+00 9.53593e+00 5.30969e+00 1.00000e+00 9.66667e-01 
3.18978e+04 1.00099e+01 8.60761e+00 1.05120e+01 7.88353e+00 9.66667e-01 9.66667e-01 
3.19059e+04 1.09535e+01 7.02168e+00 8.57822e+00 6.80753e+00 8.33333e-01 1.00000e+00 
3.19140e+04 1.09440e+01 4.33109e+00 1.06987e+01 4.27367e+00 9.66667e-01 9.66667e-01 
3.19221e+04 8.32046e+00 4.31364e+00 7.83371e+00 3.94823e+00 9.00000e-01 9.66667e-01 
3.19302e+04 7.80961e+00 7.59248e+00 6.55206e+00 6.92702e+00 9.66667e-01 9.33333e-01 
3.19383e+04 6.24351e+00 6.41709e+00 5.79550e+00 6.16708e+00 8.66667e-01 9.33333e-01 
3.19464e+04 5.56121e+00 8.47263e+00 5.04735e+00 8.38096e+00 9.33333e-01 8.00000e-01 
3.19545e+04 7.42328e+00 7.64795e+00 7.36991e+00 7.47259e+00 9.33333e-01 9.33333e-01 
3.19626e+04 4.97713e+00 5.54681e+00 5.08140e+00 5.25071e+00 9.66667e-01 8.66667e-01 
3.19707e+04 6.76695e+00 6.74728e+00 6.64772e+00 7.41013e+00 8.66667e-01 9.66667e-01 
3.19788e+04 4.44275e+00 6.26360e+00 4.28928e+00 6.19698e+00 1.00000e+00 9.33333e-01 
3.19869e+04 4.05152e+00 7.17292e+00 4.26882e+00 6.62891e+00 9.33333e-01 9.33333e-01 
3.19950e+04 5.36817e+00 9.42135e+00 5.13312e+00 9.27276e+00 9.66667e-01 9.00000e-01 
3.20031e+04 5.12568e+00 7.79408e+00 5.15865e+00 7.83489e+00 9.66667e-01 9.66667e-01 
3.20112e+04 3.28043e+00 7.05192e+00 5.80810e+00 7.12961e+00 8.66667e-01 9.33333e-01 
3.20193e+04 4.30246e+00 4.77597e+00 6.70507e+00 4.84867e+00 9.00000e-01 9.66667e-01 
3.20274e+04 1.66350e+00 3.37846e+00 3.83029e+00 3.34973e+00 9.33333e-01 9.66667e-01 
3.20355e+04 2.88063e+00 3.00472e+00 2.25436e+00 2.94755e+00 8.66667e-01 8.66667e-01 
3.20436e+04 2.29894e+00 4.47552e+00 4.46029e+00 4.61133e+00 9.33333e-01 9.66667e-01 
3.20517e+04 1.70373e+00 5.83033e+00 5.72284e+00 5.63402e+00 9.33333e-01 9.33333e-01 
3.20598e+04 2.66897e+00 7.81496e+00 4.08210e+00 7.70789e+00 8.33333e-01 9.66667e-01 
3.20679e+04 2.95750e+00 6.36873e+00 4.49285e+00 5.94963e+00 9.00000e-01 9.00000e-01 
3.20760e+04 4.38416e+00 3.55714e+00 4.05240e+00 3.62831e+00 9.66667e-01 9.00000e-01 
3.20841e+04 4.19320e+00 4.35986e+00 3.92289e+00 4.50802e+00 9.33333e-01 9.66667e-01 
3.20922e+04 2.14111e+00 7.36686e+00 2.08802e+00 6.96045e+00 9.66667e-01 8.66667e-01 
3.21003e+04 1.33697e+00 6.18546e+00 1.38407e+00 6.23460e+00 1.00000e+00 9.66667e-01 
3.21084e+04 8.24135e-01 4.46186e+00 6.50986e-01 4.71601e+00 9.33333e-01 8.66667e-01 
3.21165e+04 1.71709e+00 4.50454e+00 2.23823e+00 4.61353e+00 9.33333e-01 9.00000e-01 
3.21246e+04 1.30720e+00 3.62674e+00 1.71620e+00 5.58305e+00 9.66667e-01 9.66667e-01 
3.21327e+04 2.79479e+00 3.11567e+00 3.35368e+00 3.77635e+00 9.33333e-01 1.00000e+00 
3.21408e+04 3.74101e+00 5.22829e+00 3.50710e+00 5.62571e+00 8.66667e-01 9.66667e-01 
3.21489e+04 3.00002e+00 3.88051e+00 2.33322e+00 4.17272e+00 9.00000e-01 9.66667e-01 
3.21570e+04 2.61584e+00 6.52376e+00 2.54460e+00 4.91564e+00 8.66667e-01 9.66667e-01 
3.21651e+04 2.98323e+00 6.91154e+00 2.88607e+00 6.85049e+00 9.33333e-01 9.66667e-01 
3.21732e+04 1.13530e+00 5.70442e+00 1.46319e+00 5.97889e+00 9.66667e-01 9.66667e-01 
3.21813e+04 5.66592e+00 3.75182e+00 5.16244e+00 3.93518e+00 9.66667e-01 9.66667e-01 
3.21894e+04 8.92157e-01 4.12061e+00 1.15445e+00 3.54706e+00 9.66667e-01 9.66667e-01 
3.21975e+04 2.18955e+00 3.54979e+00 2.48488e+00 3.60011e+00 8.33333e-01 9.66667e-01 
3.22056e+04 3.16045e+00 5.10998e+00 1.48289e+00 5.18088e+00 9.33333e-01 9.66667e-01 
3.22137e+04 2.11546e+00 6.83232e+00 3.84919e+00 6.87764e+00 9.33333e-01 9.66667e-01 
3.22218e+04 1.49256e+00 4.10986e+00 1.34614e+00 3.54347e+00 9.00000e-01 9.66667e-01 
3.22299e+04 1.58298e+00 2.29041e+00 1.45874e+00 1.47822e+00 9.00000e-01 9.66667e-01 
3.22380e+04 2.25424e+00 4.19909e+00 2.37562e+00 6.53691e+00 1.00000e+00 9.00000e-01 
3.22461e+04 4.00005e+00 2.24168e+00 3.98920e+00 1.95149e+00 9.33333e-01 9.33333e-01 
3.22542e+04 5.40910e+00 3.41942e+00 5.11696e+00 3.48190e+00 8.66667e-01 9.33333e-01 
3.22623e+04 4.44363e+00 6.74056e+00 6.03341e+00 4.99506e+00 9.33333e-01 9.00000e-01 
3.22704e+04 4.99141e+00 6.46314e+00 4.03374e+00 4.94962e+00 9.00000e-01 9.33333e-01 
3.22785e+04 6.42022e+00 4.89991e+00 4.39603e+00 5.42676e+00 9.66667e-01 9.00000e-01 
3.22866e+04 5.67084e+00 2.93443e+00 5.26576e+00 3.11060e+00 9.33333e-01 1.00000e+00 
3.22947e+04 4.51443e+00 5.67794e+00 3.88687e+00 5.75713e+00 9.33333e-01 1.00000e+00 
3.23028e+04 6.94293e+00 4.02509e+00 5.83376e+00 3.87254e+00 9.33333e-01 9.66667e-01 
3.23109e+04 6.30409e+00 7.30642e+00 3.78353e+00 7.72291e+00 8.66667e-01 9.00000e-01 
3.23190e+04 3.76643e+00 6.44710e+00 4.03383e+00 6.72182e+00 8.33333e-01 1.00000e+00 
3.23271e+04 6.08657e+00 5.76083e+00 2.53739e+00 5.72974e+00 9.66667e-01 1.00000e+00 
3.23352e+04 3.99496e+00 8.44944e+00 5.33081e+00 4.57393e+00 9.66667e-01 9.33333e-01 
3.23433e+04 3.70091e+00 8.29743e+00 5.32135e+00 6.07067e+00 9.00000e-01 9.33333e-01 
3.23514e+04 5.27773e+00 4.81816e+00 5.37147e+00 5.08196e+00 8.00000e-01 9.66667e-01 
3.23595e+04 3.40001e+00 5.84659e+00 4.88898e+00 7.64291e+00 9.33333e-01 9.33333e-01 
3.23676e+04 2.79527e+00 6.06001e+00 4.22708e+00 6.95012e+00 9.33333e-01 9.33333e-01 
3.23757e+04 6.66675e+00 6.64939e+00 5.39493e+00 6.95915e+00 8.66667e-01 1.00000e+00 
3.23838e+04 5.56319e+00 6.39960e+00 5.62704e+00 6.91044e+00 9.33333e-01 9.66667e-01 
3.23919e+04 5.11541e+00 8.15371e+00 4.81678e+00 8.16314e+00 9.33333e-01 9.66667e-01 
3.24000e+04 4.35752e+00 1.15246e+01 4.32280e+00 1.16283e+01 9.66667e-01 9.00000e-01 
