#time ree(0) ree(1) ree(2) ree(3) fhp(0-2) fhp(1-3)
0.00000e+00 7.55105e+00 1.85102e+01 8.37969e+00 7.69250e+00 0.00000e+00 0.00000e+00 
8.10000e+00 5.19545e+00 1.77396e+01 5.85252e+00 7.77573e+00 0.00000e+00 0.00000e+00 
1.62000e+01 5.68399e+00 1.84965e+01 8.47002e+00 6.39799e+00 0.00000e+00 0.00000e+00 
2.43000e+01 7.38581e+00 1.83966e+01 1.05525e+01 3.44542e+00 0.00000e+00 0.00000e+00 
3.24000e+01 7.04869e+00 1.94180e+01 1.03747e+01 5.72637e+00 0.00000e+00 0.00000e+00 
4.05000e+01 8.87032e+00 1.91891e+01 7.91893e+00 3.51892e+00 0.00000e+00 0.00000e+00 
4.86000e+01 9.67715e+00 2.09048e+01 7.01467e+00 5.83103e+00 0.00000e+00 0.00000e+00 
5.67000e+01 9.99160e+00 2.19334e+01 6.98280e+00 5.05033e+00 0.00000e+00 0.00000e+00 
6.48000e+01 1.03065e+01 1.81196e+01 5.53842e+00 5.17186e+00 0.00000e+00 0.00000e+00 
7.29000e+01 6.58176e+00 1.77203e+01 3.61964e+00 6.97423e+00 0.00000e+00 0.00000e+00 
8.10000e+01 6.77644e+00 2.11277e+01 4.04538e+00 5.59868e+00 0.00000e+00 0.00000e+00 
8.91000e+01 8.06206e+00 2.02510e+01 8.46302e+00 3.47680e+00 0.00000e+00 0.00000e+00 
9.72000e+01 8.67357e+00 1.79546e+01 9.10161e+00 5.45357e+00 0.00000e+00 0.00000e+00 
1.05300e+02 4.35093e+00 1.86375e+01 7.70727e+00 5.65440e+00 0.00000e+00 0.00000e+00 
1.13400e+02 7.25769e+00 1.99159e+01 1.09297e+01 5.77076e+00 0.00000e+00 0.00000e+00 
1.21500e+02 7.08285e+00 1.89985e+01 4.94494e+00 6.76906e+00 0.00000e+00 0.00000e+00 
1.29600e+02 1.07817e+01 1.97908e+01 5.76393e+00 6.51065e+00 0.00000e+00 0.00000e+00 
1.37700e+02 7.36790e+00 1.76175e+01 6.61021e+00 7.03289e+00 0.00000e+00 0.00000e+00 
1.45800e+02 1.08026e+01 2.06354e+01 7.33559e+00 9.81276e+00 0.00000e+00 0.00000e+00 
1.53900e+02 9.32453e+00 2.07780e+01 5.87170e+00 1.18206e+01 0.00000e+00 0.00000e+00 
1.62000e+02 9.93408e+00 1.95276e+01 1.21300e+01 1.61727e+01 0.00000e+00 0.00000e+00 
1.70100e+02 1.15389e+01 1.54490e+01 6.88411e+00 1.20049e+01 0.00000e+00 0.00000e+00 
1.78200e+02 1.27654e+01 1.39644e+01 9.73541e+00 1.35390e+01 0.00000e+00 0.00000e+00 
1.86300e+02 1.13395e+01 1.37003e+01 6.06700e+00 1.23033e+01 0.00000e+00 0.00000e+00 
1.94400e+02 8.16783e+00 1.91009e+01 6.01413e+00 1.10184e+01 0.00000e+00 0.00000e+00 
2.02500e+02 8.33379e+00 1.49719e+01 4.60031e+00 1.14905e+01 0.00000e+00 0.00000e+00 
2.10600e+02 7.99856e+00 1.98832e+01 8.45750e+00 6.63163e+00 0.00000e+00 0.00000e+00 
2.18700e+02 6.92410e+00 1.84410e+01 6.95069e+00 6.62257e+00 0.00000e+00 0.00000e+00 
2.26800e+02 5.62418e+00 1.72750e+01 5.68579e+00 1.17368e+01 0.00000e+00 0.00000e+00 
2.34900e+02 9.63905e+00 1.57042e+01 7.03234e+00 8.98712e+00 0.00000e+00 0.00000e+00 
2.43000e+02 5.45780e+00 1.83230e+01 7.86687e+00 8.14108e+00 0.00000e+00 0.00000e+00 
2.51100e+02 8.10086e+00 1.57110e+01 7.26491e+00 8.80878e+00 0.00000e+00 0.00000e+00 
2.59200e+02 7.06420e+00 1.33483e+01 5.69092e+00 5.52133e+00 0.00000e+00 0.00000e+00 
2.67300e+02 5.96295e+00 1.42072e+01 6.81669e+00 5.65429e+00 0.00000e+00 0.00000e+00 
2.75400e+02 8.32914e+00 1.43891e+01 7.86114e+00 7.16292e+00 0.00000e+00 0.00000e+00 
2.83500e+02 6.70834e+00 1.62248e+01 9.91366e+00 9.71974e+00 0.00000e+00 0.00000e+00 
2.91600e+02 9.28411e+00 1.20792e+01 8.07555e+00 1.05828e+01 0.00000e+00 0.00000e+00 
2.99700e+02 8.52363e+00 1.23204e+01 9.26798e+00 9.31856e+00 0.00000e+00 0.00000e+00 
3.07800e+02 6.01862e+00 1.07190e+01 1.10760e+01 8.99474e+00 0.00000e+00 0.00000e+00 
3.15900e+02 5.17767e+00 1.07361e+01 1.09836e+01 8.60015e+00 0.00000e+00 0.00000e+00 
3.24000e+02 5.95407e+00 1.11457e+01 1.10469e+01 5.49815e+00 0.00000e+00 0.00000e+00 
3.32100e+02 8.32819e+00 1.27682e+01 1.02825e+01 5.63716e+00 0.00000e+00 0.00000e+00 
3.40200e+02 5.52033e+00 1.32835e+01 1.09816e+01 6.24177e+00 0.00000e+00 0.00000e+00 
3.48300e+02 4.27670e+00 1.58863e+01 1.16021e+01 5.28814e+00 0.00000e+00 0.00000e+00 
3.56400e+02 6.52753e+00 1.41993e+01 1.03252e+01 6.12081e+00 0.00000e+00 0.00000e+00 
3.64500e+02 6.19794e+00 1.57365e+01 1.07843e+01 6.42618e+00 0.00000e+00 0.00000e+00 
3.72600e+02 6.72916e+00 1.43016e+01 9.74674e+00 6.46403e+00 0.00000e+00 0.00000e+00 
3.80700e+02 7.18200e+00 1.49692e+01 8.84985e+00 5.72625e+00 0.00000e+00 0.00000e+00 
3.88800e+02 8.56750e+00 1.44465e+01 9.69665e+00 7.69930e+00 0.00000e+00 0.00000e+00 
3.96900e+02 8.55078e+00 1.52014e+01 6.22944e+00 6.25577e+00 0.00000e+00 0.00000e+00 
4.05000e+02 9.59292e+00 1.26112e+01 6.47772e+00 4.96132e+00 0.00000e+00 0.00000e+00 
4.13100e+02 3.89611e+00 1.74005e+01 8.55098e+00 8.12999e+00 0.00000e+00 0.00000e+00 
4.21200e+02 5.66236e+00 1.77853e+01 5.20699e+00 9.77789e+00 0.00000e+00 0.00000e+00 
4.29300e+02 7.09499e+00 1.60979e+01 6.55129e+00 9.95840e+00 0.00000e+00 0.00000e+00 
4.37400e+02 8.25321e+00 1.60549e+01 4.17585e+00 6.34361e+00 0.00000e+00 0.00000e+00 
4.45500e+02 5.32998e+00 1.59500e+01 4.73040e+00 6.43284e+00 0.00000e+00 0.00000e+00 
4.53600e+02 5.33522e+00 1.66312e+01 5.69531e+00 7.34681e+00 0.00000e+00 0.00000e+00 
4.61700e+02 5.72186e+00 1.47919e+01 5.96619e+00 6.85895e+00 0.00000e+00 0.00000e+00 
4.69800e+02 4.65784e+00 1.50084e+01 7.52241e+00 6.82718e+00 0.00000e+00 0.00000e+00 
4.77900e+02 6.80213e+00 1.70484e+01 5.00132e+00 6.22347e+00 0.00000e+00 0.00000e+00 
4.86000e+02 9.63215e+00 1.66405e+01 7.25456e+00 3.69868e+00 0.00000e+00 0.00000e+00 
4.94100e+02 1.18329e+01 1.49255e+01 9.81960e+00 6.58980e+00 0.00000e+00 0.00000e+00 
5.02200e+02 1.10716e+01 1.06409e+01 7.17278e+00 8.64549e+00 0.00000e+00 0.00000e+00 
5.10300e+02 1.30127e+01 1.50112e+01 1.05325e+01 6.69478e+00 0.00000e+00 0.00000e+00 
5.18400e+02 1.46450e+01 1.63891e+01 9.05904e+00 8.67660e+00 0.00000e+00 0.00000e+00 
5.26500e+02 1.30410e+01 1.58069e+01 8.75152e+00 4.92724e+00 0.00000e+00 0.00000e+00 
5.34600e+02 1.20438e+01 1.37688e+01 1.00903e+01 6.06638e+00 0.00000e+00 0.00000e+00 
5.42700e+02 1.43756e+01 1.38155e+01 1.03994e+01 8.68312e+00 0.00000e+00 0.00000e+00 
5.50800e+02 1.45271e+01 1.27551e+01 9.25896e+00 6.39429e+00 0.00000e+00 0.00000e+00 
5.58900e+02 1.38666e+01 1.39402e+01 1.31158e+01 5.55296e+00 0.00000e+00 0.00000e+00 
5.67000e+02 1.37701e+01 1.47041e+01 9.48150e+00 6.17337e+00 0.00000e+00 0.00000e+00 
5.75100e+02 1.38593e+01 1.09663e+01 1.03595e+01 4.24196e+00 0.00000e+00 0.00000e+00 
5.83200e+02 1.53073e+01 1.08524e+01 1.00939e+01 6.77377e+00 0.00000e+00 0.00000e+00 
5.91300e+02 1.04216e+01 1.07369e+01 7.92722e+00 8.02211e+00 0.00000e+00 0.00000e+00 
5.99400e+02 1.23280e+01 1.30113e+01 7.22863e+00 6.50811e+00 0.00000e+00 0.00000e+00 
6.07500e+02 1.03924e+01 1.13284e+01 6.05720e+00 6.67833e+00 0.00000e+00 0.00000e+00 
6.15600e+02 9.45366e+00 1.14587e+01 6.14067e+00 1.06420e+01 0.00000e+00 0.00000e+00 
6.23700e+02 6.59178e+00 8.77245e+00 7.69356e+00 5.80373e+00 0.00000e+00 0.00000e+00 
6.31800e+02 5.47560e+00 9.13581e+00 6.95005e+00 5.80940e+00 0.00000e+00 0.00000e+00 
6.39900e+02 4.93214e+00 9.98582e+00 4.14977e+00 6.64376e+00 0.00000e+00 0.00000e+00 
6.48000e+02 8.91746e+00 7.04093e+00 7.00999e+00 8.24217e+00 0.00000e+00 0.00000e+00 
6.56100e+02 8.16345e+00 8.95455e+00 6.26996e+00 6.49594e+00 0.00000e+00 0.00000e+00 
6.64200e+02 4.14962e+00 1.07531e+01 4.10811e+00 6.02343e+00 0.00000e+00 0.00000e+00 
6.72300e+02 4.49383e+00 1.14707e+01 4.79756e+00 5.17130e+00 0.00000e+00 0.00000e+00 
6.80400e+02 4.65462e+00 1.19728e+01 4.11759e+00 3.90380e+00 0.00000e+00 0.00000e+00 
6.88500e+02 2.33862e+00 1.20488e+01 3.69599e+00 5.95905e+00 0.00000e+00 0.00000e+00 
6.96600e+02 5.58664e+00 8.86067e+00 4.98054e+00 2.98004e+00 0.00000e+00 0.00000e+00 
7.04700e+02 8.15101e+00 1.18011e+01 4.71113e+00 3.57618e+00 0.00000e+00 0.00000e+00 
7.12800e+02 7.20353e+00 9.66656e+00 6.80792e+00 3.79075e+00 0.00000e+00 0.00000e+00 
7.20900e+02 7.84762e+00 1.44179e+01 7.14457e+00 5.52463e+00 0.00000e+00 0.00000e+00 
7.29000e+02 7.89871e+00 1.51704e+01 3.54499e+00 6.95507e+00 0.00000e+00 0.00000e+00 
7.37100e+02 9.28257e+00 1.26056e+01 5.78979e+00 7.75492e+00 0.00000e+00 0.00000e+00 
7.45200e+02 9.96123e+00 1.54429e+01 5.60643e+00 5.73752e+00 0.00000e+00 0.00000e+00 
7.53300e+02 1.10226e+01 1.58001e+01 2.60405e+00 4.69836e+00 0.00000e+00 0.00000e+00 
7.61400e+02 7.66397e+00 1.65255e+01 6.95785e+00 4.96097e+00 0.00000e+00 0.00000e+00 
7.69500e+02 8.56355e+00 1.46987e+01 8.72917e+00 4.23763e+00 0.00000e+00 0.00000e+00 
7.77600e+02 7.54426e+00 1.25273e+01 6.64814e+00 3.50571e+00 0.00000e+00 0.00000e+00 
7.85700e+02 4.46922e+00 1.06418e+01 5.45915e+00 5.27585e+00 0.00000e+00 0.00000e+00 
7.93800e+02 6.30053e+00 1.05765e+01 4.28375e+00 2.38922e+00 0.00000e+00 0.00000e+00 
8.01900e+02 7.64988e+00 8.23313e+00 4.47900e+00 4.87670e+00 0.00000e+00 0.00000e+00 
8.10000e+02 5.74078e+00 7.84805e+00 5.81650e+00 5.83912e+00 0.00000e+00 0.00000e+00 
8.18100e+02 6.42892e+00 1.20760e+01 3.99260e+00 3.81235e+00 0.00000e+00 0.00000e+00 
8.26200e+02 7.35170e+00 5.83943e+00 5.60321e+00 5.46775e+00 0.00000e+00 0.00000e+00 
8.34300e+02 7.48696e+00 1.10710e+01 5.96480e+00 4.20959e+00 0.00000e+00 0.00000e+00 
8.42400e+02 6.71990e+00 8.97816e+00 5.24834e+00 5.63186e+00 0.00000e+00 0.00000e+00 
8.50500e+02 7.12618e+00 1.05853e+01 4.13905e+00 5.21698e+00 0.00000e+00 0.00000e+00 
8.58600e+02 8.77337e+00 8.11459e+00 4.00611e+00 8.43069e+00 0.00000e+00 0.00000e+00 
8.66700e+02 1.11330e+01 9.92348e+00 6.99740e+00 6.15990e+00 0.00000e+00 0.00000e+00 
8.74800e+02 9.83754e+00 9.20636e+00 4.64587e+00 7.17633e+00 0.00000e+00 0.00000e+00 
8.82900e+02 7.84118e+00 1.09542e+01 3.49982e+00 1.15059e+01 0.00000e+00 0.00000e+00 
8.91000e+02 7.52880e+00 6.99043e+00 6.62698e+00 8.57490e+00 0.00000e+00 0.00000e+00 
8.99100e+02 9.68349e+00 8.05972e+00 6.22075e+00 1.10578e+01 0.00000e+00 0.00000e+00 
9.07200e+02 5.98877e+00 9.88655e+00 5.69369e+00 1.18543e+01 0.00000e+00 0.00000e+00 
9.15300e+02 6.58636e+00 7.35474e+00 5.25925e+00 6.89840e+00 0.00000e+00 0.00000e+00 
9.23400e+02 8.36483e+00 8.73845e+00 6.62289e+00 1.03021e+01 0.00000e+00 0.00000e+00 
9.31500e+02 4.00196e+00 7.35661e+00 5.50625e+00 8.93672e+00 0.00000e+00 0.00000e+00 
9.39600e+02 6.58667e+00 1.27831e+01 7.40745e+00 6.69471e+00 0.00000e+00 0.00000e+00 
9.47700e+02 6.16622e+00 1.57104e+01 2.44277e+00 6.48791e+00 0.00000e+00 0.00000e+00 
9.55800e+02 2.29240e+00 1.37761e+01 7.18843e+00 5.91950e+00 0.00000e+00 0.00000e+00 
9.63900e+02 3.95599e+00 1.15358e+01 2.17695e+00 1.01484e+01 0.00000e+00 0.00000e+00 
9.72000e+02 3.51506e+00 1.34784e+01 5.76320e+00 8.07812e+00 0.00000e+00 0.00000e+00 
9.80100e+02 1.67185e+00 1.16712e+01 5.12400e+00 3.12391e+00 0.00000e+00 0.00000e+00 
9.88200e+02 4.68987e+00 1.54183e+01 4.61062e+00 4.32042e+00 0.00000e+00 0.00000e+00 
9.96300e+02 4.29999e+00 1.40066e+01 7.06943e+00 2.11974e+00 0.00000e+00 0.00000e+00 
1.00440e+03 6.77272e+00 1.73125e+01 5.04196e+00 6.17989e+00 0.00000e+00 0.00000e+00 
1.01250e+03 7.57990e+00 1.39412e+01 8.05302e+00 5.15315e+00 0.00000e+00 0.00000e+00 
1.02060e+03 6.11750e+00 1.62162e+01 5.35242e+00 5.41930e+00 0.00000e+00 0.00000e+00 
1.02870e+03 7.18954e+00 1.56017e+01 6.73774e+00 7.62122e+00 0.00000e+00 0.00000e+00 
1.03680e+03 3.76155e+00 1.42778e+01 6.31649e+00 8.70880e+00 0.00000e+00 0.00000e+00 
1.04490e+03 5.21766e+00 1.23450e+01 5.79872e+00 8.31283e+00 0.00000e+00 0.00000e+00 
1.05300e+03 6.65317e+00 8.93870e+00 7.98468e+00 6.56924e+00 0.00000e+00 0.00000e+00 
1.06110e+03 6.39127e+00 1.25324e+01 6.78039e+00 4.69416e+00 0.00000e+00 0.00000e+00 
1.06920e+03 6.34680e+00 1.39807e+01 6.23754e+00 6.06435e+00 0.00000e+00 0.00000e+00 
1.07730e+03 8.39790e+00 1.22753e+01 7.06376e+00 7.04950e+00 0.00000e+00 0.00000e+00 
1.08540e+03 6.17918e+00 1.60201e+01 3.44834e+00 6.18039e+00 0.00000e+00 0.00000e+00 
1.09350e+03 6.96935e+00 1.14439e+01 1.02583e+00 5.36916e+00 0.00000e+00 0.00000e+00 
1.10160e+03 1.01364e+01 1.41303e+01 2.21117e+00 2.90820e+00 0.00000e+00 0.00000e+00 
1.10970e+03 9.58167e+00 1.16842e+01 2.75869e+00 7.38655e+00 0.00000e+00 0.00000e+00 
1.11780e+03 1.02744e+01 1.50421e+01 1.84125e+00 4.08152e+00 0.00000e+00 0.00000e+00 
1.12590e+03 7.60661e+00 1.06631e+01 3.97086e+00 7.06933e+00 0.00000e+00 0.00000e+00 
1.13400e+03 1.32290e+01 1.57050e+01 4.43423e+00 8.33391e+00 0.00000e+00 0.00000e+00 
1.14210e+03 8.49332e+00 1.62087e+01 2.29585e+00 5.28760e+00 0.00000e+00 0.00000e+00 
1.15020e+03 7.65103e+00 1.72427e+01 5.44886e+00 6.76320e+00 0.00000e+00 0.00000e+00 
1.15830e+03 9.12813e+00 1.74565e+01 6.14602e+00 5.52156e+00 0.00000e+00 0.00000e+00 
1.16640e+03 1.10640e+01 1.64660e+01 4.90865e+00 4.70715e+00 0.00000e+00 0.00000e+00 
1.17450e+03 1.24119e+01 1.37552e+01 3.63205e+00 3.89848e+00 0.00000e+00 0.00000e+00 
1.18260e+03 1.27574e+01 1.45415e+01 5.85883e-01 5.14794e+00 0.00000e+00 0.00000e+00 
1.19070e+03 1.04919e+01 1.33553e+01 4.63032e+00 5.61519e+00 0.00000e+00 0.00000e+00 
1.19880e+03 1.00327e+01 1.30126e+01 4.75788e+00 9.44237e+00 0.00000e+00 0.00000e+00 
1.20690e+03 1.10434e+01 1.27868e+01 6.52314e-01 7.25265e+00 0.00000e+00 0.00000e+00 
1.21500e+03 7.62275e+00 1.08438e+01 5.86833e+00 8.17626e+00 0.00000e+00 0.00000e+00 
1.22310e+03 9.47953e+00 9.99698e+00 3.45150e+00 8.48717e+00 0.00000e+00 0.00000e+00 
1.23120e+03 1.19150e+01 8.87751e+00 3.42675e+00 7.60578e+00 0.00000e+00 0.00000e+00 
1.23930e+03 1.12157e+01 1.12862e+01 3.54416e+00 6.80859e+00 0.00000e+00 0.00000e+00 
1.24740e+03 1.21954e+01 7.23621e+00 4.47333e+00 5.80301e+00 0.00000e+00 0.00000e+00 
1.25550e+03 1.23290e+01 6.35955e+00 4.19757e+00 4.20469e+00 0.00000e+00 0.00000e+00 
1.26360e+03 1.00376e+01 8.14127e+00 4.37099e+00 3.95149e+00 0.00000e+00 0.00000e+00 
1.27170e+03 9.82025e+00 8.05006e+00 4.24566e+00 5.39854e+00 0.00000e+00 0.00000e+00 
1.27980e+03 8.11172e+00 6.97114e+00 3.84431e+00 7.92630e+00 0.00000e+00 0.00000e+00 
1.28790e+03 8.38708e+00 6.97052e+00 8.27125e+00 6.20015e+00 0.00000e+00 0.00000e+00 
1.29600e+03 8.42956e+00 7.24749e+00 5.78057e+00 6.27230e+00 0.00000e+00 0.00000e+00 
1.30410e+03 7.47587e+00 2.83861e+00 5.54291e+00 4.27962e+00 0.00000e+00 0.00000e+00 
1.31220e+03 7.23014e+00 7.25442e+00 8.13288e+00 5.89251e+00 0.00000e+00 0.00000e+00 
1.32030e+03 8.35212e+00 7.18332e+00 5.55117e+00 4.13214e+00 0.00000e+00 0.00000e+00 
1.32840e+03 8.53860e+00 5.11174e+00 4.02589e+00 6.24198e+00 0.00000e+00 0.00000e+00 
1.33650e+03 9.84403e+00 9.16304e+00 6.47475e+00 4.57154e+00 0.00000e+00 0.00000e+00 
1.34460e+03 1.08350e+01 1.19882e+01 8.40443e+00 7.91165e+00 0.00000e+00 0.00000e+00 
1.35270e+03 1.04855e+01 1.24665e+01 9.48282e+00 5.27923e+00 0.00000e+00 0.00000e+00 
1.36080e+03 9.91861e+00 9.36912e+00 1.10985e+01 6.55521e+00 0.00000e+00 0.00000e+00 
1.36890e+03 9.79725e+00 9.49597e+00 7.43632e+00 7.02203e+00 0.00000e+00 0.00000e+00 
1.37700e+03 1.19504e+01 1.06811e+01 7.69397e+00 8.66815e+00 0.00000e+00 0.00000e+00 
1.38510e+03 1.19586e+01 9.51153e+00 1.14030e+01 8.45753e+00 0.00000e+00 0.00000e+00 
1.39320e+03 1.08361e+01 1.11196e+01 8.75176e+00 9.89855e+00 0.00000e+00 0.00000e+00 
1.40130e+03 8.18785e+00 1.10610e+01 4.94340e+00 1.13478e+01 0.00000e+00 0.00000e+00 
1.40940e+03 1.09221e+01 9.97148e+00 8.05226e+00 1.11495e+01 0.00000e+00 0.00000e+00 
1.41750e+03 9.69263e+00 9.65589e+00 9.26886e+00 8.20486e+00 0.00000e+00 0.00000e+00 
1.42560e+03 1.10305e+01 8.68461e+00 6.32312e+00 9.15395e+00 0.00000e+00 0.00000e+00 
1.43370e+03 1.04336e+01 8.20075e+00 7.97719e+00 8.66808e+00 0.00000e+00 0.00000e+00 
1.44180e+03 1.09410e+01 9.45566e+00 6.32972e+00 1.09109e+01 0.00000e+00 0.00000e+00 
1.44990e+03 8.72193e+00 6.94365e+00 9.63721e+00 1.14789e+01 0.00000e+00 0.00000e+00 
1.45800e+03 9.81648e+00 9.13692e+00 8.11622e+00 8.64447e+00 0.00000e+00 0.00000e+00 
1.46610e+03 8.08258e+00 1.12835e+01 6.71134e+00 1.00644e+01 0.00000e+00 0.00000e+00 
1.47420e+03 1.22034e+01 1.36771e+01 4.80048e+00 9.68046e+00 0.00000e+00 0.00000e+00 
1.48230e+03 1.38872e+01 1.26276e+01 4.18656e+00 8.04425e+00 0.00000e+00 0.00000e+00 
1.49040e+03 9.85617e+00 1.31526e+01 3.75934e+00 1.09824e+01 0.00000e+00 0.00000e+00 
1.49850e+03 9.54130e+00 1.30214e+01 8.23516e+00 1.06451e+01 0.00000e+00 0.00000e+00 
1.50660e+03 7.31885e+00 1.03676e+01 1.02238e+01 9.30748e+00 0.00000e+00 0.00000e+00 
1.51470e+03 8.75620e+00 1.17006e+01 1.00338e+01 9.75791e+00 0.00000e+00 0.00000e+00 
1.52280e+03 8.86960e+00 8.96177e+00 1.20666e+01 8.53807e+00 0.00000e+00 0.00000e+00 
1.53090e+03 5.90031e+00 9.84228e+00 1.12027e+01 1.17905e+01 0.00000e+00 0.00000e+00 
1.53900e+03 7.72527e+00 1.00457e+01 1.48782e+01 1.46586e+01 0.00000e+00 0.00000e+00 
1.54710e+03 1.03208e+01 8.72302e+00 1.41388e+01 1.44769e+01 0.00000e+00 0.00000e+00 
1.55520e+03 9.38098e+00 8.40935e+00 1.41805e+01 1.11262e+01 0.00000e+00 0.00000e+00 
1.56330e+03 1.11820e+01 8.32692e+00 1.46909e+01 8.75709e+00 0.00000e+00 0.00000e+00 
1.57140e+03 9.05927e+00 6.67396e+00 1.26755e+01 8.86208e+00 0.00000e+00 0.00000e+00 
1.57950e+03 8.26832e+00 6.56805e+00 8.00003e+00 8.02258e+00 0.00000e+00 0.00000e+00 
1.58760e+03 7.73968e+00 4.70612e+00 9.83434e+00 1.05364e+01 0.00000e+00 0.00000e+00 
1.59570e+03 5.98666e+00 7.75455e+00 8.38194e+00 1.13298e+01 0.00000e+00 0.00000e+00 
1.60380e+03 8.47562e+00 7.74478e+00 8.64222e+00 9.55633e+00 0.00000e+00 0.00000e+00 
1.61190e+03 1.05394e+01 8.17553e+00 7.78585e+00 1.19634e+01 0.00000e+00 0.00000e+00 
1.62000e+03 1.07668e+01 8.34472e+00 9.30584e+00 1.03092e+01 0.00000e+00 0.00000e+00 
1.62810e+03 1.06666e+01 9.32645e+00 9.38693e+00 8.67268e+00 0.00000e+00 0.00000e+00 
1.63620e+03 9.54350e+00 9.26199e+00 8.70174e+00 7.50783e+00 0.00000e+00 0.00000e+00 
1.64430e+03 1.12611e+01 8.15606e+00 1.09105e+01 9.21965e+00 0.00000e+00 0.00000e+00 
1.65240e+03 9.99739e+00 8.12870e+00 9.74886e+00 6.77518e+00 0.00000e+00 0.00000e+00 
1.66050e+03 9.71106e+00 8.17715e+00 6.01667e+00 9.92044e+00 0.00000e+00 0.00000e+00 
1.66860e+03 8.11841e+00 8.93579e+00 5.87796e+00 1.42452e+01 0.00000e+00 0.00000e+00 
1.67670e+03 9.93646e+00 1.05993e+01 5.08799e+00 1.38321e+01 0.00000e+00 0.00000e+00 
1.68480e+03 9.38063e+00 6.54222e+00 6.65742e+00 1.12202e+01 0.00000e+00 0.00000e+00 
1.69290e+03 1.38720e+01 9.88483e+00 3.91058e+00 8.80534e+00 0.00000e+00 0.00000e+00 
1.70100e+03 1.31864e+01 7.68289e+00 6.22142e+00 9.69837e+00 0.00000e+00 0.00000e+00 
1.70910e+03 1.55556e+01 7.93459e+00 6.55179e+00 9.11965e+00 0.00000e+00 0.00000e+00 
1.71720e+03 9.67143e+00 8.45627e+00 4.37375e+00 9.29586e+00 0.00000e+00 0.00000e+00 
1.72530e+03 7.55253e+00 1.07680e+01 3.32425e+00 6.16379e+00 0.00000e+00 0.00000e+00 
1.73340e+03 9.27410e+00 6.44924e+00 2.18566e+00 7.24919e+00 0.00000e+00 0.00000e+00 
1.74150e+03 9.82945e+00 7.44363e+00 3.16216e+00 7.55015e+00 0.00000e+00 0.00000e+00 
1.74960e+03 8.11066e+00 8.91566e+00 2.93716e+00 1.05834e+01 0.00000e+00 0.00000e+00 
1.75770e+03 1.25696e+01 6.86255e+00 8.55285e-01 7.93948e+00 0.00000e+00 0.00000e+00 
1.76580e+03 1.14432e+01 9.19797e+00 3.82379e+00 1.27553e+01 0.00000e+00 0.00000e+00 
1.77390e+03 1.14457e+01 1.00342e+01 6.57460e+00 8.10291e+00 0.00000e+00 0.00000e+00 
1.78200e+03 9.29741e+00 1.20766e+01 4.61160e+00 1.00958e+01 0.00000e+00 0.00000e+00 
1.79010e+03 1.21931e+01 1.33999e+01 3.00095e+00 1.10861e+01 0.00000e+00 0.00000e+00 
1.79820e+03 9.74260e+00 9.52435e+00 5.83092e+00 6.54768e+00 0.00000e+00 0.00000e+00 
1.80630e+03 1.16354e+01 8.16496e+00 1.86225e+00 7.38042e+00 0.00000e+00 0.00000e+00 
1.81440e+03 1.31005e+01 7.37639e+00 3.00533e+00 4.05146e+00 0.00000e+00 0.00000e+00 
1.82250e+03 1.32743e+01 8.84186e+00 2.18340e+00 6.65997e+00 0.00000e+00 0.00000e+00 
1.83060e+03 1.09422e+01 7.45947e+00 2.83346e+00 1.04129e+01 0.00000e+00 0.00000e+00 
1.83870e+03 8.18502e+00 7.60826e+00 2.00066e+00 1.05906e+01 0.00000e+00 0.00000e+00 
1.84680e+03 9.27598e+00 9.62420e+00 5.49762e+00 9.91410e+00 0.00000e+00 0.00000e+00 
1.85490e+03 1.16896e+01 1.29914e+01 2.58054e+00 8.46983e+00 0.00000e+00 0.00000e+00 
1.86300e+03 1.06788e+01 1.36935e+01 5.21975e+00 5.93422e+00 0.00000e+00 0.00000e+00 
1.87110e+03 8.83880e+00 1.24832e+01 2.88076e+00 9.18215e+00 0.00000e+00 0.00000e+00 
1.87920e+03 1.06165e+01 1.11881e+01 3.46859e+00 6.20231e+00 0.00000e+00 0.00000e+00 
1.88730e+03 7.17682e+00 1.15199e+01 4.41059e+00 8.52248e+00 0.00000e+00 0.00000e+00 
1.89540e+03 6.56194e+00 1.04443e+01 1.41753e+00 4.93468e+00 0.00000e+00 0.00000e+00 
1.90350e+03 7.15357e+00 1.14915e+01 4.59444e+00 8.37396e+00 0.00000e+00 0.00000e+00 
1.91160e+03 7.69691e+00 1.32330e+01 5.73417e+00 9.61158e+00 0.00000e+00 0.00000e+00 
1.91970e+03 7.18932e+00 1.09510e+01 7.68587e+00 1.01382e+01 0.00000e+00 0.00000e+00 
1.92780e+03 5.77012e+00 8.93251e+00 8.95082e+00 1.09074e+01 0.00000e+00 0.00000e+00 
1.93590e+03 3.32547e+00 8.95296e+00 6.93971e+00 8.46166e+00 0.00000e+00 0.00000e+00 
1.94400e+03 4.23305e+00 8.55108e+00 4.03412e+00 7.15094e+00 0.00000e+00 0.00000e+00 
1.95210e+03 5.70268e+00 8.86854e+00 4.52859e+00 6.57734e+00 0.00000e+00 0.00000e+00 
1.96020e+03 2.45882e+00 8.61290e+00 1.78704e+00 8.14169e+00 0.00000e+00 0.00000e+00 
1.96830e+03 6.98007e+00 9.61548e+00 7.79748e+00 7.37841e+00 0.00000e+00 0.00000e+00 
1.97640e+03 5.85819e+00 9.55413e+00 4.41034e+00 9.49684e+00 0.00000e+00 0.00000e+00 
1.98450e+03 2.23068e+00 8.09019e+00 5.53471e+00 9.35196e+00 0.00000e+00 0.00000e+00 
1.99260e+03 5.26375e+00 8.37566e+00 6.09758e+00 7.40666e+00 0.00000e+00 0.00000e+00 
2.00070e+03 3.08980e+00 7.70996e+00 5.31315e+00 6.97042e+00 0.00000e+00 0.00000e+00 
2.00880e+03 3.70722e+00 9.26527e+00 6.58786e+00 8.35568e+00 0.00000e+00 0.00000e+00 
2.01690e+03 2.67569e+00 9.58392e+00 9.09700e+00 7.70399e+00 0.00000e+00 0.00000e+00 
2.02500e+03 5.15854e+00 1.48438e+01 1.09043e+01 1.09927e+01 0.00000e+00 0.00000e+00 
2.03310e+03 4.76899e+00 7.69034e+00 8.75311e+00 1.05500e+01 0.00000e+00 0.00000e+00 
2.04120e+03 2.87950e+00 7.55985e+00 6.62269e+00 1.10175e+01 0.00000e+00 0.00000e+00 
2.04930e+03 5.45711e+00 7.86812e+00 8.81176e+00 9.38850e+00 0.00000e+00 0.00000e+00 
2.05740e+03 7.70906e+00 8.96184e+00 8.22978e+00 9.20994e+00 0.00000e+00 0.00000e+00 
2.06550e+03 6.01695e+00 5.50703e+00 1.11542e+01 1.25675e+01 0.00000e+00 0.00000e+00 
2.07360e+03 3.95654e+00 7.37211e+00 1.13092e+01 8.95964e+00 0.00000e+00 0.00000e+00 
2.08170e+03 2.17396e+00 6.65491e+00 1.12423e+01 7.18393e+00 0.00000e+00 0.00000e+00 
2.08980e+03 3.49521e+00 2.95419e+00 1.03778e+01 7.75290e+00 0.00000e+00 0.00000e+00 
2.09790e+03 4.89999e+00 5.09851e+00 1.17532e+01 6.79002e+00 0.00000e+00 0.00000e+00 
2.10600e+03 5.31144e+00 8.24663e+00 9.88861e+00 8.02241e+00 0.00000e+00 0.00000e+00 
2.11410e+03 8.04520e+00 9.58985e+00 1.04945e+01 8.80287e+00 0.00000e+00 0.00000e+00 
2.12220e+03 6.53516e+00 6.41296e+00 1.04607e+01 8.78306e+00 0.00000e+00 0.00000e+00 
2.13030e+03 1.15023e+01 4.58887e+00 9.68042e+00 1.01374e+01 0.00000e+00 0.00000e+00 
2.13840e+03 1.10370e+01 3.41044e+00 1.10385e+01 8.75266e+00 0.00000e+00 0.00000e+00 
2.14650e+03 6.18954e+00 3.87393e+00 1.03726e+01 1.13410e+01 0.00000e+00 0.00000e+00 
2.15460e+03 5.65868e+00 7.65122e+00 1.05515e+01 1.20217e+01 0.00000e+00 0.00000e+00 
2.16270e+03 7.83779e+00 6.44406e+00 8.60293e+00 9.21035e+00 0.00000e+00 0.00000e+00 
2.17080e+03 7.75454e+00 1.05871e+01 9.02797e+00 8.34466e+00 0.00000e+00 0.00000e+00 
2.17890e+03 5.83581e+00 9.20836e+00 9.01707e+00 8.10698e+00 0.00000e+00 0.00000e+00 
2.18700e+03 9.48052e+00 8.15084e+00 1.18316e+01 7.86047e+00 0.00000e+00 0.00000e+00 
2.19510e+03 6.73440e+00 7.13161e+00 1.00259e+01 6.23124e+00 0.00000e+00 0.00000e+00 
2.20320e+03 5.75447e+00 8.18167e+00 1.00189e+01 9.08635e+00 0.00000e+00 0.00000e+00 
2.21130e+03 7.46802e+00 1.31977e+01 1.27860e+01 8.93668e+00 0.00000e+00 0.00000e+00 
2.21940e+03 3.49419e+00 1.06838e+01 9.30917e+00 1.13995e+01 0.00000e+00 0.00000e+00 
2.22750e+03 7.14830e+00 8.07882e+00 1.04915e+01 1.11908e+01 0.00000e+00 0.00000e+00 
2.23560e+03 7.54756e+00 1.03480e+01 8.99357e+00 1.07979e+01 0.00000e+00 0.00000e+00 
2.24370e+03 5.37367e+00 1.31146e+01 7.02807e+00 1.07557e+01 0.00000e+00 0.00000e+00 
2.25180e+03 7.94696e+00 1.14006e+01 7.49408e+00 6.82635e+00 0.00000e+00 0.00000e+00 
2.25990e+03 9.26785e+00 1.09605e+01 5.69442e+00 1.00569e+01 0.00000e+00 0.00000e+00 
2.26800e+03 7.52026e+00 7.28748e+00 6.32694e+00 5.75622e+00 0.00000e+00 0.00000e+00 
2.27610e+03 7.26306e+00 7.49690e+00 5.78455e+00 1.00643e+01 0.00000e+00 0.00000e+00 
2.28420e+03 7.46970e+00 6.65733e+00 2.84113e+00 9.20963e+00 0.00000e+00 0.00000e+00 
2.29230e+03 6.40587e+00 9.17132e+00 8.83593e+00 1.01106e+01 0.00000e+00 0.00000e+00 
2.30040e+03 6.69604e+00 8.10863e+00 9.32900e+00 8.57834e+00 0.00000e+00 0.00000e+00 
2.30850e+03 5.40489e+00 7.17673e+00 8.31609e+00 1.01189e+01 0.00000e+00 0.00000e+00 
2.31660e+03 4.82761e+00 1.03425e+01 7.43137e+00 8.61096e+00 0.00000e+00 0.00000e+00 
2.32470e+03 5.09094e+00 9.49223e+00 9.59916e+00 1.07279e+01 0.00000e+00 0.00000e+00 
2.33280e+03 4.17826e+00 1.02190e+01 1.21855e+01 5.07018e+00 0.00000e+00 0.00000e+00 
2.34090e+03 4.19500e+00 7.64816e+00 1.43489e+01 6.98734e+00 0.00000e+00 0.00000e+00 
2.34900e+03 5.14158e+00 1.08376e+01 1.45672e+01 7.28116e+00 0.00000e+00 0.00000e+00 
2.35710e+03 3.76635e+00 1.05709e+01 1.53207e+01 5.22400e+00 0.00000e+00 0.00000e+00 
2.36520e+03 3.84934e+00 8.37018e+00 1.49668e+01 7.14298e+00 0.00000e+00 0.00000e+00 
2.37330e+03 2.53905e+00 1.04512e+01 1.03496e+01 3.81482e+00 0.00000e+00 0.00000e+00 
2.38140e+03 5.57604e+00 9.47768e+00 1.20287e+01 3.41615e+00 0.00000e+00 0.00000e+00 
2.38950e+03 4.57072e+00 8.81619e+00 1.30178e+01 4.48857e+00 0.00000e+00 0.00000e+00 
2.39760e+03 4.14840e+00 9.39731e+00 1.20947e+01 8.40708e+00 0.00000e+00 0.00000e+00 
2.40570e+03 6.45736e+00 1.18416e+01 1.08211e+01 7.90932e+00 0.00000e+00 0.00000e+00 
2.41380e+03 2.09743e+00 8.43859e+00 8.51136e+00 5.14704e+00 0.00000e+00 0.00000e+00 
2.42190e+03 8.95400e+00 6.57305e+00 8.63162e+00 5.58712e+00 0.00000e+00 0.00000e+00 
2.43000e+03 6.92880e+00 8.53253e+00 9.25838e+00 6.89240e+00 0.00000e+00 0.00000e+00 
2.43810e+03 7.10143e+00 7.18494e+00 1.08271e+01 8.40902e+00 0.00000e+00 0.00000e+00 
2.44620e+03 9.25978e+00 9.99782e+00 9.22344e+00 4.27982e+00 0.00000e+00 0.00000e+00 
2.45430e+03 7.06475e+00 7.78586e+00 7.21710e+00 3.09536e+00 0.00000e+00 0.00000e+00 
2.46240e+03 3.13382e+00 8.98689e+00 1.25162e+01 5.83844e+00 0.00000e+00 0.00000e+00 
2.47050e+03 4.43748e+00 9.46434e+00 1.06125e+01 4.45202e+00 0.00000e+00 0.00000e+00 
2.47860e+03 6.06845e+00 7.53278e+00 1.15165e+01 3.44990e+00 0.00000e+00 0.00000e+00 
2.48670e+03 6.52824e+00 6.43464e+00 7.78527e+00 3.37178e+00 0.00000e+00 0.00000e+00 
2.49480e+03 2.89184e+00 8.92197e+00 6.37439e+00 4.84551e+00 0.00000e+00 0.00000e+00 
2.50290e+03 3.35229e+00 1.17900e+01 7.88754e+00 5.51459e+00 0.00000e+00 0.00000e+00 
2.51100e+03 4.69580e+00 8.93525e+00 8.47739e+00 3.75715e+00 0.00000e+00 0.00000e+00 
2.51910e+03 4.65200e+00 9.59335e+00 1.06567e+01 3.50414e+00 0.00000e+00 0.00000e+00 
2.52720e+03 6.22374e+00 1.21364e+01 9.99281e+00 3.09086e+00 0.00000e+00 0.00000e+00 
2.53530e+03 4.53584e+00 1.27592e+01 8.23289e+00 2.49461e+00 0.00000e+00 0.00000e+00 
2.54340e+03 9.09402e+00 1.04737e+01 6.85200e+00 3.48504e+00 0.00000e+00 0.00000e+00 
2.55150e+03 8.15095e+00 1.45770e+01 1.26180e+01 2.04956e+00 0.00000e+00 0.00000e+00 
2.55960e+03 9.07564e+00 1.56196e+01 1.03384e+01 1.97215e+00 0.00000e+00 0.00000e+00 
2.56770e+03 5.77610e+00 1.59792e+01 1.11003e+01 3.75598e+00 0.00000e+00 0.00000e+00 
2.57580e+03 6.99152e+00 1.66118e+01 1.02054e+01 4.78795e+00 0.00000e+00 0.00000e+00 
2.58390e+03 5.35254e+00 1.59213e+01 1.07187e+01 2.36353e+00 0.00000e+00 0.00000e+00 
2.59200e+03 7.89425e+00 1.41807e+01 1.09992e+01 3.51470e+00 0.00000e+00 0.00000e+00 
2.60010e+03 7.95270e+00 1.24636e+01 8.86947e+00 3.25082e+00 0.00000e+00 0.00000e+00 
2.60820e+03 6.86506e+00 6.16737e+00 1.05519e+01 4.16816e+00 0.00000e+00 0.00000e+00 
2.61630e+03 5.79959e+00 6.89070e+00 9.69926e+00 3.08814e+00 0.00000e+00 0.00000e+00 
2.62440e+03 4.87677e+00 7.44883e+00 7.57519e+00 3.58046e+00 0.00000e+00 0.00000e+00 
2.63250e+03 1.59237e+00 3.90702e+00 1.12124e+01 6.36552e+00 0.00000e+00 0.00000e+00 
2.64060e+03 4.37092e+00 9.82739e+00 9.18298e+00 5.54550e+00 0.00000e+00 0.00000e+00 
2.64870e+03 5.53529e+00 9.14954e+00 8.18215e+00 3.43167e+00 0.00000e+00 0.00000e+00 
2.65680e+03 8.39910e+00 6.50429e+00 1.12077e+01 5.88500e+00 0.00000e+00 0.00000e+00 
2.66490e+03 7.73045e+00 8.38387e+00 1.02837e+01 6.98764e+00 0.00000e+00 0.00000e+00 
2.67300e+03 6.87788e+00 5.72288e+00 1.31957e+01 6.19171e+00 0.00000e+00 0.00000e+00 
2.68110e+03 6.02432e+00 6.69075e+00 1.30204e+01 4.16854e+00 0.00000e+00 0.00000e+00 
2.68920e+03 6.17246e+00 3.75476e+00 1.00261e+01 3.20263e+00 0.00000e+00 0.00000e+00 
2.69730e+03 6.53765e+00 4.40155e+00 7.03287e+00 4.50301e+00 0.00000e+00 0.00000e+00 
2.70540e+03 5.98589e+00 7.40133e+00 9.39294e+00 2.79270e+00 0.00000e+00 0.00000e+00 
2.71350e+03 4.85647e+00 5.42817e+00 8.27186e+00 5.69857e+00 0.00000e+00 0.00000e+00 
2.72160e+03 6.09940e+00 8.36548e+00 6.72440e+00 8.05018e+00 0.00000e+00 0.00000e+00 
2.72970e+03 3.64345e+00 6.80415e+00 8.82334e+00 4.90119e+00 0.00000e+00 0.00000e+00 
2.73780e+03 2.01936e+00 6.99566e+00 7.42388e+00 5.69591e+00 0.00000e+00 0.00000e+00 
2.74590e+03 4.37415e+00 5.06791e+00 8.49434e+00 9.84621e+00 0.00000e+00 0.00000e+00 
2.75400e+03 5.80368e+00 2.73713e+00 6.88148e+00 5.49788e+00 0.00000e+00 0.00000e+00 
2.76210e+03 4.88048e+00 8.12284e+00 5.02622e+00 5.33455e+00 0.00000e+00 0.00000e+00 
2.77020e+03 2.17114e+00 6.28745e+00 7.68280e+00 8.56369e+00 0.00000e+00 0.00000e+00 
2.77830e+03 4.15650e+00 6.03116e+00 8.10975e+00 6.43199e+00 0.00000e+00 0.00000e+00 
2.78640e+03 1.12016e+00 6.03120e+00 6.41792e+00 5.85031e+00 0.00000e+00 0.00000e+00 
2.79450e+03 3.09661e+00 8.80483e+00 7.44006e+00 7.35172e+00 0.00000e+00 0.00000e+00 
2.80260e+03 3.89899e+00 7.58230e+00 8.15810e+00 9.87983e+00 0.00000e+00 0.00000e+00 
2.81070e+03 1.17177e+00 7.33218e+00 1.09719e+01 5.43768e+00 0.00000e+00 0.00000e+00 
2.81880e+03 5.64453e+00 6.70122e+00 1.05152e+01 1.14542e+01 0.00000e+00 0.00000e+00 
2.82690e+03 3.83877e+00 7.21686e+00 7.75986e+00 9.40716e+00 0.00000e+00 0.00000e+00 
2.83500e+03 5.46333e+00 6.83388e+00 8.91646e+00 8.47077e+00 0.00000e+00 0.00000e+00 
2.84310e+03 5.60013e+00 6.39492e+00 8.51552e+00 1.06267e+01 0.00000e+00 0.00000e+00 
2.85120e+03 5.24581e+00 2.89235e+00 8.70983e+00 7.39425e+00 0.00000e+00 0.00000e+00 
2.85930e+03 5.59915e+00 3.19532e+00 8.40770e+00 1.05462e+01 0.00000e+00 0.00000e+00 
2.86740e+03 2.08241e+00 7.34760e+00 1.19320e+01 8.38854e+00 0.00000e+00 0.00000e+00 
2.87550e+03 4.33636e+00 2.71834e+00 6.82582e+00 6.86050e+00 0.00000e+00 0.00000e+00 
2.88360e+03 6.52428e+00 5.32175e+00 1.17401e+01 9.54957e+00 0.00000e+00 0.00000e+00 
2.89170e+03 6.46901e+00 4.60582e+00 4.91764e+00 1.10058e+01 0.00000e+00 0.00000e+00 
2.89980e+03 4.90380e+00 3.71618e+00 6.39944e+00 1.17831e+01 0.00000e+00 0.00000e+00 
2.90790e+03 7.75598e+00 4.87098e+00 6.45805e+00 1.29088e+01 0.00000e+00 0.00000e+00 
2.91600e+03 4.64465e+00 5.16022e+00 8.21602e+00 1.20904e+01 0.00000e+00 0.00000e+00 
2.92410e+03 7.10633e+00 5.01883e+00 5.22061e+00 9.70223e+00 0.00000e+00 0.00000e+00 
2.93220e+03 7.69872e+00 4.90686e+00 8.27783e+00 8.53697e+00 0.00000e+00 0.00000e+00 
2.94030e+03 9.83456e+00 4.17239e+00 8.46872e+00 1.06010e+01 0.00000e+00 0.00000e+00 
2.94840e+03 5.31195e+00 2.56604e+00 1.09009e+01 1.19525e+01 0.00000e+00 0.00000e+00 
2.95650e+03 4.50730e+00 2.66258e+00 8.69979e+00 8.21245e+00 0.00000e+00 0.00000e+00 
2.96460e+03 7.34396e+00 9.68476e-01 7.58289e+00 8.92236e+00 0.00000e+00 0.00000e+00 
2.97270e+03 6.79496e+00 2.55447e+00 7.78432e+00 1.25654e+01 0.00000e+00 0.00000e+00 
2.98080e+03 6.19781e+00 2.84735e+00 6.65619e+00 1.06517e+01 0.00000e+00 0.00000e+00 
2.98890e+03 5.76126e+00 2.08597e+00 8.76335e+00 9.76537e+00 0.00000e+00 0.00000e+00 
2.99700e+03 6.48947e+00 3.12090e+00 6.87165e+00 1.25680e+01 0.00000e+00 0.00000e+00 
3.00510e+03 5.05139e+00 2.80806e+00 1.14523e+01 9.60498e+00 0.00000e+00 0.00000e+00 
3.01320e+03 6.84712e+00 2.80605e+00 1.28682e+01 1.26031e+01 0.00000e+00 0.00000e+00 
3.02130e+03 5.61779e+00 5.93821e+00 1.38670e+01 9.03123e+00 0.00000e+00 0.00000e+00 
3.02940e+03 7.02956e+00 8.83940e+00 1.44332e+01 1.20535e+01 0.00000e+00 0.00000e+00 
3.03750e+03 6.37129e+00 5.34111e+00 1.35073e+01 9.96407e+00 0.00000e+00 0.00000e+00 
3.04560e+03 5.55005e+00 7.35570e+00 1.71597e+01 9.13594e+00 0.00000e+00 0.00000e+00 
3.05370e+03 4.03488e+00 5.91693e+00 1.39113e+01 6.30961e+00 0.00000e+00 0.00000e+00 
3.06180e+03 3.80071e+00 4.81849e+00 1.07282e+01 7.44991e+00 0.00000e+00 0.00000e+00 
3.06990e+03 5.24256e+00 8.50018e+00 8.07815e+00 6.02522e+00 0.00000e+00 0.00000e+00 
3.07800e+03 5.98561e+00 9.85564e+00 9.53150e+00 5.79099e+00 0.00000e+00 0.00000e+00 
3.08610e+03 5.01016e+00 8.85520e+00 1.12291e+01 9.99351e+00 0.00000e+00 0.00000e+00 
3.09420e+03 6.53218e+00 1.07111e+01 8.04064e+00 9.84844e+00 0.00000e+00 0.00000e+00 
3.10230e+03 4.43979e+00 6.24233e+00 8.66174e+00 8.15795e+00 0.00000e+00 0.00000e+00 
3.11040e+03 7.56978e+00 5.91383e+00 5.84982e+00 5.47785e+00 0.00000e+00 0.00000e+00 
3.11850e+03 7.50445e+00 6.55301e+00 5.34322e+00 7.27478e+00 0.00000e+00 0.00000e+00 
3.12660e+03 4.43948e+00 7.88952e+00 6.76118e+00 2.06141e+00 0.00000e+00 0.00000e+00 
3.13470e+03 5.69987e+00 7.13288e+00 9.39983e+00 2.85748e+00 0.00000e+00 0.00000e+00 
3.14280e+03 5.66086e+00 4.96610e+00 4.67363e+00 4.82536e+00 0.00000e+00 0.00000e+00 
3.15090e+03 8.65587e+00 7.45723e+00 6.90994e+00 4.33743e+00 0.00000e+00 0.00000e+00 
3.15900e+03 4.76254e+00 5.79685e+00 5.62246e+00 4.98872e+00 0.00000e+00 0.00000e+00 
3.16710e+03 7.98175e+00 3.63053e+00 8.84172e+00 6.52643e+00 0.00000e+00 0.00000e+00 
3.17520e+03 9.35837e+00 4.50439e+00 9.02870e+00 6.86244e+00 0.00000e+00 0.00000e+00 
3.18330e+03 7.98618e+00 6.72503e+00 7.57742e+00 6.02097e+00 0.00000e+00 0.00000e+00 
3.19140e+03 5.52586e+00 4.83302e+00 9.35741e+00 7.15408e+00 0.00000e+00 0.00000e+00 
3.19950e+03 7.45232e+00 8.17294e+00 8.39250e+00 8.20485e+00 0.00000e+00 0.00000e+00 
3.20760e+03 4.94631e+00 7.79914e+00 9.56345e+00 4.47423e+00 0.00000e+00 0.00000e+00 
3.21570e+03 4.22832e+00 6.92796e+00 1.02973e+01 4.13793e+00 0.00000e+00 0.00000e+00 
3.22380e+03 1.83348e+00 6.12441e+00 9.72809e+00 6.70715e+00 0.00000e+00 0.00000e+00 
3.23190e+03 4.31852e+00 5.42709e+00 1.24574e+01 6.64903e+00 0.00000e+00 0.00000e+00 
3.24000e+03 5.65516e+00 5.09327e+00 1.22301e+01 6.33031e+00 0.00000e+00 0.00000e+00 
3.24810e+03 6.74781e+00 5.15685e+00 1.09978e+01 6.95086e+00 0.00000e+00 0.00000e+00 
3.25620e+03 3.13346e+00 8.85350e+00 1.23742e+01 6.65418e+00 0.00000e+00 0.00000e+00 
3.26430e+03 4.09431e+00 8.04766e+00 1.08776e+01 6.73992e+00 0.00000e+00 0.00000e+00 
3.27240e+03 5.36836e+00 7.64636e+00 8.21766e+00 7.43460e+00 0.00000e+00 0.00000e+00 
3.28050e+03 5.15194e+00 7.33138e+00 1.17491e+01 9.79432e+00 0.00000e+00 0.00000e+00 
3.28860e+03 8.25611e+00 7.20140e+00 1.33531e+01 6.41435e+00 0.00000e+00 0.00000e+00 
3.29670e+03 9.79579e+00 5.23815e+00 1.02778e+01 9.98953e+00 0.00000e+00 0.00000e+00 
3.30480e+03 8.55652e+00 7.29595e+00 8.68338e+00 6.09451e+00 0.00000e+00 0.00000e+00 
3.31290e+03 6.66240e+00 4.11390e+00 7.66821e+00 2.28085e+00 0.00000e+00 0.00000e+00 
3.32100e+03 7.06893e+00 5.80267e+00 8.13200e+00 8.09105e+00 0.00000e+00 0.00000e+00 
3.32910e+03 9.22144e+00 3.03803e+00 8.22409e+00 6.03227e+00 0.00000e+00 0.00000e+00 
3.33720e+03 6.92951e+00 6.22076e+00 1.09680e+01 7.54665e+00 0.00000e+00 0.00000e+00 
3.34530e+03 7.64818e+00 4.93436e+00 9.83934e+00 6.00255e+00 0.00000e+00 0.00000e+00 
3.35340e+03 5.69764e+00 4.15365e+00 1.07446e+01 7.04687e+00 0.00000e+00 0.00000e+00 
3.36150e+03 5.53207e+00 6.25887e+00 1.15005e+01 2.22182e+00 0.00000e+00 0.00000e+00 
3.36960e+03 4.17748e+00 3.86918e+00 1.30288e+01 3.53150e+00 0.00000e+00 0.00000e+00 
3.37770e+03 6.33338e+00 5.16246e+00 8.19669e+00 3.13727e+00 0.00000e+00 0.00000e+00 
3.38580e+03 8.04459e+00 5.32592e+00 6.22259e+00 3.00800e+00 0.00000e+00 0.00000e+00 
3.39390e+03 7.20058e+00 9.52874e+00 6.74429e+00 6.17435e+00 0.00000e+00 0.00000e+00 
3.40200e+03 3.22163e+00 1.20902e+00 5.33478e+00 5.55300e+00 0.00000e+00 0.00000e+00 
3.41010e+03 4.55644e+00 2.29061e+00 2.87242e+00 6.71696e+00 0.00000e+00 0.00000e+00 
3.41820e+03 8.13349e+00 2.06660e+00 4.60932e+00 5.65773e+00 0.00000e+00 0.00000e+00 
3.42630e+03 7.03355e+00 2.17311e+00 5.36542e+00 6.63585e+00 0.00000e+00 0.00000e+00 
3.43440e+03 1.08139e+01 4.70372e+00 6.17352e+00 8.87360e+00 0.00000e+00 0.00000e+00 
3.44250e+03 7.96700e+00 4.45938e+00 5.54527e+00 8.80250e+00 0.00000e+00 0.00000e+00 
3.45060e+03 5.61709e+00 4.65374e+00 5.53676e+00 8.82413e+00 0.00000e+00 0.00000e+00 
3.45870e+03 3.78576e+00 7.34641e+00 5.11323e+00 7.58294e+00 0.00000e+00 0.00000e+00 
3.46680e+03 4.68668e+00 5.67659e+00 4.58294e+00 7.40932e+00 0.00000e+00 0.00000e+00 
3.47490e+03 1.46687e+00 5.97271e+00 3.51868e+00 6.37899e+00 0.00000e+00 0.00000e+00 
3.48300e+03 4.13218e+00 6.60979e+00 3.18307e+00 4.32389e+00 0.00000e+00 0.00000e+00 
3.49110e+03 3.29287e+00 8.05482e+00 6.69236e+00 5.68237e+00 0.00000e+00 0.00000e+00 
3.49920e+03 5.43237e+00 6.07077e+00 2.01358e+00 8.71178e+00 0.00000e+00 0.00000e+00 
3.50730e+03 3.05921e+00 7.91556e+00 2.16535e+00 8.49574e+00 0.00000e+00 0.00000e+00 
3.51540e+03 1.71897e+00 8.32353e+00 3.60712e+00 8.34132e+00 0.00000e+00 0.00000e+00 
3.52350e+03 6.35871e+00 1.10916e+01 2.00232e+00 9.79369e+00 0.00000e+00 0.00000e+00 
3.53160e+03 6.29425e+00 8.59952e+00 9.08520e-01 1.07337e+01 0.00000e+00 0.00000e+00 
3.53970e+03 7.09072e+00 9.10126e+00 3.46356e+00 8.32916e+00 0.00000e+00 0.00000e+00 
3.54780e+03 4.67064e+00 8.15557e+00 4.58345e+00 1.01507e+01 0.00000e+00 0.00000e+00 
3.55590e+03 2.71711e+00 1.30295e+01 4.01321e+00 8.63175e+00 0.00000e+00 0.00000e+00 
3.56400e+03 3.85197e+00 1.30220e+01 5.39201e+00 9.84649e+00 0.00000e+00 0.00000e+00 
3.57210e+03 6.36502e+00 8.66151e+00 6.75598e+00 1.01320e+01 0.00000e+00 0.00000e+00 
3.58020e+03 7.61677e+00 7.45399e+00 7.59838e+00 7.39815e+00 0.00000e+00 0.00000e+00 
3.58830e+03 6.37995e+00 1.06698e+01 3.20476e+00 7.79044e+00 0.00000e+00 0.00000e+00 
3.59640e+03 4.84563e+00 1.18414e+01 3.28480e+00 1.02265e+01 0.00000e+00 0.00000e+00 
3.60450e+03 5.91269e+00 1.36967e+01 2.75037e+00 9.02505e+00 0.00000e+00 0.00000e+00 
3.61260e+03 4.87980e+00 1.26079e+01 1.79049e+00 9.24111e+00 0.00000e+00 0.00000e+00 
3.62070e+03 4.36660e+00 8.00795e+00 3.77328e+00 6.79350e+00 0.00000e+00 0.00000e+00 
3.62880e+03 5.11492e+00 7.46416e+00 3.38208e+00 6.31193e+00 0.00000e+00 0.00000e+00 
3.63690e+03 5.24398e+00 5.84321e+00 2.55730e+00 4.80967e+00 0.00000e+00 0.00000e+00 
3.64500e+03 2.67108e+00 1.14381e+01 4.11488e+00 2.82752e+00 0.00000e+00 0.00000e+00 
3.65310e+03 2.75331e+00 7.98849e+00 3.27998e+00 7.45227e+00 0.00000e+00 0.00000e+00 
3.66120e+03 4.43584e+00 4.30414e+00 1.86771e+00 8.24723e+00 0.00000e+00 0.00000e+00 
3.66930e+03 5.36508e+00 9.48426e+00 2.06572e+00 5.83785e+00 0.00000e+00 0.00000e+00 
3.67740e+03 6.23282e+00 1.00019e+01 6.94229e+00 7.76798e+00 0.00000e+00 0.00000e+00 
3.68550e+03 4.93878e+00 9.38446e+00 8.06581e+00 9.14331e+00 0.00000e+00 0.00000e+00 
3.69360e+03 6.69986e+00 1.13840e+01 1.00344e+01 4.62194e+00 0.00000e+00 0.00000e+00 
3.70170e+03 6.59565e+00 1.24002e+01 7.62392e+00 6.34526e+00 0.00000e+00 0.00000e+00 
3.70980e+03 7.32821e+00 8.93554e+00 6.49948e+00 6.13541e+00 0.00000e+00 0.00000e+00 
3.71790e+03 8.11664e+00 1.01031e+01 4.41977e+00 7.08239e+00 0.00000e+00 0.00000e+00 
3.72600e+03 5.93243e+00 1.03040e+01 6.99503e+00 8.74670e+00 0.00000e+00 0.00000e+00 
3.73410e+03 6.66203e+00 1.00590e+01 7.74751e+00 9.09288e+00 0.00000e+00 0.00000e+00 
3.74220e+03 5.41752e+00 1.03964e+01 8.04045e+00 6.14195e+00 0.00000e+00 0.00000e+00 
3.75030e+03 5.48582e+00 1.29970e+01 7.06718e+00 4.72247e+00 0.00000e+00 0.00000e+00 
3.75840e+03 7.74698e+00 9.56096e+00 3.72993e+00 4.35776e+00 0.00000e+00 0.00000e+00 
3.76650e+03 6.53872e+00 1.46528e+01 6.43067e+00 3.62492e+00 0.00000e+00 0.00000e+00 
3.77460e+03 8.32443e+00 1.58647e+01 8.97529e+00 2.19178e+00 0.00000e+00 0.00000e+00 
3.78270e+03 7.57786e+00 1.42099e+01 5.13647e+00 2.81719e+00 0.00000e+00 0.00000e+00 
3.79080e+03 9.24243e+00 1.62940e+01 5.39164e+00 8.11039e-01 0.00000e+00 0.00000e+00 
3.79890e+03 8.56947e+00 1.49502e+01 6.16050e+00 5.56057e+00 0.00000e+00 0.00000e+00 
3.80700e+03 7.45559e+00 1.25450e+01 7.91921e+00 7.01005e+00 0.00000e+00 0.00000e+00 
3.81510e+03 6.88853e+00 1.26115e+01 6.39738e+00 7.94219e+00 0.00000e+00 0.00000e+00 
3.82320e+03 8.39403e+00 1.13646e+01 5.39631e+00 1.15611e+01 0.00000e+00 0.00000e+00 
3.83130e+03 8.80146e+00 1.17351e+01 4.69084e+00 8.15937e+00 0.00000e+00 0.00000e+00 
3.83940e+03 8.56974e+00 1.42047e+01 2.96893e+00 1.11608e+01 0.00000e+00 0.00000e+00 
3.84750e+03 7.33501e+00 9.97010e+00 2.64371e+00 1.08503e+01 0.00000e+00 0.00000e+00 
3.85560e+03 9.72883e+00 1.31445e+01 3.88045e+00 8.60089e+00 0.00000e+00 0.00000e+00 
3.86370e+03 1.17473e+01 1.57305e+01 4.22364e+00 1.22083e+01 0.00000e+00 0.00000e+00 
3.87180e+03 7.63971e+00 1.30592e+01 2.72008e+00 1.05426e+01 0.00000e+00 0.00000e+00 
3.87990e+03 1.14607e+01 1.38371e+01 3.08521e+00 1.05494e+01 0.00000e+00 0.00000e+00 
3.88800e+03 8.72166e+00 1.14925e+01 4.91332e+00 1.35215e+01 0.00000e+00 0.00000e+00 
3.89610e+03 7.15855e+00 1.34004e+01 7.16143e+00 1.49967e+01 0.00000e+00 0.00000e+00 
3.90420e+03 6.97143e+00 1.11413e+01 5.81955e+00 1.34184e+01 0.00000e+00 0.00000e+00 
3.91230e+03 9.24681e+00 1.23394e+01 3.56925e+00 1.51493e+01 0.00000e+00 0.00000e+00 
3.92040e+03 8.99523e+00 1.47577e+01 4.29592e+00 1.50070e+01 0.00000e+00 0.00000e+00 
3.92850e+03 1.13559e+01 1.40655e+01 2.13932e+00 1.48911e+01 0.00000e+00 0.00000e+00 
3.93660e+03 9.16510e+00 1.71754e+01 3.14931e+00 1.41397e+01 0.00000e+00 0.00000e+00 
3.94470e+03 1.41985e+01 2.10325e+01 2.94371e+00 1.16464e+01 0.00000e+00 0.00000e+00 
3.95280e+03 1.31972e+01 2.01891e+01 3.80974e+00 1.39720e+01 0.00000e+00 0.00000e+00 
3.96090e+03 1.11728e+01 1.82476e+01 3.42781e+00 1.35750e+01 0.00000e+00 0.00000e+00 
3.96900e+03 1.48302e+01 1.74803e+01 2.90734e+00 1.48193e+01 0.00000e+00 0.00000e+00 
3.97710e+03 1.41379e+01 1.59077e+01 1.92439e+00 1.27783e+01 0.00000e+00 0.00000e+00 
3.98520e+03 1.15291e+01 1.40265e+01 2.29546e+00 1.62922e+01 0.00000e+00 0.00000e+00 
3.99330e+03 5.53019e+00 1.74464e+01 3.43506e+00 1.60944e+01 0.00000e+00 0.00000e+00 
4.00140e+03 1.20023e+01 1.70663e+01 3.86786e+00 1.61883e+01 0.00000e+00 0.00000e+00 
4.00950e+03 9.86883e+00 1.40288e+01 7.67314e+00 2.27155e+01 0.00000e+00 0.00000e+00 
4.01760e+03 9.38009e+00 1.38047e+01 2.25748e+00 1.86491e+01 0.00000e+00 0.00000e+00 
4.02570e+03 9.19186e+00 1.54920e+01 4.55081e+00 1.74410e+01 0.00000e+00 0.00000e+00 
4.03380e+03 7.53821e+00 1.47188e+01 4.21908e+00 1.78422e+01 0.00000e+00 0.00000e+00 
4.04190e+03 9.91973e+00 1.49790e+01 7.76010e+00 1.39666e+01 0.00000e+00 0.00000e+00 
4.05000e+03 7.43941e+00 1.77398e+01 9.27779e+00 1.36401e+01 0.00000e+00 0.00000e+00 
4.05810e+03 9.17446e+00 1.43700e+01 7.44227e+00 1.53081e+01 0.00000e+00 0.00000e+00 
4.06620e+03 1.12513e+01 1.31037e+01 3.96542e+00 1.47410e+01 0.00000e+00 0.00000e+00 
4.07430e+03 1.03686e+01 1.64420e+01 6.47584e+00 1.45666e+01 0.00000e+00 0.00000e+00 
4.08240e+03 9.83801e+00 1.69499e+01 3.95368e+00 1.43768e+01 0.00000e+00 0.00000e+00 
4.09050e+03 9.49058e+00 1.72789e+01 5.32284e+00 1.61428e+01 0.00000e+00 0.00000e+00 
4.09860e+03 1.23361e+01 1.49955e+01 4.14611e+00 1.34781e+01 0.00000e+00 0.00000e+00 
4.10670e+03 1.03437e+01 1.63588e+01 2.54634e+00 1.39252e+01 0.00000e+00 0.00000e+00 
4.11480e+03 1.19520e+01 1.68296e+01 6.10668e+00 1.35984e+01 0.00000e+00 0.00000e+00 
4.12290e+03 1.01889e+01 1.80929e+01 7.20670e+00 1.34826e+01 0.00000e+00 0.00000e+00 
4.13100e+03 1.05828e+01 1.53261e+01 5.38494e+00 1.51680e+01 0.00000e+00 0.00000e+00 
4.13910e+03 9.24210e+00 1.35942e+01 3.46348e+00 1.92239e+01 0.00000e+00 0.00000e+00 
4.14720e+03 1.08905e+01 1.28300e+01 6.67821e+00 2.03210e+01 0.00000e+00 0.00000e+00 
4.15530e+03 8.77588e+00 1.17558e+01 7.96124e+00 1.89800e+01 0.00000e+00 0.00000e+00 
4.16340e+03 5.38755e+00 9.61055e+00 7.21965e+00 1.72775e+01 0.00000e+00 0.00000e+00 
4.17150e+03 4.79398e+00 1.03638e+01 1.04388e+01 1.83426e+01 0.00000e+00 0.00000e+00 
4.17960e+03 5.38400e+00 7.78827e+00 1.13100e+01 1.57530e+01 0.00000e+00 0.00000e+00 
4.18770e+03 4.92895e+00 1.20819e+01 1.26406e+01 1.79886e+01 0.00000e+00 0.00000e+00 
4.19580e+03 6.04628e+00 1.61276e+01 1.24094e+01 1.71807e+01 0.00000e+00 0.00000e+00 
4.20390e+03 5.65449e+00 1.26016e+01 9.97491e+00 1.95192e+01 0.00000e+00 0.00000e+00 
4.21200e+03 3.41465e+00 1.36618e+01 1.20024e+01 1.67620e+01 0.00000e+00 0.00000e+00 
4.22010e+03 3.04948e+00 1.47519e+01 1.29791e+01 1.72549e+01 0.00000e+00 0.00000e+00 
4.22820e+03 5.26169e+00 1.11688e+01 1.20478e+01 1.34619e+01 0.00000e+00 0.00000e+00 
4.23630e+03 4.19964e+00 1.13425e+01 1.41689e+01 1.60178e+01 0.00000e+00 0.00000e+00 
4.24440e+03 6.44645e+00 1.27032e+01 1.25057e+01 1.77119e+01 0.00000e+00 0.00000e+00 
4.25250e+03 4.88622e+00 9.04574e+00 1.19926e+01 1.33728e+01 0.00000e+00 0.00000e+00 
4.26060e+03 4.42414e+00 7.98721e+00 1.00583e+01 1.81143e+01 0.00000e+00 0.00000e+00 
4.26870e+03 5.41127e+00 1.08667e+01 9.76780e+00 1.51732e+01 0.00000e+00 0.00000e+00 
4.27680e+03 7.86906e+00 7.19426e+00 7.16813e+00 1.47845e+01 0.00000e+00 0.00000e+00 
4.28490e+03 6.59903e+00 8.99889e+00 9.93286e+00 1.37793e+01 0.00000e+00 0.00000e+00 
4.29300e+03 3.73699e+00 1.34765e+01 1.21625e+01 1.33219e+01 0.00000e+00 0.00000e+00 
4.30110e+03 4.24197e+00 1.16507e+01 9.04517e+00 1.46326e+01 0.00000e+00 0.00000e+00 
4.30920e+03 3.97967e+00 1.28368e+01 1.15915e+01 1.39249e+01 0.00000e+00 0.00000e+00 
4.31730e+03 6.88121e+00 8.21098e+00 9.89411e+00 1.51378e+01 0.00000e+00 0.00000e+00 
4.32540e+03 6.88929e+00 1.10486e+01 1.05017e+01 1.37287e+01 0.00000e+00 0.00000e+00 
4.33350e+03 5.28259e+00 1.32460e+01 6.51248e+00 1.74203e+01 0.00000e+00 0.00000e+00 
4.34160e+03 4.71601e+00 1.19830e+01 9.39082e+00 1.66546e+01 0.00000e+00 0.00000e+00 
4.34970e+03 4.29263e+00 1.00798e+01 9.97169e+00 1.78487e+01 0.00000e+00 0.00000e+00 
4.35780e+03 2.54858e+00 1.07075e+01 1.00103e+01 1.33733e+01 0.00000e+00 0.00000e+00 
4.36590e+03 3.82826e+00 7.05654e+00 8.27163e+00 1.48526e+01 0.00000e+00 0.00000e+00 
4.37400e+03 5.99467e+00 6.15580e+00 6.25316e+00 1.36577e+01 0.00000e+00 0.00000e+00 
4.38210e+03 5.31935e+00 7.84995e+00 9.18224e+00 1.40746e+01 0.00000e+00 0.00000e+00 
4.39020e+03 7.06329e+00 6.37329e+00 9.51211e+00 1.43961e+01 0.00000e+00 0.00000e+00 
4.39830e+03 8.30378e+00 6.90644e+00 3.91375e+00 1.40455e+01 0.00000e+00 0.00000e+00 
4.40640e+03 5.89720e+00 7.19559e+00 5.48870e+00 1.44511e+01 0.00000e+00 0.00000e+00 
4.41450e+03 5.70552e+00 5.92214e+00 5.91382e+00 1.59637e+01 0.00000e+00 0.00000e+00 
4.42260e+03 8.09171e+00 7.56112e+00 6.37481e+00 1.50419e+01 0.00000e+00 0.00000e+00 
4.43070e+03 9.56865e+00 9.91357e+00 4.10989e+00 1.67964e+01 0.00000e+00 0.00000e+00 
4.43880e+03 6.01900e+00 7.98893e+00 6.59340e+00 1.30485e+01 0.00000e+00 0.00000e+00 
4.44690e+03 4.71205e+00 1.01171e+01 4.33649e+00 1.30267e+01 0.00000e+00 0.00000e+00 
4.45500e+03 8.55052e+00 9.13286e+00 6.47487e+00 8.79172e+00 0.00000e+00 0.00000e+00 
4.46310e+03 6.65542e+00 1.09847e+01 3.53975e+00 1.24247e+01 0.00000e+00 0.00000e+00 
4.47120e+03 3.73339e+00 8.96857e+00 1.99378e+00 1.32705e+01 0.00000e+00 0.00000e+00 
4.47930e+03 6.21335e+00 1.10503e+01 3.80797e+00 1.37795e+01 0.00000e+00 0.00000e+00 
4.48740e+03 3.56148e+00 1.13533e+01 3.46019e+00 1.14204e+01 0.00000e+00 0.00000e+00 
4.49550e+03 1.14708e+00 1.13919e+01 2.95528e+00 1.01965e+01 0.00000e+00 0.00000e+00 
4.50360e+03 5.50042e+00 1.22144e+01 2.14138e+00 1.23561e+01 0.00000e+00 0.00000e+00 
4.51170e+03 2.30449e+00 1.18897e+01 3.99134e+00 1.02307e+01 0.00000e+00 0.00000e+00 
4.51980e+03 2.77652e+00 1.27986e+01 3.16288e+00 1.17855e+01 0.00000e+00 0.00000e+00 
4.52790e+03 5.88765e+00 1.09178e+01 6.73647e+00 1.13808e+01 0.00000e+00 0.00000e+00 
4.53600e+03 4.27554e+00 1.05343e+01 7.89349e+00 8.11595e+00 0.00000e+00 0.00000e+00 
4.54410e+03 6.91387e+00 1.00982e+01 5.13558e+00 1.13392e+01 0.00000e+00 0.00000e+00 
4.55220e+03 2.47495e+00 1.04044e+01 4.71681e+00 1.06546e+01 0.00000e+00 0.00000e+00 
4.56030e+03 6.01605e+00 9.78488e+00 4.94685e+00 1.01111e+01 0.00000e+00 0.00000e+00 
4.56840e+03 4.82939e+00 1.04224e+01 8.28235e+00 1.13110e+01 0.00000e+00 0.00000e+00 
4.57650e+03 6.67611e+00 7.38929e+00 5.46910e+00 1.55920e+01 0.00000e+00 0.00000e+00 
4.58460e+03 6.24028e+00 1.19780e+01 5.90266e+00 1.33753e+01 0.00000e+00 0.00000e+00 
4.59270e+03 3.67698e+00 1.31698e+01 5.18001e+00 1.17843e+01 0.00000e+00 0.00000e+00 
4.60080e+03 3.77773e+00 1.16489e+01 3.65189e+00 9.05608e+00 0.00000e+00 0.00000e+00 
4.60890e+03 5.97787e+00 1.36302e+01 4.72633e+00 1.30423e+01 0.00000e+00 0.00000e+00 
4.61700e+03 1.87866e+00 1.23195e+01 5.75694e+00 1.19908e+01 0.00000e+00 0.00000e+00 
4.62510e+03 3.11513e+00 1.25201e+01 4.12800e+00 1.42762e+01 0.00000e+00 0.00000e+00 
4.63320e+03 2.90567e+00 1.63500e+01 4.96436e+00 1.18473e+01 0.00000e+00 0.00000e+00 
4.64130e+03 7.40680e+00 1.01935e+01 4.57341e+00 9.60285e+00 0.00000e+00 0.00000e+00 
4.64940e+03 7.31364e+00 6.78121e+00 5.20694e+00 1.01406e+01 0.00000e+00 0.00000e+00 
4.65750e+03 1.20382e+01 1.17159e+01 3.84667e+00 1.20152e+01 0.00000e+00 0.00000e+00 
4.66560e+03 1.00263e+01 8.98288e+00 3.83951e+00 9.67929e+00 0.00000e+00 0.00000e+00 
4.67370e+03 8.91858e+00 8.72311e+00 6.95014e+00 1.15354e+01 0.00000e+00 0.00000e+00 
4.68180e+03 8.51344e+00 1.26770e+01 7.10662e+00 1.57270e+01 0.00000e+00 0.00000e+00 
4.68990e+03 1.12016e+01 1.06279e+01 6.80845e+00 1.53102e+01 0.00000e+00 0.00000e+00 
4.69800e+03 7.02283e+00 9.37921e+00 3.02108e+00 1.47165e+01 0.00000e+00 0.00000e+00 
4.70610e+03 5.60083e+00 1.26524e+01 5.50902e+00 1.13742e+01 0.00000e+00 0.00000e+00 
4.71420e+03 4.01179e+00 1.40849e+01 2.64529e+00 1.41550e+01 0.00000e+00 0.00000e+00 
4.72230e+03 8.11137e+00 1.46240e+01 6.09698e+00 1.53799e+01 0.00000e+00 0.00000e+00 
4.73040e+03 6.86558e+00 1.28672e+01 6.87601e+00 1.42128e+01 0.00000e+00 0.00000e+00 
4.73850e+03 8.59891e+00 1.18159e+01 6.11198e+00 1.60717e+01 0.00000e+00 0.00000e+00 
4.74660e+03 6.64675e+00 1.14200e+01 4.56754e+00 1.40899e+01 0.00000e+00 0.00000e+00 
4.75470e+03 4.46299e+00 1.07059e+01 4.24751e+00 1.26599e+01 0.00000e+00 0.00000e+00 
4.76280e+03 5.17110e+00 1.08586e+01 2.32982e+00 1.19440e+01 0.00000e+00 0.00000e+00 
4.77090e+03 6.05676e+00 1.23744e+01 6.25005e+00 1.23696e+01 0.00000e+00 0.00000e+00 
4.77900e+03 7.72833e+00 9.74815e+00 3.18613e+00 1.00734e+01 0.00000e+00 0.00000e+00 
4.78710e+03 4.22769e+00 8.03950e+00 6.22458e+00 9.39048e+00 0.00000e+00 0.00000e+00 
4.79520e+03 4.86481e+00 9.91159e+00 5.44103e+00 1.12457e+01 0.00000e+00 0.00000e+00 
4.80330e+03 6.05733e+00 9.54761e+00 6.55148e+00 1.24843e+01 0.00000e+00 0.00000e+00 
4.81140e+03 5.50512e+00 1.08718e+01 4.91361e+00 1.12156e+01 0.00000e+00 0.00000e+00 
4.81950e+03 6.74581e+00 1.00644e+01 7.07477e+00 9.80590e+00 0.00000e+00 0.00000e+00 
4.82760e+03 6.91455e+00 9.80101e+00 4.90688e+00 9.77552e+00 0.00000e+00 0.00000e+00 
4.83570e+03 8.19713e+00 1.02231e+01 2.36682e+00 7.78929e+00 0.00000e+00 0.00000e+00 
4.84380e+03 9.86691e+00 9.45202e+00 3.23079e+00 9.46917e+00 0.00000e+00 0.00000e+00 
4.85190e+03 7.40315e+00 9.48125e+00 4.35682e+00 9.47031e+00 0.00000e+00 0.00000e+00 
4.86000e+03 1.25418e+01 7.09594e+00 7.01142e-01 8.24917e+00 0.00000e+00 0.00000e+00 
4.86810e+03 9.92391e+00 1.06929e+01 2.39448e+00 4.12085e+00 0.00000e+00 0.00000e+00 
4.87620e+03 1.11768e+01 9.94439e+00 2.12519e+00 4.26043e+00 0.00000e+00 0.00000e+00 
4.88430e+03 8.66720e+00 1.05417e+01 2.52075e+00 4.91456e+00 0.00000e+00 0.00000e+00 
4.89240e+03 8.79356e+00 1.20316e+01 3.79102e+00 7.19178e+00 0.00000e+00 0.00000e+00 
4.90050e+03 7.72495e+00 1.22269e+01 2.84654e+00 5.63432e+00 0.00000e+00 0.00000e+00 
4.90860e+03 8.35787e+00 1.08168e+01 5.99281e+00 7.13606e+00 0.00000e+00 0.00000e+00 
4.91670e+03 8.03429e+00 1.19539e+01 4.03904e+00 8.70831e+00 0.00000e+00 0.00000e+00 
4.92480e+03 9.17319e+00 9.62473e+00 5.66508e+00 1.08027e+01 0.00000e+00 0.00000e+00 
4.93290e+03 6.63588e+00 9.58054e+00 5.11905e+00 9.06292e+00 0.00000e+00 0.00000e+00 
4.94100e+03 7.37542e+00 1.09673e+01 6.68765e+00 8.42281e+00 0.00000e+00 0.00000e+00 
4.94910e+03 5.23679e+00 1.27445e+01 4.09189e+00 7.93492e+00 0.00000e+00 0.00000e+00 
4.95720e+03 5.71347e+00 1.24860e+01 5.59805e+00 6.48451e+00 0.00000e+00 0.00000e+00 
4.96530e+03 9.19081e+00 1.00379e+01 4.38698e+00 8.57476e+00 0.00000e+00 0.00000e+00 
4.97340e+03 6.63163e+00 7.67693e+00 5.78885e+00 1.16504e+01 0.00000e+00 0.00000e+00 
4.98150e+03 6.19095e+00 6.59352e+00 6.43141e+00 1.13283e+01 0.00000e+00 0.00000e+00 
4.98960e+03 4.01134e+00 5.24144e+00 8.18018e+00 1.25423e+01 0.00000e+00 0.00000e+00 
4.99770e+03 4.84670e+00 6.79636e+00 8.59550e+00 1.07239e+01 0.00000e+00 0.00000e+00 
5.00580e+03 6.33239e+00 8.23518e+00 7.79694e+00 9.45039e+00 0.00000e+00 0.00000e+00 
5.01390e+03 9.50224e+00 7.55201e+00 1.04273e+01 1.23877e+01 0.00000e+00 0.00000e+00 
5.02200e+03 9.52118e+00 7.14041e+00 1.07367e+01 1.21753e+01 0.00000e+00 0.00000e+00 
5.03010e+03 1.03271e+01 7.64324e+00 1.16152e+01 1.09642e+01 0.00000e+00 0.00000e+00 
5.03820e+03 9.28631e+00 9.92964e+00 9.72431e+00 1.24466e+01 0.00000e+00 0.00000e+00 
5.04630e+03 1.24186e+01 8.45980e+00 1.30021e+01 1.36760e+01 0.00000e+00 0.00000e+00 
5.05440e+03 1.23999e+01 6.05789e+00 1.29718e+01 1.10021e+01 0.00000e+00 0.00000e+00 
5.06250e+03 1.34158e+01 7.26699e+00 1.21355e+01 8.93989e+00 0.00000e+00 0.00000e+00 
5.07060e+03 1.45662e+01 9.13234e+00 9.64658e+00 9.04124e+00 0.00000e+00 0.00000e+00 
5.07870e+03 1.12347e+01 8.21832e+00 1.10790e+01 8.25512e+00 0.00000e+00 0.00000e+00 
5.08680e+03 1.33570e+01 6.48470e+00 1.02065e+01 4.73804e+00 0.00000e+00 0.00000e+00 
5.09490e+03 1.38909e+01 8.40335e+00 6.47520e+00 7.81276e+00 0.00000e+00 0.00000e+00 
5.10300e+03 1.33863e+01 4.65496e+00 9.04039e+00 9.71588e+00 0.00000e+00 0.00000e+00 
5.11110e+03 1.21332e+01 8.58872e+00 8.51736e+00 7.60245e+00 0.00000e+00 0.00000e+00 
5.11920e+03 1.64529e+01 6.83607e+00 4.63471e+00 1.07358e+01 0.00000e+00 0.00000e+00 
5.12730e+03 1.36144e+01 9.41511e+00 6.36967e+00 9.92300e+00 0.00000e+00 0.00000e+00 
5.13540e+03 1.30216e+01 7.46052e+00 7.49524e+00 8.41292e+00 0.00000e+00 0.00000e+00 
5.14350e+03 1.27420e+01 7.40865e+00 1.11861e+01 1.09922e+01 0.00000e+00 0.00000e+00 
5.15160e+03 1.44494e+01 5.68323e+00 1.26996e+01 1.09898e+01 0.00000e+00 0.00000e+00 
5.15970e+03 1.34202e+01 5.66367e+00 9.54426e+00 1.00460e+01 0.00000e+00 0.00000e+00 
5.16780e+03 1.49901e+01 6.63017e+00 7.93402e+00 7.41491e+00 0.00000e+00 0.00000e+00 
5.17590e+03 1.23940e+01 6.10457e+00 1.05013e+01 7.62732e+00 0.00000e+00 0.00000e+00 
5.18400e+03 1.45845e+01 9.31605e+00 9.77491e+00 1.06407e+01 0.00000e+00 0.00000e+00 
5.19210e+03 1.03524e+01 6.41812e+00 1.10381e+01 8.88069e+00 0.00000e+00 0.00000e+00 
5.20020e+03 1.28038e+01 8.82006e+00 8.55645e+00 1.05086e+01 0.00000e+00 0.00000e+00 
5.20830e+03 1.49791e+01 8.45200e+00 8.63103e+00 9.32004e+00 0.00000e+00 0.00000e+00 
5.21640e+03 1.40344e+01 7.21523e+00 8.81229e+00 1.00668e+01 0.00000e+00 0.00000e+00 
5.22450e+03 1.23059e+01 9.40341e+00 5.78741e+00 1.09313e+01 0.00000e+00 0.00000e+00 
5.23260e+03 1.12063e+01 7.62833e+00 7.40475e+00 9.79092e+00 0.00000e+00 0.00000e+00 
5.24070e+03 1.43607e+01 9.36992e+00 9.42671e+00 1.07237e+01 0.00000e+00 0.00000e+00 
5.24880e+03 1.33740e+01 1.16747e+01 1.17635e+01 1.03685e+01 0.00000e+00 0.00000e+00 
5.25690e+03 1.57255e+01 7.76909e+00 9.72374e+00 1.12733e+01 0.00000e+00 0.00000e+00 
5.26500e+03 1.37116e+01 1.10763e+01 1.18645e+01 1.12394e+01 0.00000e+00 0.00000e+00 
5.27310e+03 1.68925e+01 8.82150e+00 1.19866e+01 1.37958e+01 0.00000e+00 0.00000e+00 
5.28120e+03 1.48720e+01 9.05488e+00 1.02903e+01 1.40378e+01 0.00000e+00 0.00000e+00 
5.28930e+03 1.32054e+01 6.41944e+00 9.16619e+00 1.17775e+01 0.00000e+00 0.00000e+00 
5.29740e+03 1.47597e+01 3.06770e+00 7.50657e+00 1.25464e+01 0.00000e+00 0.00000e+00 
5.30550e+03 1.41512e+01 2.87878e+00 9.07535e+00 1.55205e+01 0.00000e+00 0.00000e+00 
5.31360e+03 1.62148e+01 1.39699e+00 1.17299e+01 1.71700e+01 0.00000e+00 0.00000e+00 
5.32170e+03 1.32832e+01 6.29734e+00 1.13678e+01 1.75687e+01 0.00000e+00 0.00000e+00 
5.32980e+03 1.66453e+01 3.00778e+00 6.46537e+00 1.38399e+01 0.00000e+00 0.00000e+00 
5.33790e+03 1.70614e+01 6.80712e+00 7.57209e+00 1.47662e+01 0.00000e+00 0.00000e+00 
5.34600e+03 8.97285e+00 6.25032e+00 7.93009e+00 1.50642e+01 0.00000e+00 0.00000e+00 
5.35410e+03 1.68554e+01 7.52604e+00 9.63345e+00 1.69411e+01 0.00000e+00 0.00000e+00 
5.36220e+03 1.44149e+01 4.63177e+00 9.46806e+00 1.31948e+01 0.00000e+00 0.00000e+00 
5.37030e+03 1.77799e+01 4.13094e+00 9.37635e+00 1.12208e+01 0.00000e+00 0.00000e+00 
5.37840e+03 1.48717e+01 5.14421e+00 9.91407e+00 1.08266e+01 0.00000e+00 0.00000e+00 
5.38650e+03 1.50940e+01 4.18134e+00 7.74750e+00 1.11888e+01 0.00000e+00 0.00000e+00 
5.39460e+03 1.44666e+01 4.14840e+00 7.73487e+00 1.17855e+01 0.00000e+00 0.00000e+00 
5.40270e+03 1.37172e+01 4.65968e+00 8.97655e+00 1.15020e+01 0.00000e+00 0.00000e+00 
5.41080e+03 1.14741e+01 9.68254e-01 7.93295e+00 1.05185e+01 0.00000e+00 0.00000e+00 
5.41890e+03 1.32704e+01 3.13706e+00 6.73643e+00 1.08412e+01 0.00000e+00 0.00000e+00 
5.42700e+03 1.35547e+01 5.66392e+00 8.83382e+00 1.21343e+01 0.00000e+00 0.00000e+00 
5.43510e+03 1.14953e+01 3.60809e+00 5.89691e+00 8.10146e+00 0.00000e+00 0.00000e+00 
5.44320e+03 7.16223e+00 2.02564e+00 7.27216e+00 7.07478e+00 0.00000e+00 0.00000e+00 
5.45130e+03 9.19582e+00 2.95469e+00 4.95864e+00 5.57002e+00 0.00000e+00 0.00000e+00 
5.45940e+03 9.48876e+00 4.27765e+00 5.74758e+00 5.06675e+00 0.00000e+00 0.00000e+00 
5.46750e+03 9.74914e+00 7.44860e+00 2.88143e+00 7.50832e+00 0.00000e+00 0.00000e+00 
5.47560e+03 1.11213e+01 7.90556e+00 2.61146e+00 8.47935e+00 0.00000e+00 0.00000e+00 
5.48370e+03 1.11657e+01 5.02855e+00 5.57885e+00 5.19923e+00 0.00000e+00 0.00000e+00 
5.49180e+03 1.35237e+01 7.65408e+00 5.90426e+00 7.55451e+00 0.00000e+00 0.00000e+00 
5.49990e+03 1.60014e+01 9.86825e+00 5.16105e+00 7.36444e+00 0.00000e+00 0.00000e+00 
5.50800e+03 1.11776e+01 6.07038e+00 7.18982e+00 5.72553e+00 0.00000e+00 0.00000e+00 
5.51610e+03 1.25576e+01 8.33988e+00 9.93075e+00 5.98626e+00 0.00000e+00 0.00000e+00 
5.52420e+03 1.33127e+01 6.23896e+00 7.58470e+00 1.05582e+01 0.00000e+00 0.00000e+00 
5.53230e+03 1.15197e+01 6.56752e+00 6.08990e+00 4.75734e+00 0.00000e+00 0.00000e+00 
5.54040e+03 1.06864e+01 7.40240e+00 1.11049e+01 8.87089e+00 0.00000e+00 0.00000e+00 
5.54850e+03 8.79988e+00 7.85122e+00 7.22947e+00 9.14058e+00 0.00000e+00 0.00000e+00 
5.55660e+03 9.47860e+00 7.93866e+00 1.29272e+01 7.51528e+00 0.00000e+00 0.00000e+00 
5.56470e+03 1.31832e+01 8.09250e+00 1.21511e+01 9.16646e+00 0.00000e+00 0.00000e+00 
5.57280e+03 1.15259e+01 6.23319e+00 1.26165e+01 8.64828e+00 0.00000e+00 0.00000e+00 
5.58090e+03 8.12081e+00 6.73811e+00 1.29391e+01 5.08785e+00 0.00000e+00 0.00000e+00 
5.58900e+03 7.50703e+00 7.61792e+00 1.69108e+01 2.55669e+00 0.00000e+00 0.00000e+00 
5.59710e+03 7.78976e+00 7.41907e+00 1.37275e+01 4.07997e+00 0.00000e+00 0.00000e+00 
5.60520e+03 7.88595e+00 4.44292e+00 1.80393e+01 3.46398e+00 0.00000e+00 0.00000e+00 
5.61330e+03 1.02039e+01 3.76425e+00 1.37141e+01 5.03034e+00 0.00000e+00 0.00000e+00 
5.62140e+03 1.18135e+01 4.06611e+00 1.28867e+01 5.94550e+00 0.00000e+00 0.00000e+00 
5.62950e+03 9.49791e+00 4.04715e+00 1.30167e+01 6.49564e+00 0.00000e+00 0.00000e+00 
5.63760e+03 6.92462e+00 5.43798e+00 1.26040e+01 4.27576e+00 0.00000e+00 0.00000e+00 
5.64570e+03 5.52159e+00 4.11733e+00 1.18903e+01 4.51320e+00 0.00000e+00 0.00000e+00 
5.65380e+03 6.65132e+00 4.54295e+00 9.38471e+00 4.82629e+00 0.00000e+00 0.00000e+00 
5.66190e+03 7.72446e+00 7.51120e+00 1.00319e+01 2.96893e+00 0.00000e+00 0.00000e+00 
5.67000e+03 8.65359e+00 7.90679e+00 8.47777e+00 4.84264e+00 0.00000e+00 0.00000e+00 
5.67810e+03 7.14437e+00 8.31633e+00 8.22735e+00 4.46941e+00 0.00000e+00 0.00000e+00 
5.68620e+03 1.05541e+01 4.97401e+00 9.89911e+00 3.87447e+00 0.00000e+00 0.00000e+00 
5.69430e+03 9.61276e+00 7.25459e+00 1.07969e+01 7.90630e+00 0.00000e+00 0.00000e+00 
5.70240e+03 7.79527e+00 6.12722e+00 1.14415e+01 5.44996e+00 0.00000e+00 0.00000e+00 
5.71050e+03 3.75399e+00 8.70670e+00 1.04644e+01 4.11169e+00 0.00000e+00 0.00000e+00 
5.71860e+03 5.62945e+00 6.64968e+00 1.18520e+01 4.86778e+00 0.00000e+00 0.00000e+00 
5.72670e+03 9.40700e+00 4.25707e+00 1.10055e+01 1.66607e+00 0.00000e+00 0.00000e+00 
5.73480e+03 5.47492e+00 7.30135e+00 1.12833e+01 5.92323e+00 0.00000e+00 0.00000e+00 
5.74290e+03 7.21557e+00 5.72580e+00 1.09597e+01 1.57912e+00 0.00000e+00 0.00000e+00 
5.75100e+03 5.45693e+00 7.60704e+00 7.46613e+00 8.45177e+00 0.00000e+00 0.00000e+00 
5.75910e+03 8.37668e+00 8.75108e+00 5.73175e+00 6.59148e+00 0.00000e+00 0.00000e+00 
5.76720e+03 5.68290e+00 7.39980e+00 3.97179e+00 3.43658e+00 0.00000e+00 0.00000e+00 
5.77530e+03 5.86033e+00 8.32334e+00 5.56301e+00 3.75343e+00 0.00000e+00 0.00000e+00 
5.78340e+03 4.46389e+00 8.70548e+00 6.82508e+00 3.76480e+00 0.00000e+00 0.00000e+00 
5.79150e+03 6.26306e+00 5.63036e+00 1.16435e+01 3.69789e+00 0.00000e+00 0.00000e+00 
5.79960e+03 5.23759e+00 6.28671e+00 1.06888e+01 4.47909e+00 0.00000e+00 0.00000e+00 
5.80770e+03 5.72691e+00 5.24688e+00 1.22511e+01 6.52493e+00 0.00000e+00 0.00000e+00 
5.81580e+03 7.93959e+00 4.63712e+00 1.22931e+01 5.00785e+00 0.00000e+00 0.00000e+00 
5.82390e+03 9.31200e+00 7.85357e+00 1.42406e+01 4.91809e+00 0.00000e+00 0.00000e+00 
5.83200e+03 6.64876e+00 1.12357e+01 1.42552e+01 5.46899e+00 0.00000e+00 0.00000e+00 
5.84010e+03 8.01516e+00 7.56145e+00 1.52552e+01 7.69032e+00 0.00000e+00 0.00000e+00 
5.84820e+03 9.22064e+00 5.30125e+00 1.55445e+01 2.76194e+00 0.00000e+00 0.00000e+00 
5.85630e+03 1.25056e+01 3.97604e+00 1.42555e+01 5.21688e+00 0.00000e+00 0.00000e+00 
5.86440e+03 8.42768e+00 6.56739e+00 1.18669e+01 6.43034e+00 0.00000e+00 0.00000e+00 
5.87250e+03 7.27659e+00 5.67615e+00 1.17638e+01 7.47669e+00 0.00000e+00 0.00000e+00 
5.88060e+03 8.91177e+00 7.00691e+00 1.24495e+01 7.34411e+00 0.00000e+00 0.00000e+00 
5.88870e+03 9.43458e+00 5.41147e+00 9.19700e+00 8.33309e+00 0.00000e+00 0.00000e+00 
5.89680e+03 1.23332e+01 5.31988e+00 8.49574e+00 8.95874e+00 0.00000e+00 0.00000e+00 
5.90490e+03 9.41279e+00 6.36581e+00 1.23807e+01 1.08567e+01 0.00000e+00 0.00000e+00 
5.91300e+03 1.08872e+01 4.77853e+00 1.05757e+01 1.18045e+01 0.00000e+00 0.00000e+00 
5.92110e+03 8.14595e+00 5.04617e+00 1.24434e+01 1.35806e+01 0.00000e+00 0.00000e+00 
5.92920e+03 7.36770e+00 2.13542e+00 1.14852e+01 1.32897e+01 0.00000e+00 0.00000e+00 
5.93730e+03 8.09334e+00 1.27023e+00 9.70955e+00 1.10374e+01 0.00000e+00 0.00000e+00 
5.94540e+03 8.13923e+00 4.68835e+00 8.91974e+00 1.15872e+01 0.00000e+00 0.00000e+00 
5.95350e+03 8.71641e+00 4.69950e+00 7.16716e+00 1.18461e+01 0.00000e+00 0.00000e+00 
5.96160e+03 6.54069e+00 7.32393e+00 6.72291e+00 1.47023e+01 0.00000e+00 0.00000e+00 
5.96970e+03 4.22377e+00 3.20306e+00 1.03369e+01 1.16140e+01 0.00000e+00 0.00000e+00 
5.97780e+03 3.82983e+00 7.54182e+00 1.30793e+01 1.59343e+01 0.00000e+00 0.00000e+00 
5.98590e+03 5.50503e+00 7.53204e+00 7.37853e+00 1.11503e+01 0.00000e+00 0.00000e+00 
5.99400e+03 4.66051e+00 4.26740e+00 8.49761e+00 1.22852e+01 0.00000e+00 0.00000e+00 
6.00210e+03 4.33812e+00 5.81641e+00 7.99956e+00 1.27201e+01 0.00000e+00 0.00000e+00 
6.01020e+03 2.97705e+00 4.56229e+00 9.82446e+00 1.19387e+01 0.00000e+00 0.00000e+00 
6.01830e+03 1.07869e+01 3.07728e+00 1.27767e+01 1.31087e+01 0.00000e+00 0.00000e+00 
6.02640e+03 7.77350e+00 4.03768e+00 1.05780e+01 1.05940e+01 0.00000e+00 0.00000e+00 
6.03450e+03 8.40381e+00 4.37942e+00 7.04060e+00 9.63471e+00 0.00000e+00 0.00000e+00 
6.04260e+03 9.20121e+00 6.56487e+00 1.14274e+01 9.05516e+00 0.00000e+00 0.00000e+00 
6.05070e+03 1.14305e+01 5.60057e+00 9.36951e+00 9.20336e+00 0.00000e+00 0.00000e+00 
6.05880e+03 1.20900e+01 3.42699e+00 8.47573e+00 8.91625e+00 0.00000e+00 0.00000e+00 
6.06690e+03 1.29002e+01 6.28466e+00 1.06792e+01 1.07014e+01 0.00000e+00 0.00000e+00 
6.07500e+03 1.13228e+01 3.54497e+00 1.03726e+01 1.33980e+01 0.00000e+00 0.00000e+00 
6.08310e+03 1.05748e+01 1.83346e+00 1.35256e+01 1.01881e+01 0.00000e+00 0.00000e+00 
6.09120e+03 1.23802e+01 1.84539e+00 9.63576e+00 1.12678e+01 0.00000e+00 0.00000e+00 
6.09930e+03 9.61009e+00 3.51857e+00 1.05834e+01 1.25748e+01 0.00000e+00 0.00000e+00 
6.10740e+03 1.02474e+01 5.17663e+00 1.04189e+01 1.30112e+01 0.00000e+00 0.00000e+00 
6.11550e+03 7.02290e+00 3.74565e+00 9.73851e+00 1.37189e+01 0.00000e+00 0.00000e+00 
6.12360e+03 6.88198e+00 6.19668e+00 9.77598e+00 1.39947e+01 0.00000e+00 0.00000e+00 
6.13170e+03 6.34919e+00 5.04720e+00 9.40899e+00 1.42983e+01 0.00000e+00 0.00000e+00 
6.13980e+03 5.21868e+00 3.45607e+00 8.25217e+00 1.57775e+01 0.00000e+00 0.00000e+00 
6.14790e+03 1.00741e+01 4.99523e+00 5.07193e+00 1.65084e+01 0.00000e+00 0.00000e+00 
6.15600e+03 6.93038e+00 3.20244e+00 7.95470e+00 1.53499e+01 0.00000e+00 0.00000e+00 
6.16410e+03 3.98402e+00 4.08430e+00 1.10995e+01 1.36199e+01 0.00000e+00 0.00000e+00 
6.17220e+03 9.12554e+00 3.68261e+00 1.55836e+01 1.80876e+01 0.00000e+00 0.00000e+00 
6.18030e+03 1.29400e+01 1.56691e+00 1.05154e+01 2.01106e+01 0.00000e+00 0.00000e+00 
6.18840e+03 7.17185e+00 7.07206e+00 1.10420e+01 1.20661e+01 0.00000e+00 0.00000e+00 
6.19650e+03 9.54779e+00 2.81135e+00 1.17763e+01 1.42795e+01 0.00000e+00 0.00000e+00 
6.20460e+03 9.15205e+00 5.07936e+00 1.32536e+01 1.76643e+01 0.00000e+00 0.00000e+00 
6.21270e+03 1.27975e+01 2.82744e+00 1.22089e+01 1.52940e+01 0.00000e+00 0.00000e+00 
6.22080e+03 1.58244e+01 2.94969e+00 9.85406e+00 1.27103e+01 0.00000e+00 0.00000e+00 
6.22890e+03 1.20634e+01 1.61717e+00 1.15295e+01 9.80310e+00 0.00000e+00 0.00000e+00 
6.23700e+03 1.15306e+01 1.79951e+00 7.61354e+00 1.17148e+01 0.00000e+00 0.00000e+00 
6.24510e+03 1.35874e+01 2.39517e+00 6.34094e+00 1.27807e+01 0.00000e+00 0.00000e+00 
6.25320e+03 1.52901e+01 3.11806e+00 7.60865e+00 1.34099e+01 0.00000e+00 0.00000e+00 
6.26130e+03 1.35760e+01 2.79732e+00 1.02645e+01 1.42685e+01 0.00000e+00 0.00000e+00 
6.26940e+03 1.35939e+01 3.69617e+00 9.01216e+00 1.29667e+01 0.00000e+00 0.00000e+00 
6.27750e+03 1.57524e+01 3.81868e+00 6.51458e+00 1.35660e+01 0.00000e+00 0.00000e+00 
6.28560e+03 1.54473e+01 2.88814e+00 8.66208e+00 1.58399e+01 0.00000e+00 0.00000e+00 
6.29370e+03 1.72065e+01 3.34044e+00 7.72462e+00 1.62356e+01 0.00000e+00 0.00000e+00 
6.30180e+03 1.23274e+01 1.81029e+00 7.77108e+00 1.37695e+01 0.00000e+00 0.00000e+00 
6.30990e+03 1.20140e+01 1.07890e+00 7.46279e+00 1.16959e+01 0.00000e+00 0.00000e+00 
6.31800e+03 1.16758e+01 3.19444e+00 5.56310e+00 1.06077e+01 0.00000e+00 0.00000e+00 
6.32610e+03 1.45274e+01 5.22355e+00 6.99938e+00 7.77961e+00 0.00000e+00 0.00000e+00 
6.33420e+03 1.04232e+01 3.16817e+00 7.80741e+00 8.40756e+00 0.00000e+00 0.00000e+00 
6.34230e+03 1.24498e+01 4.27363e+00 4.80373e+00 8.59322e+00 0.00000e+00 0.00000e+00 
6.35040e+03 8.16703e+00 6.21642e+00 6.96857e+00 1.00658e+01 0.00000e+00 0.00000e+00 
6.35850e+03 1.29707e+01 3.07301e+00 5.98045e+00 9.93840e+00 0.00000e+00 0.00000e+00 
6.36660e+03 1.21841e+01 2.22229e+00 5.36943e+00 9.00360e+00 0.00000e+00 0.00000e+00 
6.37470e+03 9.64187e+00 6.01789e+00 3.20254e+00 1.06884e+01 0.00000e+00 0.00000e+00 
6.38280e+03 7.32011e+00 6.49588e+00 7.01712e+00 1.25162e+01 0.00000e+00 0.00000e+00 
6.39090e+03 7.30759e+00 6.11952e+00 8.43403e+00 1.03477e+01 0.00000e+00 0.00000e+00 
6.39900e+03 7.50476e+00 5.74578e+00 6.50579e+00 1.22835e+01 0.00000e+00 0.00000e+00 
6.40710e+03 7.41782e+00 3.25917e+00 7.41357e+00 9.98429e+00 0.00000e+00 0.00000e+00 
6.41520e+03 7.95949e+00 4.44281e+00 6.74012e+00 1.30317e+01 0.00000e+00 0.00000e+00 
6.42330e+03 8.20133e+00 4.62430e+00 1.06295e+01 1.06323e+01 0.00000e+00 0.00000e+00 
6.43140e+03 1.02833e+01 4.50479e+00 6.14831e+00 1.33722e+01 0.00000e+00 0.00000e+00 
6.43950e+03 9.59653e+00 6.04956e+00 1.02180e+01 1.09426e+01 0.00000e+00 0.00000e+00 
6.44760e+03 1.34581e+01 6.89201e+00 5.63822e+00 9.93957e+00 0.00000e+00 0.00000e+00 
6.45570e+03 9.83345e+00 5.24120e+00 8.73366e+00 8.18027e+00 0.00000e+00 0.00000e+00 
6.46380e+03 1.17324e+01 5.66628e+00 7.21280e+00 1.20830e+01 0.00000e+00 0.00000e+00 
6.47190e+03 1.07509e+01 3.21751e+00 6.48449e+00 9.04113e+00 0.00000e+00 0.00000e+00 
6.48000e+03 1.25050e+01 4.39081e+00 6.03264e+00 9.30708e+00 0.00000e+00 0.00000e+00 
6.48810e+03 1.15854e+01 2.73493e+00 3.78994e+00 8.22852e+00 0.00000e+00 0.00000e+00 
6.49620e+03 1.13594e+01 4.42129e+00 4.78015e+00 9.16135e+00 0.00000e+00 0.00000e+00 
6.50430e+03 1.24766e+01 6.86335e+00 6.76274e+00 7.96325e+00 0.00000e+00 0.00000e+00 
6.51240e+03 1.05881e+01 4.92017e+00 6.32176e+00 9.45611e+00 0.00000e+00 0.00000e+00 
6.52050e+03 9.80084e+00 4.18866e+00 4.37982e+00 1.07989e+01 0.00000e+00 0.00000e+00 
6.52860e+03 1.21054e+01 1.96094e+00 6.66641e+00 1.11727e+01 0.00000e+00 0.00000e+00 
6.53670e+03 1.42592e+01 5.99264e+00 4.69224e+00 1.25155e+01 0.00000e+00 0.00000e+00 
6.54480e+03 1.06382e+01 2.65583e+00 5.43924e+00 1.08288e+01 0.00000e+00 0.00000e+00 
6.55290e+03 1.16628e+01 4.40671e+00 5.58573e+00 9.12452e+00 0.00000e+00 0.00000e+00 
6.56100e+03 1.25167e+01 1.98581e+00 5.47137e+00 9.76707e+00 0.00000e+00 0.00000e+00 
6.56910e+03 1.21754e+01 3.59414e+00 4.68638e+00 7.18364e+00 0.00000e+00 0.00000e+00 
6.57720e+03 1.03948e+01 6.96493e+00 2.11492e+00 8.50965e+00 0.00000e+00 0.00000e+00 
6.58530e+03 1.07627e+01 5.63727e+00 4.21209e+00 8.31632e+00 0.00000e+00 0.00000e+00 
6.59340e+03 1.31278e+01 4.69007e+00 5.41860e+00 7.80692e+00 0.00000e+00 0.00000e+00 
6.60150e+03 1.43200e+01 4.32606e+00 6.55750e+00 7.78551e+00 0.00000e+00 0.00000e+00 
6.60960e+03 1.40690e+01 7.00081e+00 5.24556e+00 6.71573e+00 0.00000e+00 0.00000e+00 
6.61770e+03 1.27619e+01 6.75795e+00 4.21197e+00 4.33592e+00 0.00000e+00 0.00000e+00 
6.62580e+03 1.43583e+01 6.82366e+00 3.11289e+00 8.49442e+00 0.00000e+00 0.00000e+00 
6.63390e+03 1.27406e+01 7.77520e+00 5.70701e+00 9.03080e+00 0.00000e+00 0.00000e+00 
6.64200e+03 1.33336e+01 8.32163e+00 6.37107e+00 8.10310e+00 0.00000e+00 0.00000e+00 
6.65010e+03 1.42425e+01 1.05671e+01 5.12430e+00 5.37423e+00 0.00000e+00 0.00000e+00 
6.65820e+03 1.56903e+01 1.22446e+01 4.91677e+00 3.99677e+00 0.00000e+00 0.00000e+00 
6.66630e+03 1.29119e+01 1.28060e+01 1.81513e+00 5.81631e+00 0.00000e+00 0.00000e+00 
6.67440e+03 1.22606e+01 1.32891e+01 4.05539e+00 7.69259e+00 0.00000e+00 0.00000e+00 
6.68250e+03 1.14020e+01 9.47536e+00 5.36527e+00 6.71352e+00 0.00000e+00 0.00000e+00 
6.69060e+03 1.12528e+01 1.09677e+01 3.61440e+00 5.58094e+00 0.00000e+00 0.00000e+00 
6.69870e+03 1.20970e+01 9.31684e+00 6.32544e+00 4.75520e+00 0.00000e+00 0.00000e+00 
6.70680e+03 1.23274e+01 1.16747e+01 4.92578e+00 1.74439e+00 0.00000e+00 0.00000e+00 
6.71490e+03 1.55237e+01 8.63525e+00 7.11632e+00 3.38133e+00 0.00000e+00 0.00000e+00 
6.72300e+03 1.39166e+01 9.89649e+00 3.84613e+00 4.76968e+00 0.00000e+00 0.00000e+00 
6.73110e+03 1.03545e+01 8.72886e+00 4.66675e+00 7.37979e+00 0.00000e+00 0.00000e+00 
6.73920e+03 1.19593e+01 9.27686e+00 3.72023e+00 7.88436e+00 0.00000e+00 0.00000e+00 
6.74730e+03 1.43877e+01 9.99241e+00 6.24556e+00 8.14631e+00 0.00000e+00 0.00000e+00 
6.75540e+03 1.24986e+01 1.43785e+01 4.53241e+00 7.03587e+00 0.00000e+00 0.00000e+00 
6.76350e+03 1.30633e+01 1.06410e+01 4.17199e+00 7.00507e+00 0.00000e+00 0.00000e+00 
6.77160e+03 1.55113e+01 9.53301e+00 2.92285e+00 7.29305e+00 0.00000e+00 0.00000e+00 
6.77970e+03 1.15301e+01 1.06214e+01 6.14516e+00 5.96192e+00 0.00000e+00 0.00000e+00 
6.78780e+03 1.34134e+01 7.98075e+00 5.26121e+00 9.11916e+00 0.00000e+00 0.00000e+00 
6.79590e+03 1.44083e+01 7.01195e+00 1.38172e+00 5.63205e+00 0.00000e+00 0.00000e+00 
6.80400e+03 1.02405e+01 6.26788e+00 9.82273e-01 5.43498e+00 0.00000e+00 0.00000e+00 
6.81210e+03 1.11527e+01 6.51039e+00 4.07144e+00 1.00390e+01 0.00000e+00 0.00000e+00 
6.82020e+03 1.06902e+01 4.95192e+00 3.83759e+00 9.77209e+00 0.00000e+00 0.00000e+00 
6.82830e+03 1.15889e+01 6.63580e+00 3.60506e+00 9.21843e+00 0.00000e+00 0.00000e+00 
6.83640e+03 7.23401e+00 6.65698e+00 4.43989e+00 9.13690e+00 0.00000e+00 0.00000e+00 
6.84450e+03 7.70039e+00 4.84354e+00 5.99240e+00 5.59019e+00 0.00000e+00 0.00000e+00 
6.85260e+03 4.06386e+00 8.08648e+00 5.99376e+00 6.68174e+00 0.00000e+00 0.00000e+00 
6.86070e+03 8.70619e+00 8.83461e+00 2.46654e+00 7.14628e+00 0.00000e+00 0.00000e+00 
6.86880e+03 4.93753e+00 1.02414e+01 2.36097e+00 6.54358e+00 0.00000e+00 0.00000e+00 
6.87690e+03 4.99658e+00 8.44738e+00 5.07292e+00 8.98325e+00 0.00000e+00 0.00000e+00 
6.88500e+03 6.13090e+00 7.68701e+00 6.91022e+00 5.01237e+00 0.00000e+00 0.00000e+00 
6.89310e+03 4.95117e+00 7.13742e+00 6.06224e+00 8.15579e+00 0.00000e+00 0.00000e+00 
6.90120e+03 8.63358e+00 9.82224e+00 7.11624e+00 7.27486e+00 0.00000e+00 0.00000e+00 
6.90930e+03 4.48498e+00 1.15174e+01 7.02728e+00 8.60475e+00 0.00000e+00 0.00000e+00 
6.91740e+03 8.69357e+00 1.00014e+01 5.67582e+00 1.29396e+01 0.00000e+00 0.00000e+00 
6.92550e+03 7.06432e+00 7.38331e+00 7.70577e+00 6.68102e+00 0.00000e+00 0.00000e+00 
6.93360e+03 8.79206e+00 5.78279e+00 8.80448e+00 7.40833e+00 0.00000e+00 0.00000e+00 
6.94170e+03 5.76720e+00 6.73961e+00 6.64396e+00 5.04238e+00 0.00000e+00 0.00000e+00 
6.94980e+03 8.22916e+00 3.82462e+00 3.43673e+00 6.68523e+00 0.00000e+00 0.00000e+00 
6.95790e+03 6.34230e+00 9.09208e+00 5.21023e+00 4.77930e+00 0.00000e+00 0.00000e+00 
6.96600e+03 6.95848e+00 6.84209e+00 5.33027e+00 2.11371e+00 0.00000e+00 0.00000e+00 
6.97410e+03 9.94518e+00 9.87396e+00 3.39180e+00 4.72263e+00 0.00000e+00 0.00000e+00 
6.98220e+03 7.51957e+00 5.23748e+00 5.88628e+00 5.81660e+00 0.00000e+00 0.00000e+00 
6.99030e+03 1.15233e+01 4.82704e+00 4.08149e+00 4.80792e+00 0.00000e+00 0.00000e+00 
6.99840e+03 1.06092e+01 5.55373e+00 4.66570e+00 4.79365e+00 0.00000e+00 0.00000e+00 
7.00650e+03 1.08624e+01 1.31283e+00 3.36198e+00 5.54454e+00 0.00000e+00 0.00000e+00 
7.01460e+03 1.06125e+01 3.78420e+00 4.23780e+00 4.44968e+00 0.00000e+00 0.00000e+00 
7.02270e+03 1.10433e+01 5.93236e+00 4.03533e+00 6.16384e+00 0.00000e+00 0.00000e+00 
7.03080e+03 9.02139e+00 6.91704e+00 3.89218e+00 4.60093e+00 0.00000e+00 0.00000e+00 
7.03890e+03 7.71000e+00 6.13672e+00 3.89054e+00 7.74628e+00 0.00000e+00 0.00000e+00 
7.04700e+03 7.93373e+00 5.37076e+00 3.57667e+00 7.25780e+00 0.00000e+00 0.00000e+00 
7.05510e+03 8.80147e+00 1.11926e+01 7.82701e+00 7.89374e+00 0.00000e+00 0.00000e+00 
7.06320e+03 6.71405e+00 8.55523e+00 5.20201e+00 7.29858e+00 0.00000e+00 0.00000e+00 
7.07130e+03 6.74744e+00 1.01489e+01 1.87749e+00 5.12814e+00 0.00000e+00 0.00000e+00 
7.07940e+03 7.37931e+00 1.05825e+01 7.07302e+00 6.99827e+00 0.00000e+00 0.00000e+00 
7.08750e+03 8.24091e+00 1.13765e+01 5.01576e+00 8.07268e+00 0.00000e+00 0.00000e+00 
7.09560e+03 9.50246e+00 8.62107e+00 7.15076e+00 7.86267e+00 0.00000e+00 0.00000e+00 
7.10370e+03 6.53475e+00 9.35786e+00 6.68910e+00 4.09557e+00 0.00000e+00 0.00000e+00 
7.11180e+03 4.95649e+00 9.09769e+00 9.75939e+00 7.44060e+00 0.00000e+00 0.00000e+00 
7.11990e+03 8.20669e+00 9.79018e+00 5.92562e+00 4.68031e+00 0.00000e+00 0.00000e+00 
7.12800e+03 9.10059e+00 8.60286e+00 5.03051e+00 4.28823e+00 0.00000e+00 0.00000e+00 
7.13610e+03 7.93507e+00 7.15290e+00 6.25751e+00 3.15905e+00 0.00000e+00 0.00000e+00 
7.14420e+03 7.28661e+00 1.31695e+01 7.87979e+00 2.72548e+00 0.00000e+00 0.00000e+00 
7.15230e+03 6.01849e+00 8.01910e+00 6.97790e+00 3.31745e+00 0.00000e+00 0.00000e+00 
7.16040e+03 7.34231e+00 7.47845e+00 6.95789e+00 5.48038e+00 0.00000e+00 0.00000e+00 
7.16850e+03 8.49516e+00 6.45009e+00 5.99519e+00 5.89011e+00 0.00000e+00 0.00000e+00 
7.17660e+03 8.89022e+00 6.62481e+00 4.72232e+00 4.09927e+00 0.00000e+00 0.00000e+00 
7.18470e+03 8.93658e+00 7.28476e+00 7.06716e+00 6.35998e+00 0.00000e+00 0.00000e+00 
7.19280e+03 8.01296e+00 8.39790e+00 7.75098e+00 7.32755e+00 0.00000e+00 0.00000e+00 
7.20090e+03 6.64157e+00 7.48837e+00 7.34417e+00 6.05059e+00 0.00000e+00 0.00000e+00 
7.20900e+03 6.39877e+00 8.92515e+00 6.73679e+00 7.45844e+00 0.00000e+00 0.00000e+00 
7.21710e+03 9.62098e+00 6.89686e+00 8.26246e+00 5.72340e+00 0.00000e+00 0.00000e+00 
7.22520e+03 8.78622e+00 7.25630e+00 6.85098e+00 5.99245e+00 0.00000e+00 0.00000e+00 
7.23330e+03 7.80310e+00 5.00453e+00 4.61357e+00 7.62544e+00 0.00000e+00 0.00000e+00 
7.24140e+03 8.07395e+00 7.15407e+00 7.65329e+00 6.75147e+00 0.00000e+00 0.00000e+00 
7.24950e+03 5.27493e+00 7.88434e+00 2.71695e+00 9.60239e+00 0.00000e+00 0.00000e+00 
7.25760e+03 7.10122e+00 7.43524e+00 7.06797e+00 8.93776e+00 0.00000e+00 0.00000e+00 
7.26570e+03 1.05318e+01 7.83510e+00 5.88274e+00 9.75163e+00 0.00000e+00 0.00000e+00 
7.27380e+03 1.43490e+01 7.76348e+00 3.60160e+00 1.03168e+01 0.00000e+00 0.00000e+00 
7.28190e+03 1.42562e+01 1.06531e+01 4.41962e+00 9.65202e+00 0.00000e+00 0.00000e+00 
7.29000e+03 1.39194e+01 7.75980e+00 2.61649e+00 7.08154e+00 0.00000e+00 0.00000e+00 
7.29810e+03 1.08664e+01 9.34619e+00 4.55371e+00 7.84609e+00 0.00000e+00 0.00000e+00 
7.30620e+03 9.69619e+00 7.28871e+00 6.14760e+00 5.20521e+00 0.00000e+00 0.00000e+00 
7.31430e+03 8.62721e+00 6.01300e+00 4.57368e+00 6.41076e+00 0.00000e+00 0.00000e+00 
7.32240e+03 1.02502e+01 8.48082e+00 7.76916e+00 8.57238e+00 0.00000e+00 0.00000e+00 
7.33050e+03 1.08884e+01 6.57872e+00 5.58668e+00 6.23918e+00 0.00000e+00 0.00000e+00 
7.33860e+03 1.43286e+01 5.45002e+00 4.42419e+00 4.82297e+00 0.00000e+00 0.00000e+00 
7.34670e+03 9.56971e+00 5.88926e+00 5.70192e+00 4.92691e+00 0.00000e+00 0.00000e+00 
7.35480e+03 1.32823e+01 8.21698e+00 4.76617e+00 5.07804e+00 0.00000e+00 0.00000e+00 
7.36290e+03 1.28468e+01 5.15092e+00 3.83938e+00 5.21906e+00 0.00000e+00 0.00000e+00 
7.37100e+03 1.34899e+01 6.46576e+00 4.51124e+00 3.91212e+00 0.00000e+00 0.00000e+00 
7.37910e+03 1.31043e+01 7.89379e+00 4.28560e+00 8.68931e+00 0.00000e+00 0.00000e+00 
7.38720e+03 1.26084e+01 5.98946e+00 1.57402e+00 8.83061e+00 0.00000e+00 0.00000e+00 
7.39530e+03 8.06698e+00 5.22463e+00 1.75202e+00 7.88137e+00 0.00000e+00 0.00000e+00 
7.40340e+03 1.17491e+01 4.27832e+00 1.88239e+00 1.07345e+01 0.00000e+00 0.00000e+00 
7.41150e+03 1.00999e+01 3.63234e+00 1.71001e+00 1.08902e+01 0.00000e+00 0.00000e+00 
7.41960e+03 1.02537e+01 4.03825e+00 6.45755e+00 9.79559e+00 0.00000e+00 0.00000e+00 
7.42770e+03 1.02257e+01 6.78569e-01 1.89599e+00 8.91880e+00 0.00000e+00 0.00000e+00 
7.43580e+03 1.29891e+01 7.17725e+00 2.95665e+00 1.21009e+01 0.00000e+00 0.00000e+00 
7.44390e+03 1.03372e+01 6.33806e+00 2.41172e+00 1.54647e+01 0.00000e+00 0.00000e+00 
7.45200e+03 9.13142e+00 4.46247e+00 1.95573e+00 1.03981e+01 0.00000e+00 0.00000e+00 
7.46010e+03 9.65106e+00 7.26963e+00 3.45510e+00 1.01872e+01 0.00000e+00 0.00000e+00 
7.46820e+03 6.27448e+00 4.58278e+00 2.93217e+00 7.03542e+00 0.00000e+00 0.00000e+00 
7.47630e+03 1.17705e+01 6.20932e+00 6.13332e+00 8.61196e+00 0.00000e+00 0.00000e+00 
7.48440e+03 8.47601e+00 4.08144e+00 4.50343e+00 1.11972e+01 0.00000e+00 0.00000e+00 
7.49250e+03 1.09190e+01 4.77596e+00 9.70148e+00 1.17746e+01 0.00000e+00 0.00000e+00 
7.50060e+03 8.88780e+00 7.83321e+00 8.58731e+00 8.88392e+00 0.00000e+00 0.00000e+00 
7.50870e+03 1.01857e+01 5.22248e+00 2.66456e+00 9.82826e+00 0.00000e+00 0.00000e+00 
7.51680e+03 1.16278e+01 5.47665e+00 9.08816e-01 7.79188e+00 0.00000e+00 0.00000e+00 
7.52490e+03 1.08954e+01 5.91360e+00 4.67567e+00 7.58553e+00 0.00000e+00 0.00000e+00 
7.53300e+03 1.05827e+01 6.92281e+00 3.29691e+00 8.92222e+00 0.00000e+00 0.00000e+00 
7.54110e+03 1.18096e+01 6.14424e+00 6.93181e+00 9.73856e+00 0.00000e+00 0.00000e+00 
7.54920e+03 9.95054e+00 9.37977e+00 3.41282e+00 9.64038e+00 0.00000e+00 0.00000e+00 
7.55730e+03 1.11541e+01 6.04369e+00 5.05478e+00 1.08011e+01 0.00000e+00 0.00000e+00 
7.56540e+03 1.54146e+01 6.08887e+00 6.54273e+00 9.88795e+00 0.00000e+00 0.00000e+00 
7.57350e+03 1.06256e+01 5.91971e+00 7.52231e+00 9.01892e+00 0.00000e+00 0.00000e+00 
7.58160e+03 1.28448e+01 3.38336e+00 4.74272e+00 1.22056e+01 0.00000e+00 0.00000e+00 
7.58970e+03 1.01789e+01 1.92810e+00 3.62019e+00 9.96292e+00 0.00000e+00 0.00000e+00 
7.59780e+03 1.20695e+01 6.17938e+00 8.87630e+00 1.01837e+01 0.00000e+00 0.00000e+00 
7.60590e+03 1.21999e+01 2.55372e+00 7.24978e+00 1.13510e+01 0.00000e+00 0.00000e+00 
7.61400e+03 1.43776e+01 3.50131e+00 6.56119e+00 1.35217e+01 0.00000e+00 0.00000e+00 
7.62210e+03 1.44521e+01 1.32711e+00 6.50701e+00 1.15227e+01 0.00000e+00 0.00000e+00 
7.63020e+03 1.52845e+01 6.21688e+00 6.88179e+00 1.04575e+01 0.00000e+00 0.00000e+00 
7.63830e+03 1.64124e+01 6.34184e+00 9.85294e+00 1.05473e+01 0.00000e+00 0.00000e+00 
7.64640e+03 1.36157e+01 7.40460e+00 7.70539e+00 1.10935e+01 0.00000e+00 0.00000e+00 
7.65450e+03 1.33587e+01 5.92844e+00 6.08128e+00 1.04918e+01 0.00000e+00 0.00000e+00 
7.66260e+03 1.19111e+01 3.61208e+00 3.30989e+00 1.25308e+01 0.00000e+00 0.00000e+00 
7.67070e+03 1.13173e+01 4.60024e+00 3.76720e+00 1.04360e+01 0.00000e+00 0.00000e+00 
7.67880e+03 1.04576e+01 5.36407e+00 4.61781e+00 1.27941e+01 0.00000e+00 0.00000e+00 
7.68690e+03 1.37532e+01 8.07638e+00 5.66618e+00 1.20255e+01 0.00000e+00 0.00000e+00 
7.69500e+03 1.05778e+01 9.22131e+00 5.59826e+00 7.93257e+00 0.00000e+00 0.00000e+00 
7.70310e+03 1.03429e+01 6.28871e+00 6.09671e+00 1.17191e+01 0.00000e+00 0.00000e+00 
7.71120e+03 1.05149e+01 7.33917e+00 4.61205e+00 1.21203e+01 0.00000e+00 0.00000e+00 
7.71930e+03 1.33188e+01 7.86327e+00 5.59032e+00 8.65628e+00 0.00000e+00 0.00000e+00 
7.72740e+03 1.29411e+01 6.69912e+00 3.89774e+00 1.23202e+01 0.00000e+00 0.00000e+00 
7.73550e+03 1.23792e+01 2.61588e+00 3.62250e+00 7.95103e+00 0.00000e+00 0.00000e+00 
7.74360e+03 1.64475e+01 5.67515e+00 3.65218e+00 8.60462e+00 0.00000e+00 0.00000e+00 
7.75170e+03 1.37583e+01 5.24498e+00 2.96115e+00 8.58259e+00 0.00000e+00 0.00000e+00 
7.75980e+03 1.16442e+01 7.02689e+00 3.54557e+00 1.12745e+01 0.00000e+00 0.00000e+00 
7.76790e+03 1.22516e+01 9.68405e+00 4.19311e+00 1.00223e+01 0.00000e+00 0.00000e+00 
7.77600e+03 1.12363e+01 7.98260e+00 6.70842e+00 9.40705e+00 0.00000e+00 0.00000e+00 
7.78410e+03 1.02272e+01 6.59227e+00 4.01289e+00 8.77360e+00 0.00000e+00 0.00000e+00 
7.79220e+03 1.00331e+01 6.98275e+00 4.37581e+00 1.02400e+01 0.00000e+00 0.00000e+00 
7.80030e+03 9.03838e+00 7.46272e+00 2.42590e+00 5.67908e+00 0.00000e+00 0.00000e+00 
7.80840e+03 7.77882e+00 6.55433e+00 4.56731e+00 6.46967e+00 0.00000e+00 0.00000e+00 
7.81650e+03 1.23009e+01 4.07210e+00 4.73182e+00 7.03130e+00 0.00000e+00 0.00000e+00 
7.82460e+03 1.04532e+01 5.85829e+00 5.26867e+00 8.07968e+00 0.00000e+00 0.00000e+00 
7.83270e+03 1.20837e+01 7.99872e+00 5.69971e+00 1.02010e+01 0.00000e+00 0.00000e+00 
7.84080e+03 4.79677e+00 7.35270e+00 5.08000e+00 1.18806e+01 0.00000e+00 0.00000e+00 
7.84890e+03 6.89932e+00 8.53182e+00 4.68105e+00 1.06769e+01 0.00000e+00 0.00000e+00 
7.85700e+03 8.69879e+00 8.20728e+00 7.15966e+00 8.97642e+00 0.00000e+00 0.00000e+00 
7.86510e+03 5.95003e+00 7.78938e+00 6.58641e+00 1.16069e+01 0.00000e+00 0.00000e+00 
7.87320e+03 7.63914e+00 6.09698e+00 5.24499e+00 1.28415e+01 0.00000e+00 0.00000e+00 
7.88130e+03 7.21283e+00 8.03227e+00 4.05418e+00 1.13842e+01 0.00000e+00 0.00000e+00 
7.88940e+03 5.82774e+00 9.17611e+00 5.50018e+00 1.04386e+01 0.00000e+00 0.00000e+00 
7.89750e+03 8.76647e+00 9.95185e+00 4.18545e+00 1.30596e+01 0.00000e+00 0.00000e+00 
7.90560e+03 8.97205e+00 9.33889e+00 2.83203e+00 1.03307e+01 0.00000e+00 0.00000e+00 
7.91370e+03 9.13172e+00 1.04577e+01 4.39040e+00 8.04948e+00 0.00000e+00 0.00000e+00 
7.92180e+03 7.81018e+00 9.78821e+00 3.90756e+00 8.87983e+00 0.00000e+00 0.00000e+00 
7.92990e+03 5.89635e+00 1.14876e+01 2.89308e+00 9.18119e+00 0.00000e+00 0.00000e+00 
7.93800e+03 6.62107e+00 9.59566e+00 2.59047e+00 7.13182e+00 0.00000e+00 0.00000e+00 
7.94610e+03 6.31945e+00 1.25872e+01 5.34196e+00 9.37510e+00 0.00000e+00 0.00000e+00 
7.95420e+03 3.98178e+00 1.34993e+01 5.62590e+00 9.51651e+00 0.00000e+00 0.00000e+00 
7.96230e+03 3.78476e+00 1.16618e+01 4.61922e+00 9.79629e+00 0.00000e+00 0.00000e+00 
7.97040e+03 2.30601e+00 1.32492e+01 8.97804e+00 1.55247e+01 0.00000e+00 0.00000e+00 
7.97850e+03 3.38975e+00 1.23188e+01 9.84863e+00 1.42865e+01 0.00000e+00 0.00000e+00 
7.98660e+03 4.45607e+00 1.10796e+01 1.06853e+01 1.19870e+01 0.00000e+00 0.00000e+00 
7.99470e+03 2.94114e+00 9.49402e+00 1.14427e+01 1.55263e+01 0.00000e+00 0.00000e+00 
8.00280e+03 1.31396e+00 1.12263e+01 1.26967e+01 1.59136e+01 0.00000e+00 0.00000e+00 
8.01090e+03 2.01858e+00 1.02525e+01 1.30643e+01 1.72189e+01 0.00000e+00 0.00000e+00 
8.01900e+03 4.93204e+00 9.69946e+00 9.48007e+00 1.17979e+01 0.00000e+00 0.00000e+00 
8.02710e+03 3.53834e+00 1.12490e+01 7.12511e+00 1.22923e+01 0.00000e+00 0.00000e+00 
8.03520e+03 6.76687e+00 1.10908e+01 7.50781e+00 9.73107e+00 0.00000e+00 0.00000e+00 
8.04330e+03 9.17478e+00 1.02175e+01 6.09714e+00 1.20065e+01 0.00000e+00 0.00000e+00 
8.05140e+03 8.66503e+00 1.07297e+01 3.05833e+00 1.30958e+01 0.00000e+00 0.00000e+00 
8.05950e+03 7.57643e+00 1.03884e+01 5.84766e+00 9.49844e+00 0.00000e+00 0.00000e+00 
8.06760e+03 8.24093e+00 8.90942e+00 7.46533e+00 1.05726e+01 0.00000e+00 0.00000e+00 
8.07570e+03 7.27173e+00 1.17419e+01 8.31528e+00 7.92049e+00 0.00000e+00 0.00000e+00 
8.08380e+03 1.16036e+01 1.11358e+01 9.32997e+00 1.01479e+01 0.00000e+00 0.00000e+00 
8.09190e+03 9.79356e+00 9.27264e+00 8.91790e+00 1.48171e+01 0.00000e+00 0.00000e+00 
8.10000e+03 1.13270e+01 1.18171e+01 1.00867e+01 1.41316e+01 0.00000e+00 0.00000e+00 
8.10810e+03 1.20210e+01 1.12591e+01 1.02146e+01 1.62179e+01 0.00000e+00 0.00000e+00 
8.11620e+03 9.91672e+00 1.34401e+01 5.48862e+00 1.35026e+01 0.00000e+00 0.00000e+00 
8.12430e+03 8.65546e+00 1.36509e+01 6.98116e+00 1.41747e+01 0.00000e+00 0.00000e+00 
8.13240e+03 5.51231e+00 1.22099e+01 8.47610e+00 1.57712e+01 0.00000e+00 0.00000e+00 
8.14050e+03 8.53629e+00 1.25107e+01 8.22693e+00 1.45337e+01 0.00000e+00 0.00000e+00 
8.14860e+03 7.57988e+00 1.18621e+01 4.72407e+00 1.76217e+01 0.00000e+00 0.00000e+00 
8.15670e+03 7.59649e+00 7.10070e+00 9.42121e+00 1.35049e+01 0.00000e+00 0.00000e+00 
8.16480e+03 1.09453e+01 7.58969e+00 6.26689e+00 1.53329e+01 0.00000e+00 0.00000e+00 
8.17290e+03 1.14760e+01 8.75549e+00 5.54372e+00 1.13480e+01 0.00000e+00 0.00000e+00 
8.18100e+03 1.11942e+01 7.97348e+00 5.32456e+00 1.27828e+01 0.00000e+00 0.00000e+00 
8.18910e+03 1.30171e+01 8.60537e+00 9.06683e+00 1.25189e+01 0.00000e+00 0.00000e+00 
8.19720e+03 1.07367e+01 5.91211e+00 8.02090e+00 1.22508e+01 0.00000e+00 0.00000e+00 
8.20530e+03 1.25849e+01 4.75913e+00 8.31357e+00 1.51592e+01 0.00000e+00 0.00000e+00 
8.21340e+03 1.26031e+01 6.76281e+00 5.10834e+00 1.83206e+01 0.00000e+00 0.00000e+00 
8.22150e+03 1.37644e+01 6.05477e+00 2.29600e+00 1.59987e+01 0.00000e+00 0.00000e+00 
8.22960e+03 1.16968e+01 1.09176e+01 7.09853e+00 1.18441e+01 0.00000e+00 0.00000e+00 
8.23770e+03 8.77851e+00 9.05990e+00 5.06319e+00 1.04546e+01 0.00000e+00 0.00000e+00 
8.24580e+03 7.94330e+00 1.13995e+01 4.45812e+00 1.06169e+01 0.00000e+00 0.00000e+00 
8.25390e+03 1.02560e+01 9.24001e+00 6.50156e+00 1.34137e+01 0.00000e+00 0.00000e+00 
8.26200e+03 8.87183e+00 7.12489e+00 2.43153e+00 1.23452e+01 0.00000e+00 0.00000e+00 
8.27010e+03 1.07220e+01 1.05017e+01 5.05092e+00 7.30540e+00 0.00000e+00 0.00000e+00 
8.27820e+03 1.10593e+01 1.07517e+01 1.39594e+00 8.85824e+00 0.00000e+00 0.00000e+00 
8.28630e+03 9.69742e+00 1.36951e+01 6.11197e+00 6.17437e+00 0.00000e+00 0.00000e+00 
8.29440e+03 1.33949e+01 1.52708e+01 9.41170e+00 1.05792e+01 0.00000e+00 0.00000e+00 
8.30250e+03 1.20069e+01 1.51868e+01 6.48612e+00 8.22417e+00 0.00000e+00 0.00000e+00 
8.31060e+03 1.22133e+01 1.50387e+01 6.30725e+00 1.01690e+01 0.00000e+00 0.00000e+00 
8.31870e+03 1.35671e+01 1.01838e+01 3.49370e+00 8.51325e+00 0.00000e+00 0.00000e+00 
8.32680e+03 8.66783e+00 1.39590e+01 5.14654e+00 1.03868e+01 0.00000e+00 0.00000e+00 
8.33490e+03 1.23505e+01 1.51396e+01 6.61290e+00 8.51472e+00 0.00000e+00 0.00000e+00 
8.34300e+03 1.31382e+01 1.41257e+01 5.50973e+00 2.69662e+00 0.00000e+00 0.00000e+00 
8.35110e+03 1.45527e+01 1.34300e+01 9.49379e+00 1.98652e+00 0.00000e+00 0.00000e+00 
8.35920e+03 1.29220e+01 1.58019e+01 6.57653e+00 4.46715e+00 0.00000e+00 0.00000e+00 
8.36730e+03 9.02779e+00 1.47669e+01 5.10749e+00 4.72944e+00 0.00000e+00 0.00000e+00 
8.37540e+03 9.29103e+00 1.67698e+01 7.72572e+00 6.66129e+00 0.00000e+00 0.00000e+00 
8.38350e+03 9.70003e+00 1.54954e+01 8.46304e+00 4.22906e+00 0.00000e+00 0.00000e+00 
8.39160e+03 1.03178e+01 1.64028e+01 8.06676e+00 6.43818e+00 0.00000e+00 0.00000e+00 
8.39970e+03 1.23712e+01 2.09358e+01 7.74668e+00 6.25900e+00 0.00000e+00 0.00000e+00 
8.40780e+03 1.04932e+01 2.14590e+01 4.96911e+00 7.04943e+00 0.00000e+00 0.00000e+00 
8.41590e+03 1.15490e+01 1.73111e+01 4.27494e+00 4.19627e+00 0.00000e+00 0.00000e+00 
8.42400e+03 1.45238e+01 1.85117e+01 7.26468e+00 6.07056e+00 0.00000e+00 0.00000e+00 
8.43210e+03 8.67515e+00 1.75912e+01 5.92430e+00 7.90139e+00 0.00000e+00 0.00000e+00 
8.44020e+03 1.00477e+01 2.09860e+01 6.28027e+00 4.58272e+00 0.00000e+00 0.00000e+00 
8.44830e+03 9.50169e+00 2.10134e+01 8.39954e+00 5.10682e+00 0.00000e+00 0.00000e+00 
8.45640e+03 1.05737e+01 1.87549e+01 6.83718e+00 6.62068e+00 0.00000e+00 0.00000e+00 
8.46450e+03 1.04253e+01 1.76355e+01 7.63444e+00 6.61277e+00 0.00000e+00 0.00000e+00 
8.47260e+03 1.18688e+01 1.72782e+01 1.03094e+01 8.33693e+00 0.00000e+00 0.00000e+00 
8.48070e+03 9.55079e+00 1.78936e+01 9.15187e+00 5.51320e+00 0.00000e+00 0.00000e+00 
8.48880e+03 8.19692e+00 1.33106e+01 7.18909e+00 1.06837e+01 0.00000e+00 0.00000e+00 
8.49690e+03 8.40405e+00 1.27948e+01 5.90753e+00 9.13280e+00 0.00000e+00 0.00000e+00 
8.50500e+03 8.29305e+00 1.45656e+01 6.86414e+00 8.24318e+00 0.00000e+00 0.00000e+00 
8.51310e+03 9.76222e+00 1.38588e+01 8.59871e+00 8.07004e+00 0.00000e+00 0.00000e+00 
8.52120e+03 6.94075e+00 1.44135e+01 6.43088e+00 8.98288e+00 0.00000e+00 0.00000e+00 
8.52930e+03 8.71011e+00 1.79901e+01 8.72095e+00 8.70253e+00 0.00000e+00 0.00000e+00 
8.53740e+03 8.35535e+00 1.82171e+01 1.18976e+01 6.46395e+00 0.00000e+00 0.00000e+00 
8.54550e+03 1.25204e+01 1.64510e+01 6.16031e+00 8.35812e+00 0.00000e+00 0.00000e+00 
8.55360e+03 1.09225e+01 1.96427e+01 5.92947e+00 8.42844e+00 0.00000e+00 0.00000e+00 
8.56170e+03 1.04024e+01 1.77226e+01 4.81121e+00 8.42863e+00 0.00000e+00 0.00000e+00 
8.56980e+03 1.31509e+01 1.40246e+01 6.87828e+00 6.97303e+00 0.00000e+00 0.00000e+00 
8.57790e+03 1.13416e+01 1.66120e+01 5.75532e+00 9.13109e+00 0.00000e+00 0.00000e+00 
8.58600e+03 1.39848e+01 1.53490e+01 5.15694e+00 8.09970e+00 0.00000e+00 0.00000e+00 
8.59410e+03 1.47810e+01 1.78903e+01 7.73653e+00 5.27478e+00 0.00000e+00 0.00000e+00 
8.60220e+03 1.29622e+01 1.92668e+01 6.21555e+00 9.06493e+00 0.00000e+00 0.00000e+00 
8.61030e+03 1.32001e+01 2.03312e+01 7.36963e+00 1.03478e+01 0.00000e+00 0.00000e+00 
8.61840e+03 9.22629e+00 1.91495e+01 4.38285e+00 6.17954e+00 0.00000e+00 0.00000e+00 
8.62650e+03 9.03928e+00 1.93956e+01 3.52429e+00 8.76299e+00 0.00000e+00 0.00000e+00 
8.63460e+03 1.09101e+01 1.62237e+01 4.70709e+00 4.93065e+00 0.00000e+00 0.00000e+00 
8.64270e+03 8.61506e+00 1.73440e+01 7.41693e+00 1.11525e+01 0.00000e+00 0.00000e+00 
8.65080e+03 1.26932e+01 1.68398e+01 5.50048e+00 9.27042e+00 0.00000e+00 0.00000e+00 
8.65890e+03 1.01905e+01 1.95860e+01 5.27840e+00 7.09402e+00 0.00000e+00 0.00000e+00 
8.66700e+03 1.06113e+01 1.82332e+01 5.41988e+00 1.11474e+01 0.00000e+00 0.00000e+00 
8.67510e+03 1.34174e+01 1.81141e+01 8.07761e+00 9.58588e+00 0.00000e+00 0.00000e+00 
8.68320e+03 1.03673e+01 1.58154e+01 4.36144e+00 8.92912e+00 0.00000e+00 0.00000e+00 
8.69130e+03 1.29104e+01 1.64851e+01 4.37817e+00 6.87640e+00 0.00000e+00 0.00000e+00 
8.69940e+03 6.87925e+00 1.86941e+01 7.62080e+00 1.14785e+01 0.00000e+00 0.00000e+00 
8.70750e+03 1.13740e+01 1.21283e+01 5.52774e+00 6.72503e+00 0.00000e+00 0.00000e+00 
8.71560e+03 1.02294e+01 1.57901e+01 8.37500e+00 5.58066e+00 0.00000e+00 0.00000e+00 
8.72370e+03 7.27839e+00 1.61748e+01 6.06146e+00 6.31332e+00 0.00000e+00 0.00000e+00 
8.73180e+03 9.19142e+00 1.40075e+01 8.86434e+00 8.76454e+00 0.00000e+00 0.00000e+00 
8.73990e+03 7.90315e+00 1.56965e+01 8.63617e+00 7.49518e+00 0.00000e+00 0.00000e+00 
8.74800e+03 5.21898e+00 1.42403e+01 6.03908e+00 7.24326e+00 0.00000e+00 0.00000e+00 
8.75610e+03 1.02468e+01 1.62377e+01 6.43002e+00 1.15654e+01 0.00000e+00 0.00000e+00 
8.76420e+03 1.07279e+01 2.05341e+01 7.16364e+00 1.18922e+01 0.00000e+00 0.00000e+00 
8.77230e+03 8.95257e+00 1.61736e+01 8.75206e+00 8.03788e+00 0.00000e+00 0.00000e+00 
8.78040e+03 9.10674e+00 1.36263e+01 7.84417e+00 1.07704e+01 0.00000e+00 0.00000e+00 
8.78850e+03 1.11334e+01 1.65052e+01 7.27876e+00 7.44274e+00 0.00000e+00 0.00000e+00 
8.79660e+03 1.06212e+01 1.55380e+01 6.76861e+00 8.89066e+00 0.00000e+00 0.00000e+00 
8.80470e+03 9.02868e+00 1.27638e+01 7.12628e+00 1.00842e+01 0.00000e+00 0.00000e+00 
8.81280e+03 9.73497e+00 1.64576e+01 6.55539e+00 7.09863e+00 0.00000e+00 0.00000e+00 
8.82090e+03 8.29809e+00 1.81294e+01 6.82313e+00 8.70882e+00 0.00000e+00 0.00000e+00 
8.82900e+03 7.69878e+00 1.70013e+01 9.27031e+00 1.09836e+01 0.00000e+00 0.00000e+00 
8.83710e+03 1.11947e+01 1.51889e+01 9.21762e+00 6.47958e+00 0.00000e+00 0.00000e+00 
8.84520e+03 6.40446e+00 1.68644e+01 7.30373e+00 8.65756e+00 0.00000e+00 0.00000e+00 
8.85330e+03 5.26475e+00 2.04141e+01 9.56266e+00 1.15283e+01 0.00000e+00 0.00000e+00 
8.86140e+03 6.91328e+00 1.46430e+01 8.46633e+00 9.27554e+00 0.00000e+00 0.00000e+00 
8.86950e+03 5.13560e+00 1.61617e+01 8.06946e+00 8.13719e+00 0.00000e+00 0.00000e+00 
8.87760e+03 6.74593e+00 1.44176e+01 8.80322e+00 8.76440e+00 0.00000e+00 0.00000e+00 
8.88570e+03 2.15257e+00 1.51250e+01 9.87558e+00 1.61647e+01 0.00000e+00 0.00000e+00 
8.89380e+03 3.32714e+00 1.48794e+01 7.97856e+00 1.54963e+01 0.00000e+00 0.00000e+00 
8.90190e+03 6.65419e+00 1.58126e+01 6.75490e+00 1.33972e+01 0.00000e+00 0.00000e+00 
8.91000e+03 9.51328e+00 1.24755e+01 6.12517e+00 1.09357e+01 0.00000e+00 0.00000e+00 
8.91810e+03 5.52349e+00 1.39699e+01 6.45375e+00 1.44027e+01 0.00000e+00 0.00000e+00 
8.92620e+03 7.28229e+00 1.58190e+01 7.77041e+00 1.55708e+01 0.00000e+00 0.00000e+00 
8.93430e+03 5.14995e+00 1.51206e+01 1.12462e+01 1.35506e+01 0.00000e+00 0.00000e+00 
8.94240e+03 4.44948e+00 1.50208e+01 6.57507e+00 1.48239e+01 0.00000e+00 0.00000e+00 
8.95050e+03 4.88300e+00 1.81455e+01 8.19274e+00 1.53639e+01 0.00000e+00 0.00000e+00 
8.95860e+03 7.19399e+00 1.79553e+01 8.64363e+00 1.06537e+01 0.00000e+00 0.00000e+00 
8.96670e+03 7.66104e+00 1.78038e+01 1.24482e+01 1.00881e+01 0.00000e+00 0.00000e+00 
8.97480e+03 1.18284e+01 1.64220e+01 9.93143e+00 1.03949e+01 0.00000e+00 0.00000e+00 
8.98290e+03 8.49776e+00 1.73017e+01 9.95359e+00 1.21466e+01 0.00000e+00 0.00000e+00 
8.99100e+03 1.23077e+01 1.35381e+01 1.26571e+01 1.34072e+01 0.00000e+00 0.00000e+00 
8.99910e+03 1.52553e+01 1.53400e+01 9.95494e+00 1.12604e+01 0.00000e+00 0.00000e+00 
9.00720e+03 1.29462e+01 1.43424e+01 1.11891e+01 8.31289e+00 0.00000e+00 0.00000e+00 
9.01530e+03 1.08030e+01 1.29733e+01 9.09873e+00 1.05702e+01 0.00000e+00 0.00000e+00 
9.02340e+03 1.16363e+01 1.72464e+01 9.67656e+00 8.16510e+00 0.00000e+00 0.00000e+00 
9.03150e+03 1.11926e+01 1.62772e+01 7.54501e+00 1.16817e+01 0.00000e+00 0.00000e+00 
9.03960e+03 6.99296e+00 1.87028e+01 7.01603e+00 1.19198e+01 0.00000e+00 0.00000e+00 
9.04770e+03 7.89476e+00 2.01138e+01 9.35793e+00 1.29336e+01 0.00000e+00 0.00000e+00 
9.05580e+03 5.80782e+00 2.01900e+01 1.18347e+01 1.01962e+01 0.00000e+00 0.00000e+00 
9.06390e+03 8.42447e+00 2.15085e+01 9.73955e+00 1.39250e+01 0.00000e+00 0.00000e+00 
9.07200e+03 7.89966e+00 2.15588e+01 8.07813e+00 9.71434e+00 0.00000e+00 0.00000e+00 
9.08010e+03 1.03658e+01 2.32747e+01 2.69617e+00 9.86145e+00 0.00000e+00 0.00000e+00 
9.08820e+03 9.92774e+00 2.14957e+01 4.28145e+00 8.39878e+00 0.00000e+00 0.00000e+00 
9.09630e+03 7.10991e+00 2.23669e+01 3.78285e+00 6.55527e+00 0.00000e+00 0.00000e+00 
9.10440e+03 6.63217e+00 2.28546e+01 5.83024e+00 5.96595e+00 0.00000e+00 0.00000e+00 
9.11250e+03 8.86280e+00 1.88503e+01 4.20943e+00 7.26917e+00 0.00000e+00 0.00000e+00 
9.12060e+03 8.25464e+00 2.09323e+01 2.31533e+00 5.78019e+00 0.00000e+00 0.00000e+00 
9.12870e+03 8.49636e+00 1.61520e+01 4.22339e+00 1.17240e+01 0.00000e+00 0.00000e+00 
9.13680e+03 5.94338e+00 1.94977e+01 1.80977e+00 1.03022e+01 0.00000e+00 0.00000e+00 
9.14490e+03 8.73704e+00 1.48030e+01 2.32400e+00 1.01894e+01 0.00000e+00 0.00000e+00 
9.15300e+03 9.81850e+00 1.67514e+01 3.01381e-01 1.13003e+01 0.00000e+00 0.00000e+00 
9.16110e+03 9.29546e+00 1.77720e+01 4.67437e+00 1.27109e+01 0.00000e+00 0.00000e+00 
9.16920e+03 6.90459e+00 1.57589e+01 3.28968e+00 1.34198e+01 0.00000e+00 0.00000e+00 
9.17730e+03 7.74859e+00 1.82257e+01 2.84709e+00 1.17162e+01 0.00000e+00 0.00000e+00 
9.18540e+03 6.32254e+00 1.40864e+01 4.07351e+00 1.09818e+01 0.00000e+00 0.00000e+00 
9.19350e+03 7.52906e+00 1.47252e+01 2.61235e+00 8.05731e+00 0.00000e+00 0.00000e+00 
9.20160e+03 7.81770e+00 1.66061e+01 5.49131e+00 8.76251e+00 0.00000e+00 0.00000e+00 
9.20970e+03 1.18037e+01 1.85596e+01 5.66926e+00 8.89361e+00 0.00000e+00 0.00000e+00 
9.21780e+03 1.07900e+01 1.63533e+01 5.33445e+00 7.83727e+00 0.00000e+00 0.00000e+00 
9.22590e+03 8.82929e+00 1.49620e+01 3.76295e+00 6.36545e+00 0.00000e+00 0.00000e+00 
9.23400e+03 8.13184e+00 1.68636e+01 1.18901e+00 4.88022e+00 0.00000e+00 0.00000e+00 
9.24210e+03 1.20092e+01 1.66932e+01 5.18999e+00 4.34414e+00 0.00000e+00 0.00000e+00 
9.25020e+03 1.05751e+01 1.57620e+01 5.40019e+00 6.66984e+00 0.00000e+00 0.00000e+00 
9.25830e+03 7.90204e+00 1.65489e+01 4.99503e+00 5.06145e+00 0.00000e+00 0.00000e+00 
9.26640e+03 4.25529e+00 2.12030e+01 5.09217e+00 6.90490e+00 0.00000e+00 0.00000e+00 
9.27450e+03 5.42822e+00 1.97022e+01 3.62476e+00 4.94273e+00 0.00000e+00 0.00000e+00 
9.28260e+03 8.18487e+00 2.14591e+01 6.42711e+00 6.50408e+00 0.00000e+00 0.00000e+00 
9.29070e+03 9.38936e+00 2.08441e+01 2.40257e+00 4.97198e+00 0.00000e+00 0.00000e+00 
9.29880e+03 9.91778e+00 1.68757e+01 5.01119e+00 3.56595e+00 0.00000e+00 0.00000e+00 
9.30690e+03 1.28942e+01 1.97499e+01 5.41084e+00 5.78735e+00 0.00000e+00 0.00000e+00 
9.31500e+03 9.97324e+00 1.89504e+01 6.92864e+00 6.30798e+00 0.00000e+00 0.00000e+00 
9.32310e+03 1.17091e+01 1.71398e+01 5.69056e+00 8.10879e+00 0.00000e+00 0.00000e+00 
9.33120e+03 1.27972e+01 1.81689e+01 3.86682e+00 4.68945e+00 0.00000e+00 0.00000e+00 
9.33930e+03 8.78005e+00 1.74480e+01 4.67567e+00 7.49496e+00 0.00000e+00 0.00000e+00 
9.34740e+03 1.04564e+01 1.74073e+01 4.72508e+00 8.35385e+00 0.00000e+00 0.00000e+00 
9.35550e+03 1.14139e+01 2.05287e+01 4.49337e+00 4.42705e+00 0.00000e+00 0.00000e+00 
9.36360e+03 9.13287e+00 2.19230e+01 5.97490e+00 6.04530e+00 0.00000e+00 0.00000e+00 
9.37170e+03 8.86362e+00 2.05685e+01 7.39643e+00 6.50990e+00 0.00000e+00 0.00000e+00 
9.37980e+03 1.23873e+01 1.85761e+01 5.72549e+00 8.20057e+00 0.00000e+00 0.00000e+00 
9.38790e+03 9.29544e+00 2.26024e+01 7.16298e+00 7.18570e+00 0.00000e+00 0.00000e+00 
9.39600e+03 1.13053e+01 2.02397e+01 7.90211e+00 7.46738e+00 0.00000e+00 0.00000e+00 
9.40410e+03 1.03191e+01 1.55095e+01 8.63383e+00 7.54097e+00 0.00000e+00 0.00000e+00 
9.41220e+03 1.06966e+01 1.55800e+01 7.03231e+00 5.45093e+00 0.00000e+00 0.00000e+00 
9.42030e+03 1.00020e+01 1.24605e+01 4.10032e+00 7.32448e+00 0.00000e+00 0.00000e+00 
9.42840e+03 7.62430e+00 1.38717e+01 8.84592e+00 4.54102e+00 0.00000e+00 0.00000e+00 
9.43650e+03 1.01909e+01 1.54548e+01 8.62601e+00 3.06800e+00 0.00000e+00 0.00000e+00 
9.44460e+03 8.11354e+00 1.73374e+01 6.04427e+00 3.42155e+00 0.00000e+00 0.00000e+00 
9.45270e+03 6.46662e+00 1.60948e+01 7.54326e+00 6.80512e+00 0.00000e+00 0.00000e+00 
9.46080e+03 8.82422e+00 1.46875e+01 1.31813e+01 8.97464e+00 0.00000e+00 0.00000e+00 
9.46890e+03 1.00993e+01 1.71167e+01 9.16983e+00 7.14603e+00 0.00000e+00 0.00000e+00 
9.47700e+03 7.48717e+00 2.40613e+01 7.81268e+00 5.20637e+00 0.00000e+00 0.00000e+00 
9.48510e+03 4.92519e+00 1.77863e+01 8.23263e+00 6.39525e+00 0.00000e+00 0.00000e+00 
9.49320e+03 5.76541e+00 1.57122e+01 5.90160e+00 5.91958e+00 0.00000e+00 0.00000e+00 
9.50130e+03 7.88924e+00 1.61975e+01 7.28532e+00 6.22370e+00 0.00000e+00 0.00000e+00 
9.50940e+03 1.12468e+01 1.98324e+01 6.34001e+00 7.92187e+00 0.00000e+00 0.00000e+00 
9.51750e+03 8.73983e+00 2.05767e+01 5.36310e+00 7.45204e+00 0.00000e+00 0.00000e+00 
9.52560e+03 8.94804e+00 2.27263e+01 9.30080e+00 4.58660e+00 0.00000e+00 0.00000e+00 
9.53370e+03 8.33324e+00 2.52668e+01 1.00984e+01 5.13972e+00 0.00000e+00 0.00000e+00 
9.54180e+03 5.38161e+00 2.22622e+01 8.40277e+00 3.70969e+00 0.00000e+00 0.00000e+00 
9.54990e+03 9.42353e+00 2.35992e+01 1.15470e+01 6.70289e+00 0.00000e+00 0.00000e+00 
9.55800e+03 7.89283e+00 2.38523e+01 7.35112e+00 2.99732e+00 0.00000e+00 0.00000e+00 
9.56610e+03 4.88301e+00 1.79203e+01 7.81616e+00 7.80842e+00 0.00000e+00 0.00000e+00 
9.57420e+03 2.53268e+00 1.90038e+01 8.48977e+00 6.71205e+00 0.00000e+00 0.00000e+00 
9.58230e+03 5.65307e+00 2.03690e+01 7.98965e+00 6.18271e+00 0.00000e+00 0.00000e+00 
9.59040e+03 4.58030e+00 1.46174e+01 1.15929e+01 6.38009e+00 0.00000e+00 0.00000e+00 
9.59850e+03 4.87817e+00 1.50162e+01 1.01736e+01 6.52449e+00 0.00000e+00 0.00000e+00 
9.60660e+03 4.72304e+00 1.45627e+01 9.96616e+00 4.31331e+00 0.00000e+00 0.00000e+00 
9.61470e+03 2.22975e+00 1.31253e+01 9.15364e+00 1.90638e+00 0.00000e+00 0.00000e+00 
9.62280e+03 3.50134e+00 1.60763e+01 6.03685e+00 5.85186e+00 0.00000e+00 0.00000e+00 
9.63090e+03 2.85729e+00 1.82031e+01 8.03985e+00 5.21265e+00 0.00000e+00 0.00000e+00 
9.63900e+03 3.36733e+00 1.84618e+01 1.02215e+01 5.70336e+00 0.00000e+00 0.00000e+00 
9.64710e+03 5.11395e+00 1.72454e+01 8.68975e+00 4.36113e+00 0.00000e+00 0.00000e+00 
9.65520e+03 4.37588e+00 1.44838e+01 1.14975e+01 2.74959e+00 0.00000e+00 0.00000e+00 
9.66330e+03 8.51979e+00 1.66762e+01 1.28915e+01 3.59811e+00 0.00000e+00 0.00000e+00 
9.67140e+03 9.78498e+00 1.48586e+01 8.46369e+00 1.69839e+00 0.00000e+00 0.00000e+00 
9.67950e+03 1.13734e+01 1.86906e+01 1.01154e+01 5.61871e+00 0.00000e+00 0.00000e+00 
9.68760e+03 6.59336e+00 1.41352e+01 9.66033e+00 2.54251e+00 0.00000e+00 0.00000e+00 
9.69570e+03 7.16081e+00 1.69395e+01 8.44292e+00 4.98885e+00 0.00000e+00 0.00000e+00 
9.70380e+03 8.93151e+00 1.29044e+01 6.67471e+00 2.15409e+00 0.00000e+00 0.00000e+00 
9.71190e+03 1.14949e+01 1.26808e+01 7.36169e+00 5.85551e+00 0.00000e+00 0.00000e+00 
9.72000e+03 6.22567e+00 1.30811e+01 6.24620e+00 5.94696e+00 0.00000e+00 0.00000e+00 
9.72810e+03 9.93958e+00 9.56542e+00 4.85964e+00 7.50138e+00 0.00000e+00 0.00000e+00 
9.73620e+03 8.63413e+00 1.42942e+01 3.28861e+00 9.01862e+00 0.00000e+00 0.00000e+00 
9.74430e+03 1.01075e+01 1.52238e+01 4.56902e+00 7.73630e+00 0.00000e+00 0.00000e+00 
9.75240e+03 9.32188e+00 1.48610e+01 5.26079e+00 7.13212e+00 0.00000e+00 0.00000e+00 
9.76050e+03 4.89937e+00 1.50606e+01 4.05376e+00 8.90857e+00 0.00000e+00 0.00000e+00 
9.76860e+03 9.60539e+00 1.46402e+01 4.10103e+00 1.02508e+01 0.00000e+00 0.00000e+00 
9.77670e+03 7.30954e+00 1.68729e+01 6.00396e+00 8.65951e+00 0.00000e+00 0.00000e+00 
9.78480e+03 1.06269e+01 1.45099e+01 6.88467e+00 5.90098e+00 0.00000e+00 0.00000e+00 
9.79290e+03 8.59267e+00 1.51892e+01 4.82910e+00 4.19141e+00 0.00000e+00 0.00000e+00 
9.80100e+03 7.97768e+00 1.39970e+01 6.68489e+00 9.91338e+00 0.00000e+00 0.00000e+00 
9.80910e+03 8.80458e+00 1.42405e+01 5.35831e+00 4.77452e+00 0.00000e+00 0.00000e+00 
9.81720e+03 7.95392e+00 1.31591e+01 6.78680e+00 3.51100e+00 0.00000e+00 0.00000e+00 
9.82530e+03 7.61421e+00 1.46129e+01 7.88588e+00 6.09293e+00 0.00000e+00 0.00000e+00 
9.83340e+03 7.90155e+00 1.29152e+01 4.66789e+00 1.08852e+01 0.00000e+00 0.00000e+00 
9.84150e+03 1.01641e+01 8.84970e+00 5.68295e+00 1.07394e+01 0.00000e+00 0.00000e+00 
9.84960e+03 1.15464e+01 1.58594e+01 4.47998e+00 1.00344e+01 0.00000e+00 0.00000e+00 
9.85770e+03 8.90474e+00 1.54364e+01 7.71915e+00 1.10372e+01 0.00000e+00 0.00000e+00 
9.86580e+03 1.32600e+01 1.44145e+01 9.60784e+00 1.00777e+01 0.00000e+00 0.00000e+00 
9.87390e+03 9.31336e+00 1.36600e+01 5.76961e+00 8.37913e+00 0.00000e+00 0.00000e+00 
9.88200e+03 5.38818e+00 1.19804e+01 6.92962e+00 5.72108e+00 0.00000e+00 0.00000e+00 
9.89010e+03 4.97404e+00 1.41188e+01 5.14255e+00 9.02972e+00 0.00000e+00 0.00000e+00 
9.89820e+03 3.95375e+00 1.49370e+01 6.53450e+00 9.66803e+00 0.00000e+00 0.00000e+00 
9.90630e+03 3.08081e+00 1.44837e+01 9.43175e+00 8.24752e+00 0.00000e+00 0.00000e+00 
9.91440e+03 5.97790e+00 1.60929e+01 7.38973e+00 9.19524e+00 0.00000e+00 0.00000e+00 
9.92250e+03 7.28378e+00 1.56214e+01 6.99111e+00 7.81889e+00 0.00000e+00 0.00000e+00 
9.93060e+03 7.03813e+00 1.04062e+01 3.97909e+00 1.06259e+01 0.00000e+00 0.00000e+00 
9.93870e+03 8.04511e+00 1.54557e+01 6.74024e+00 8.38990e+00 0.00000e+00 0.00000e+00 
9.94680e+03 6.69018e+00 1.36223e+01 5.66793e+00 9.16955e+00 0.00000e+00 0.00000e+00 
9.95490e+03 6.75017e+00 1.46390e+01 5.00122e+00 8.69121e+00 0.00000e+00 0.00000e+00 
9.96300e+03 8.84771e+00 1.85138e+01 5.93904e+00 5.59914e+00 0.00000e+00 0.00000e+00 
9.97110e+03 7.51952e+00 1.61629e+01 5.63118e+00 7.25244e+00 0.00000e+00 0.00000e+00 
9.97920e+03 5.83803e+00 1.68149e+01 5.87180e+00 6.38168e+00 0.00000e+00 0.00000e+00 
9.98730e+03 5.36559e+00 1.82179e+01 7.41975e+00 6.25137e+00 0.00000e+00 0.00000e+00 
9.99540e+03 5.62124e+00 1.50553e+01 8.19956e+00 8.96520e+00 0.00000e+00 0.00000e+00 
1.00035e+04 6.55370e+00 1.63601e+01 1.22761e+01 9.75839e+00 0.00000e+00 0.00000e+00 
1.00116e+04 8.53678e+00 1.76251e+01 8.73646e+00 8.97198e+00 0.00000e+00 0.00000e+00 
1.00197e+04 1.50444e+01 1.68556e+01 9.97597e+00 9.15199e+00 0.00000e+00 0.00000e+00 
1.00278e+04 1.24836e+01 1.48005e+01 1.12317e+01 1.18710e+01 0.00000e+00 0.00000e+00 
1.00359e+04 1.15447e+01 1.60858e+01 1.00665e+01 1.19615e+01 0.00000e+00 0.00000e+00 
1.00440e+04 1.25453e+01 1.79289e+01 1.06385e+01 1.12814e+01 0.00000e+00 0.00000e+00 
1.00521e+04 1.12561e+01 1.72193e+01 9.64379e+00 1.20205e+01 0.00000e+00 0.00000e+00 
1.00602e+04 1.24131e+01 2.04789e+01 8.50128e+00 1.09526e+01 0.00000e+00 0.00000e+00 
1.00683e+04 1.14596e+01 2.03647e+01 1.12181e+01 8.45774e+00 0.00000e+00 0.00000e+00 
1.00764e+04 1.37014e+01 2.28633e+01 1.42808e+01 9.57221e+00 0.00000e+00 0.00000e+00 
1.00845e+04 1.27569e+01 1.91722e+01 1.20928e+01 9.28321e+00 0.00000e+00 0.00000e+00 
1.00926e+04 1.27735e+01 2.15529e+01 1.11691e+01 8.18970e+00 0.00000e+00 0.00000e+00 
1.01007e+04 9.38719e+00 1.92532e+01 1.29567e+01 7.37776e+00 0.00000e+00 0.00000e+00 
1.01088e+04 1.26429e+01 1.36408e+01 1.11901e+01 1.00305e+01 0.00000e+00 0.00000e+00 
1.01169e+04 7.50199e+00 1.29999e+01 1.34432e+01 9.29279e+00 0.00000e+00 0.00000e+00 
1.01250e+04 8.70344e+00 1.43671e+01 1.23470e+01 1.15333e+01 0.00000e+00 0.00000e+00 
1.01331e+04 1.11466e+01 1.45418e+01 1.29669e+01 1.01098e+01 0.00000e+00 0.00000e+00 
1.01412e+04 1.03456e+01 1.59858e+01 1.35870e+01 1.15028e+01 0.00000e+00 0.00000e+00 
1.01493e+04 1.00747e+01 1.49470e+01 1.16415e+01 9.31795e+00 0.00000e+00 0.00000e+00 
1.01574e+04 9.21123e+00 1.62881e+01 1.29720e+01 7.47053e+00 0.00000e+00 0.00000e+00 
1.01655e+04 9.67982e+00 1.77393e+01 1.50950e+01 8.50735e+00 0.00000e+00 0.00000e+00 
1.01736e+04 1.35737e+01 1.37165e+01 1.49775e+01 3.88902e+00 0.00000e+00 0.00000e+00 
1.01817e+04 1.54985e+01 1.70227e+01 1.45801e+01 7.48904e+00 0.00000e+00 0.00000e+00 
1.01898e+04 1.11124e+01 1.36456e+01 1.42741e+01 9.81439e+00 0.00000e+00 0.00000e+00 
1.01979e+04 1.25757e+01 1.47756e+01 1.61100e+01 5.35817e+00 0.00000e+00 0.00000e+00 
1.02060e+04 1.11930e+01 1.54886e+01 1.89233e+01 6.99884e+00 0.00000e+00 0.00000e+00 
1.02141e+04 1.16226e+01 1.55043e+01 1.81537e+01 9.75666e+00 0.00000e+00 0.00000e+00 
1.02222e+04 1.17448e+01 1.64573e+01 1.41424e+01 1.12698e+01 0.00000e+00 0.00000e+00 
1.02303e+04 1.28265e+01 1.20555e+01 1.71736e+01 8.83645e+00 0.00000e+00 0.00000e+00 
1.02384e+04 1.09197e+01 1.16519e+01 2.06001e+01 1.39243e+01 0.00000e+00 0.00000e+00 
1.02465e+04 1.28302e+01 8.54599e+00 1.55042e+01 1.12933e+01 0.00000e+00 0.00000e+00 
1.02546e+04 1.27720e+01 1.30450e+01 1.77214e+01 1.20345e+01 0.00000e+00 0.00000e+00 
1.02627e+04 9.20778e+00 1.12333e+01 1.80954e+01 1.38854e+01 0.00000e+00 0.00000e+00 
1.02708e+04 8.77650e+00 1.16110e+01 1.75842e+01 1.16709e+01 0.00000e+00 0.00000e+00 
1.02789e+04 9.89976e+00 1.40606e+01 1.77816e+01 1.23273e+01 0.00000e+00 0.00000e+00 
1.02870e+04 9.99875e+00 1.29542e+01 1.51237e+01 1.18018e+01 0.00000e+00 0.00000e+00 
1.02951e+04 6.80643e+00 9.75318e+00 1.42487e+01 1.22383e+01 0.00000e+00 0.00000e+00 
1.03032e+04 5.78647e+00 1.02427e+01 1.37711e+01 1.25505e+01 0.00000e+00 0.00000e+00 
1.03113e+04 1.10911e+01 1.50567e+01 1.44728e+01 1.40693e+01 0.00000e+00 0.00000e+00 
1.03194e+04 1.14482e+01 1.18301e+01 1.38734e+01 1.35757e+01 0.00000e+00 0.00000e+00 
1.03275e+04 6.00909e+00 1.35358e+01 1.38139e+01 1.47734e+01 0.00000e+00 0.00000e+00 
1.03356e+04 6.40465e+00 1.18692e+01 1.53015e+01 1.53281e+01 0.00000e+00 0.00000e+00 
1.03437e+04 7.68610e+00 1.06085e+01 1.54604e+01 1.71344e+01 0.00000e+00 0.00000e+00 
1.03518e+04 9.45061e+00 1.28043e+01 1.30374e+01 1.33633e+01 0.00000e+00 0.00000e+00 
1.03599e+04 1.00974e+01 1.53073e+01 1.40474e+01 1.49889e+01 0.00000e+00 0.00000e+00 
1.03680e+04 7.50188e+00 1.29589e+01 1.68859e+01 1.38996e+01 0.00000e+00 0.00000e+00 
1.03761e+04 8.17665e+00 1.49207e+01 1.39138e+01 1.40487e+01 0.00000e+00 0.00000e+00 
1.03842e+04 1.07648e+01 1.33219e+01 1.33002e+01 1.73413e+01 0.00000e+00 0.00000e+00 
1.03923e+04 1.29354e+01 1.56260e+01 1.37426e+01 1.62349e+01 0.00000e+00 0.00000e+00 
1.04004e+04 7.56744e+00 1.84867e+01 1.54892e+01 1.70024e+01 0.00000e+00 0.00000e+00 
1.04085e+04 4.82432e+00 1.55831e+01 1.27009e+01 1.56205e+01 0.00000e+00 0.00000e+00 
1.04166e+04 6.83610e+00 1.39566e+01 1.11363e+01 1.75276e+01 0.00000e+00 0.00000e+00 
1.04247e+04 4.80863e+00 1.31265e+01 1.15670e+01 1.63584e+01 0.00000e+00 0.00000e+00 
1.04328e+04 7.53483e+00 1.49881e+01 1.17751e+01 1.28871e+01 0.00000e+00 0.00000e+00 
1.04409e+04 5.16294e+00 1.46069e+01 1.02879e+01 1.55163e+01 0.00000e+00 0.00000e+00 
1.04490e+04 3.59440e+00 1.50901e+01 8.60672e+00 1.39630e+01 0.00000e+00 0.00000e+00 
1.04571e+04 5.87260e+00 1.56035e+01 1.15458e+01 1.26030e+01 0.00000e+00 0.00000e+00 
1.04652e+04 7.05603e+00 1.28119e+01 1.38455e+01 1.16296e+01 0.00000e+00 0.00000e+00 
1.04733e+04 4.56394e+00 1.48096e+01 1.22790e+01 1.47647e+01 0.00000e+00 0.00000e+00 
1.04814e+04 4.55639e+00 1.57761e+01 1.33883e+01 1.48482e+01 0.00000e+00 0.00000e+00 
1.04895e+04 8.90753e+00 9.77989e+00 1.59231e+01 1.74258e+01 0.00000e+00 0.00000e+00 
1.04976e+04 8.27962e+00 1.15738e+01 1.37116e+01 1.80496e+01 0.00000e+00 0.00000e+00 
1.05057e+04 7.59566e+00 1.10453e+01 1.57215e+01 1.39538e+01 0.00000e+00 0.00000e+00 
1.05138e+04 8.43252e+00 1.23870e+01 1.44478e+01 1.39790e+01 0.00000e+00 0.00000e+00 
1.05219e+04 1.08618e+01 1.27672e+01 1.45233e+01 1.44022e+01 0.00000e+00 0.00000e+00 
1.05300e+04 7.99467e+00 1.20477e+01 1.31700e+01 1.40575e+01 0.00000e+00 0.00000e+00 
1.05381e+04 1.05740e+01 1.38121e+01 1.51223e+01 1.51347e+01 0.00000e+00 0.00000e+00 
1.05462e+04 9.89958e+00 1.26053e+01 1.56199e+01 1.65393e+01 0.00000e+00 0.00000e+00 
1.05543e+04 1.24280e+01 1.25933e+01 1.88847e+01 1.31932e+01 0.00000e+00 0.00000e+00 
1.05624e+04 9.07194e+00 1.42332e+01 1.51556e+01 1.33572e+01 0.00000e+00 0.00000e+00 
1.05705e+04 6.13361e+00 1.30047e+01 1.50671e+01 1.39770e+01 0.00000e+00 0.00000e+00 
1.05786e+04 8.62082e+00 8.90115e+00 1.55932e+01 1.39016e+01 0.00000e+00 0.00000e+00 
1.05867e+04 1.18083e+01 8.18699e+00 1.77551e+01 1.62652e+01 0.00000e+00 0.00000e+00 
1.05948e+04 9.56177e+00 6.25904e+00 1.68662e+01 1.34638e+01 0.00000e+00 0.00000e+00 
1.06029e+04 9.05872e+00 5.40227e+00 1.35752e+01 1.30865e+01 0.00000e+00 0.00000e+00 
1.06110e+04 1.30368e+01 6.89040e+00 1.54582e+01 1.23571e+01 0.00000e+00 0.00000e+00 
1.06191e+04 1.33463e+01 9.14384e+00 1.80974e+01 1.59264e+01 0.00000e+00 0.00000e+00 
1.06272e+04 9.41864e+00 5.24617e+00 1.89536e+01 1.61189e+01 0.00000e+00 0.00000e+00 
1.06353e+04 1.11651e+01 3.90734e+00 1.68455e+01 1.08693e+01 0.00000e+00 0.00000e+00 
1.06434e+04 1.17708e+01 6.88495e+00 1.73124e+01 1.73314e+01 0.00000e+00 0.00000e+00 
1.06515e+04 1.01925e+01 7.72459e+00 1.36488e+01 1.32905e+01 0.00000e+00 0.00000e+00 
1.06596e+04 9.38177e+00 6.78689e+00 1.36169e+01 1.46170e+01 0.00000e+00 0.00000e+00 
1.06677e+04 7.00558e+00 8.52773e+00 1.43819e+01 1.17081e+01 0.00000e+00 0.00000e+00 
1.06758e+04 8.01206e+00 6.06252e+00 1.62048e+01 1.26849e+01 0.00000e+00 0.00000e+00 
1.06839e+04 8.33991e+00 4.93787e+00 1.49082e+01 1.10270e+01 0.00000e+00 0.00000e+00 
1.06920e+04 1.00503e+01 5.59575e+00 1.76246e+01 1.09921e+01 0.00000e+00 0.00000e+00 
1.07001e+04 9.38963e+00 6.22105e+00 1.37543e+01 1.28614e+01 0.00000e+00 0.00000e+00 
1.07082e+04 8.09813e+00 6.84657e+00 1.79954e+01 1.29784e+01 0.00000e+00 0.00000e+00 
1.07163e+04 1.17232e+01 9.00219e+00 1.90830e+01 1.32621e+01 0.00000e+00 0.00000e+00 
1.07244e+04 1.40359e+01 8.88779e+00 1.71070e+01 1.41149e+01 0.00000e+00 0.00000e+00 
1.07325e+04 9.09941e+00 1.03291e+01 1.57291e+01 1.32836e+01 0.00000e+00 0.00000e+00 
1.07406e+04 1.06908e+01 7.96532e+00 1.84448e+01 1.01531e+01 0.00000e+00 0.00000e+00 
1.07487e+04 1.25276e+01 1.00696e+01 1.59460e+01 1.26416e+01 0.00000e+00 0.00000e+00 
1.07568e+04 1.21075e+01 8.06383e+00 1.69214e+01 1.15478e+01 0.00000e+00 0.00000e+00 
1.07649e+04 1.61580e+01 1.08084e+01 1.51419e+01 1.16757e+01 0.00000e+00 0.00000e+00 
1.07730e+04 1.52713e+01 1.11528e+01 1.68882e+01 1.33216e+01 0.00000e+00 0.00000e+00 
1.07811e+04 1.43122e+01 1.02901e+01 1.72998e+01 1.13109e+01 0.00000e+00 0.00000e+00 
1.07892e+04 1.48831e+01 1.27133e+01 1.62721e+01 9.81185e+00 0.00000e+00 0.00000e+00 
1.07973e+04 1.31497e+01 8.14705e+00 1.05910e+01 1.37864e+01 0.00000e+00 0.00000e+00 
1.08054e+04 1.19694e+01 7.39022e+00 1.07957e+01 1.18921e+01 0.00000e+00 0.00000e+00 
1.08135e+04 9.72334e+00 8.36819e+00 1.23497e+01 1.24613e+01 0.00000e+00 0.00000e+00 
1.08216e+04 8.15360e+00 9.47631e+00 1.39606e+01 1.35109e+01 0.00000e+00 0.00000e+00 
1.08297e+04 6.74199e+00 7.79352e+00 1.66008e+01 1.41737e+01 0.00000e+00 0.00000e+00 
1.08378e+04 6.85557e+00 6.03776e+00 1.42987e+01 9.06921e+00 0.00000e+00 0.00000e+00 
1.08459e+04 8.60510e+00 7.25598e+00 1.35802e+01 1.21159e+01 0.00000e+00 0.00000e+00 
1.08540e+04 6.67177e+00 8.02797e+00 1.17535e+01 1.19908e+01 0.00000e+00 0.00000e+00 
1.08621e+04 6.30766e+00 9.21615e+00 1.37160e+01 1.20614e+01 0.00000e+00 0.00000e+00 
1.08702e+04 7.77539e+00 1.10480e+01 1.45859e+01 1.07383e+01 0.00000e+00 0.00000e+00 
1.08783e+04 1.38845e+01 9.85406e+00 1.21162e+01 8.33856e+00 0.00000e+00 0.00000e+00 
1.08864e+04 1.26804e+01 9.88558e+00 1.41678e+01 9.84733e+00 0.00000e+00 0.00000e+00 
1.08945e+04 1.14311e+01 1.11733e+01 1.49937e+01 1.15289e+01 0.00000e+00 0.00000e+00 
1.09026e+04 1.09258e+01 8.34749e+00 1.57648e+01 1.37911e+01 0.00000e+00 0.00000e+00 
1.09107e+04 8.66502e+00 9.48398e+00 1.36583e+01 1.26418e+01 0.00000e+00 0.00000e+00 
1.09188e+04 1.02928e+01 1.46443e+01 1.93008e+01 9.47394e+00 0.00000e+00 0.00000e+00 
1.09269e+04 1.04732e+01 1.08229e+01 1.70198e+01 8.49984e+00 0.00000e+00 0.00000e+00 
1.09350e+04 8.36019e+00 1.00250e+01 1.71086e+01 7.18646e+00 0.00000e+00 0.00000e+00 
1.09431e+04 1.04607e+01 1.03103e+01 1.46510e+01 8.38801e+00 0.00000e+00 0.00000e+00 
1.09512e+04 9.18560e+00 7.48359e+00 1.61495e+01 5.88173e+00 0.00000e+00 0.00000e+00 
1.09593e+04 9.06607e+00 1.06327e+01 1.40397e+01 6.97456e+00 0.00000e+00 0.00000e+00 
1.09674e+04 1.00328e+01 7.63894e+00 1.45893e+01 7.74472e+00 0.00000e+00 0.00000e+00 
1.09755e+04 1.06769e+01 7.29926e+00 1.46716e+01 6.90754e+00 0.00000e+00 0.00000e+00 
1.09836e+04 1.31292e+01 5.90860e+00 1.59549e+01 6.43028e+00 0.00000e+00 0.00000e+00 
1.09917e+04 1.62086e+01 5.94483e+00 1.54994e+01 7.07079e+00 0.00000e+00 0.00000e+00 
1.09998e+04 1.38517e+01 7.49637e+00 1.67288e+01 1.03869e+01 0.00000e+00 0.00000e+00 
1.10079e+04 1.48282e+01 5.04381e+00 1.31886e+01 9.18161e+00 0.00000e+00 0.00000e+00 
1.10160e+04 1.50129e+01 6.83662e+00 1.46342e+01 1.03118e+01 0.00000e+00 0.00000e+00 
1.10241e+04 1.32413e+01 9.77279e+00 1.51641e+01 6.97174e+00 0.00000e+00 0.00000e+00 
1.10322e+04 1.33415e+01 8.38736e+00 1.59756e+01 9.34465e+00 0.00000e+00 0.00000e+00 
1.10403e+04 1.64353e+01 1.17289e+01 1.41376e+01 8.38927e+00 0.00000e+00 0.00000e+00 
1.10484e+04 1.36267e+01 1.05059e+01 1.48475e+01 8.09683e+00 0.00000e+00 0.00000e+00 
1.10565e+04 1.16019e+01 1.07059e+01 1.22253e+01 5.45753e+00 0.00000e+00 0.00000e+00 
1.10646e+04 1.15768e+01 1.21563e+01 1.18096e+01 8.81877e+00 0.00000e+00 0.00000e+00 
1.10727e+04 1.20556e+01 9.09480e+00 1.41388e+01 1.00002e+01 0.00000e+00 0.00000e+00 
1.10808e+04 1.28591e+01 9.51907e+00 1.43685e+01 8.46177e+00 0.00000e+00 0.00000e+00 
1.10889e+04 1.42058e+01 8.96912e+00 1.19357e+01 7.58360e+00 0.00000e+00 0.00000e+00 
1.10970e+04 1.21935e+01 1.17206e+01 1.11254e+01 6.61202e+00 0.00000e+00 0.00000e+00 
1.11051e+04 9.97893e+00 1.36014e+01 1.15051e+01 9.19685e+00 0.00000e+00 0.00000e+00 
1.11132e+04 8.75426e+00 1.29539e+01 1.42097e+01 9.85074e+00 0.00000e+00 0.00000e+00 
1.11213e+04 9.10676e+00 1.13338e+01 8.82366e+00 1.10776e+01 0.00000e+00 0.00000e+00 
1.11294e+04 6.70648e+00 1.00836e+01 1.12351e+01 9.16567e+00 0.00000e+00 0.00000e+00 
1.11375e+04 6.23673e+00 8.83705e+00 9.80144e+00 9.58069e+00 0.00000e+00 0.00000e+00 
1.11456e+04 7.90539e+00 8.84670e+00 1.16199e+01 1.11288e+01 0.00000e+00 0.00000e+00 
1.11537e+04 6.91557e+00 8.98916e+00 7.62637e+00 1.19916e+01 0.00000e+00 0.00000e+00 
1.11618e+04 9.13232e+00 6.92432e+00 8.29245e+00 1.59192e+01 0.00000e+00 0.00000e+00 
1.11699e+04 1.14218e+01 6.67157e+00 7.92106e+00 1.69653e+01 0.00000e+00 0.00000e+00 
1.11780e+04 7.35456e+00 7.91184e+00 8.27233e+00 1.65042e+01 0.00000e+00 0.00000e+00 
1.11861e+04 1.01592e+01 1.06709e+01 9.44402e+00 1.76988e+01 0.00000e+00 0.00000e+00 
1.11942e+04 8.23980e+00 1.17801e+01 7.32167e+00 1.65420e+01 0.00000e+00 0.00000e+00 
1.12023e+04 8.45704e+00 7.82074e+00 7.99099e+00 1.69476e+01 0.00000e+00 0.00000e+00 
1.12104e+04 8.09404e+00 6.37027e+00 9.09449e+00 1.72467e+01 0.00000e+00 0.00000e+00 
1.12185e+04 7.19915e+00 7.83086e+00 1.04522e+01 2.08475e+01 0.00000e+00 0.00000e+00 
1.12266e+04 5.56553e+00 1.08459e+01 1.11417e+01 1.84476e+01 0.00000e+00 0.00000e+00 
1.12347e+04 4.53302e+00 1.20913e+01 1.30828e+01 1.73954e+01 0.00000e+00 0.00000e+00 
1.12428e+04 7.07648e+00 6.91792e+00 1.37284e+01 1.72941e+01 0.00000e+00 0.00000e+00 
1.12509e+04 7.80781e+00 7.94820e+00 1.19466e+01 1.51843e+01 0.00000e+00 0.00000e+00 
1.12590e+04 8.68658e+00 6.25902e+00 1.41685e+01 1.51113e+01 0.00000e+00 0.00000e+00 
1.12671e+04 6.58304e+00 7.72000e+00 1.41630e+01 1.90448e+01 0.00000e+00 0.00000e+00 
1.12752e+04 5.38844e+00 6.93107e+00 1.21305e+01 1.55085e+01 0.00000e+00 0.00000e+00 
1.12833e+04 9.83086e+00 6.38511e+00 1.13202e+01 1.61465e+01 0.00000e+00 0.00000e+00 
1.12914e+04 7.03934e+00 9.22179e+00 1.23542e+01 1.47133e+01 0.00000e+00 0.00000e+00 
1.12995e+04 5.53496e+00 8.41863e+00 6.70412e+00 1.28318e+01 0.00000e+00 0.00000e+00 
1.13076e+04 4.20149e+00 5.58102e+00 9.57743e+00 1.22012e+01 0.00000e+00 0.00000e+00 
1.13157e+04 3.86418e+00 5.00328e+00 1.22116e+01 1.24400e+01 0.00000e+00 0.00000e+00 
1.13238e+04 4.65737e+00 7.99192e+00 1.02124e+01 1.49380e+01 0.00000e+00 0.00000e+00 
1.13319e+04 5.63341e+00 5.05376e+00 1.04843e+01 1.33775e+01 0.00000e+00 0.00000e+00 
1.13400e+04 6.94693e+00 9.57888e+00 9.07267e+00 1.00333e+01 0.00000e+00 0.00000e+00 
1.13481e+04 3.82986e+00 5.39204e+00 1.22084e+01 1.31832e+01 0.00000e+00 0.00000e+00 
1.13562e+04 4.70229e+00 6.33912e+00 9.65041e+00 1.11708e+01 0.00000e+00 0.00000e+00 
1.13643e+04 4.16814e+00 4.90177e+00 1.08558e+01 1.18548e+01 0.00000e+00 0.00000e+00 
1.13724e+04 4.94522e+00 6.27312e+00 8.12729e+00 1.09694e+01 0.00000e+00 0.00000e+00 
1.13805e+04 3.43538e+00 5.82175e+00 8.16473e+00 1.30920e+01 0.00000e+00 0.00000e+00 
1.13886e+04 1.79726e+00 5.14304e+00 7.56917e+00 9.19902e+00 0.00000e+00 0.00000e+00 
1.13967e+04 6.72094e+00 3.42360e+00 8.35151e+00 8.75651e+00 0.00000e+00 0.00000e+00 
1.14048e+04 6.94847e+00 4.80428e+00 8.66993e+00 9.30861e+00 0.00000e+00 0.00000e+00 
1.14129e+04 8.45076e+00 3.27497e+00 1.08279e+01 9.57952e+00 0.00000e+00 0.00000e+00 
1.14210e+04 3.12735e+00 7.75382e+00 1.19832e+01 8.82892e+00 0.00000e+00 0.00000e+00 
1.14291e+04 2.64739e+00 4.01713e+00 1.27063e+01 1.13761e+01 0.00000e+00 0.00000e+00 
1.14372e+04 5.68743e+00 4.63399e+00 1.04897e+01 1.25265e+01 0.00000e+00 0.00000e+00 
1.14453e+04 9.14917e-01 4.25954e+00 1.18980e+01 1.10524e+01 0.00000e+00 0.00000e+00 
1.14534e+04 5.53583e+00 5.65090e+00 8.63880e+00 8.73762e+00 0.00000e+00 0.00000e+00 
1.14615e+04 5.41867e+00 6.82731e+00 6.05484e+00 7.82331e+00 0.00000e+00 0.00000e+00 
1.14696e+04 5.37010e+00 8.13468e+00 6.71152e+00 8.58985e+00 0.00000e+00 0.00000e+00 
1.14777e+04 6.20197e+00 1.02764e+01 7.64321e+00 1.00460e+01 0.00000e+00 0.00000e+00 
1.14858e+04 7.86284e+00 1.21870e+01 9.48742e+00 1.13700e+01 0.00000e+00 0.00000e+00 
1.14939e+04 8.78597e+00 8.95714e+00 6.93233e+00 6.77730e+00 0.00000e+00 0.00000e+00 
1.15020e+04 9.55314e+00 1.05516e+01 1.02420e+01 9.55540e+00 0.00000e+00 0.00000e+00 
1.15101e+04 1.01797e+01 1.08123e+01 1.13143e+01 6.52509e+00 0.00000e+00 0.00000e+00 
1.15182e+04 7.62872e+00 9.68223e+00 5.85884e+00 9.28154e+00 0.00000e+00 0.00000e+00 
1.15263e+04 7.59350e+00 7.18386e+00 7.28085e+00 5.20859e+00 0.00000e+00 0.00000e+00 
1.15344e+04 6.74163e+00 7.80363e+00 1.12188e+01 4.42315e+00 0.00000e+00 0.00000e+00 
1.15425e+04 1.09586e+01 1.20236e+01 1.08155e+01 8.50842e+00 0.00000e+00 0.00000e+00 
1.15506e+04 7.89286e+00 1.04267e+01 1.29969e+01 4.80841e+00 0.00000e+00 0.00000e+00 
1.15587e+04 7.09153e+00 1.01600e+01 1.26266e+01 4.68116e+00 0.00000e+00 0.00000e+00 
1.15668e+04 6.20704e+00 1.32909e+01 1.09774e+01 5.89399e+00 0.00000e+00 0.00000e+00 
1.15749e+04 4.74786e+00 1.76370e+01 1.48920e+01 5.70333e+00 0.00000e+00 0.00000e+00 
1.15830e+04 8.34292e+00 1.35016e+01 1.33386e+01 7.95821e+00 0.00000e+00 0.00000e+00 
1.15911e+04 6.67327e+00 1.03137e+01 8.44342e+00 9.15415e+00 0.00000e+00 0.00000e+00 
1.15992e+04 7.95342e+00 8.98256e+00 9.59839e+00 6.74867e+00 0.00000e+00 0.00000e+00 
1.16073e+04 6.16381e+00 8.71121e+00 9.64730e+00 9.60699e+00 0.00000e+00 0.00000e+00 
1.16154e+04 5.81851e+00 1.01958e+01 1.01186e+01 1.08660e+01 0.00000e+00 0.00000e+00 
1.16235e+04 5.22621e+00 9.31907e+00 9.46534e+00 1.13233e+01 0.00000e+00 0.00000e+00 
1.16316e+04 4.06248e+00 1.33937e+01 1.23546e+01 1.24697e+01 0.00000e+00 0.00000e+00 
1.16397e+04 5.62779e+00 1.37427e+01 1.04506e+01 1.03223e+01 0.00000e+00 0.00000e+00 
1.16478e+04 6.13785e+00 1.29363e+01 8.36270e+00 9.56759e+00 0.00000e+00 0.00000e+00 
1.16559e+04 6.00527e+00 1.45623e+01 6.16648e+00 8.63763e+00 0.00000e+00 0.00000e+00 
1.16640e+04 7.54094e+00 1.80813e+01 3.52542e+00 6.13895e+00 0.00000e+00 0.00000e+00 
1.16721e+04 8.28152e+00 1.32665e+01 3.42494e+00 7.26981e+00 0.00000e+00 0.00000e+00 
1.16802e+04 9.41719e+00 1.18562e+01 7.76178e+00 8.37833e+00 0.00000e+00 0.00000e+00 
1.16883e+04 5.84190e+00 1.11788e+01 7.91891e+00 9.40187e+00 0.00000e+00 0.00000e+00 
1.16964e+04 3.67485e+00 1.34596e+01 5.13433e+00 1.21467e+01 0.00000e+00 0.00000e+00 
1.17045e+04 6.95634e+00 1.36300e+01 6.99943e+00 1.00480e+01 0.00000e+00 0.00000e+00 
1.17126e+04 7.39729e+00 1.44794e+01 1.08594e+01 8.74792e+00 0.00000e+00 0.00000e+00 
1.17207e+04 6.66630e+00 1.40582e+01 6.69580e+00 9.59900e+00 0.00000e+00 0.00000e+00 
1.17288e+04 3.88597e+00 1.32664e+01 9.59051e+00 1.00959e+01 0.00000e+00 0.00000e+00 
1.17369e+04 5.93124e+00 1.18337e+01 9.45749e+00 8.60549e+00 0.00000e+00 0.00000e+00 
1.17450e+04 7.50462e+00 1.68446e+01 8.94127e+00 1.24704e+01 0.00000e+00 0.00000e+00 
1.17531e+04 6.82300e+00 1.68888e+01 1.30372e+01 8.87520e+00 0.00000e+00 0.00000e+00 
1.17612e+04 4.79631e+00 1.88176e+01 1.18730e+01 1.19208e+01 0.00000e+00 0.00000e+00 
1.17693e+04 6.14069e+00 1.41669e+01 9.96528e+00 1.01231e+01 0.00000e+00 0.00000e+00 
1.17774e+04 7.96998e+00 1.39710e+01 1.11934e+01 1.23266e+01 0.00000e+00 0.00000e+00 
1.17855e+04 7.70099e+00 1.10679e+01 6.04689e+00 1.28147e+01 0.00000e+00 0.00000e+00 
1.17936e+04 9.16689e+00 1.07747e+01 5.44756e+00 1.29689e+01 0.00000e+00 0.00000e+00 
1.18017e+04 8.15864e+00 8.34487e+00 8.41796e+00 1.02422e+01 0.00000e+00 0.00000e+00 
1.18098e+04 7.83129e+00 1.34786e+01 9.03452e+00 1.25760e+01 0.00000e+00 0.00000e+00 
1.18179e+04 7.24587e+00 8.48214e+00 5.28347e+00 1.39520e+01 0.00000e+00 0.00000e+00 
1.18260e+04 6.39118e+00 9.24455e+00 6.04348e+00 1.15626e+01 0.00000e+00 0.00000e+00 
1.18341e+04 7.77320e+00 5.96712e+00 5.64461e+00 1.11371e+01 0.00000e+00 0.00000e+00 
1.18422e+04 1.38167e+01 9.00979e+00 5.45603e+00 1.03478e+01 0.00000e+00 0.00000e+00 
1.18503e+04 1.09480e+01 1.14205e+01 8.42912e+00 1.29514e+01 0.00000e+00 0.00000e+00 
1.18584e+04 1.19240e+01 1.22008e+01 9.57192e+00 1.13242e+01 0.00000e+00 0.00000e+00 
1.18665e+04 1.51601e+01 1.26484e+01 7.52344e+00 8.95280e+00 0.00000e+00 0.00000e+00 
1.18746e+04 1.46127e+01 1.20702e+01 7.78916e+00 1.00195e+01 0.00000e+00 0.00000e+00 
1.18827e+04 1.43683e+01 1.46687e+01 7.50738e+00 1.14528e+01 0.00000e+00 0.00000e+00 
1.18908e+04 1.49545e+01 1.49069e+01 6.29916e+00 1.10506e+01 0.00000e+00 0.00000e+00 
1.18989e+04 1.70093e+01 1.38384e+01 7.64663e+00 1.18043e+01 0.00000e+00 0.00000e+00 
1.19070e+04 1.54301e+01 1.13135e+01 2.95233e+00 1.18748e+01 0.00000e+00 0.00000e+00 
1.19151e+04 1.59355e+01 1.18697e+01 2.49367e+00 1.28497e+01 0.00000e+00 0.00000e+00 
1.19232e+04 1.55234e+01 1.67430e+01 3.49272e+00 1.21601e+01 0.00000e+00 0.00000e+00 
1.19313e+04 1.39162e+01 1.69962e+01 4.95202e+00 1.22978e+01 0.00000e+00 0.00000e+00 
1.19394e+04 1.22856e+01 1.50974e+01 5.02043e+00 1.21493e+01 0.00000e+00 0.00000e+00 
1.19475e+04 1.48502e+01 1.82502e+01 1.03807e+01 9.02139e+00 0.00000e+00 0.00000e+00 
1.19556e+04 1.43875e+01 1.72895e+01 5.52009e+00 8.96102e+00 0.00000e+00 0.00000e+00 
1.19637e+04 1.61870e+01 1.86331e+01 6.65715e+00 1.01244e+01 0.00000e+00 0.00000e+00 
1.19718e+04 1.51350e+01 1.86662e+01 8.38810e+00 8.41600e+00 0.00000e+00 0.00000e+00 
1.19799e+04 1.13555e+01 1.82684e+01 7.06956e+00 6.73086e+00 0.00000e+00 0.00000e+00 
1.19880e+04 1.62044e+01 1.75607e+01 8.28120e+00 7.30018e+00 0.00000e+00 0.00000e+00 
1.19961e+04 1.76326e+01 1.96883e+01 7.96124e+00 6.45092e+00 0.00000e+00 0.00000e+00 
1.20042e+04 1.37036e+01 1.44794e+01 6.79608e+00 8.24063e+00 0.00000e+00 0.00000e+00 
1.20123e+04 1.20992e+01 1.25167e+01 1.17113e+01 3.47604e+00 0.00000e+00 0.00000e+00 
1.20204e+04 1.37554e+01 1.54250e+01 1.12366e+01 4.37497e+00 0.00000e+00 0.00000e+00 
1.20285e+04 1.62976e+01 1.57347e+01 1.15638e+01 3.55303e+00 0.00000e+00 0.00000e+00 
1.20366e+04 1.59134e+01 1.53303e+01 9.18918e+00 2.68022e+00 0.00000e+00 0.00000e+00 
1.20447e+04 1.25839e+01 1.29995e+01 8.47556e+00 5.00306e+00 0.00000e+00 0.00000e+00 
1.20528e+04 1.33577e+01 1.31205e+01 8.20719e+00 3.82567e+00 0.00000e+00 0.00000e+00 
1.20609e+04 1.28794e+01 9.01821e+00 1.01451e+01 2.25652e+00 0.00000e+00 0.00000e+00 
1.20690e+04 1.20436e+01 8.83020e+00 1.01139e+01 2.67417e+00 0.00000e+00 0.00000e+00 
1.20771e+04 9.28304e+00 9.35405e+00 1.04510e+01 4.98533e+00 0.00000e+00 0.00000e+00 
1.20852e+04 6.78810e+00 1.18097e+01 1.22237e+01 2.86577e+00 0.00000e+00 0.00000e+00 
1.20933e+04 1.19108e+01 1.08245e+01 1.43907e+01 3.01163e+00 0.00000e+00 0.00000e+00 
1.21014e+04 1.15453e+01 1.22424e+01 9.80412e+00 5.51838e+00 0.00000e+00 0.00000e+00 
1.21095e+04 1.17361e+01 1.19376e+01 7.85729e+00 4.34610e+00 0.00000e+00 0.00000e+00 
1.21176e+04 1.24572e+01 1.16947e+01 9.53518e+00 4.35457e+00 0.00000e+00 0.00000e+00 
1.21257e+04 1.21809e+01 8.51389e+00 7.15113e+00 5.01069e+00 0.00000e+00 0.00000e+00 
1.21338e+04 1.17389e+01 1.21530e+01 9.57801e+00 2.65972e+00 0.00000e+00 0.00000e+00 
1.21419e+04 1.06723e+01 1.27438e+01 1.12231e+01 4.90226e+00 0.00000e+00 0.00000e+00 
1.21500e+04 1.50795e+01 1.23099e+01 6.98592e+00 3.82403e+00 0.00000e+00 0.00000e+00 
1.21581e+04 1.28506e+01 1.21041e+01 9.27386e+00 4.96035e+00 0.00000e+00 0.00000e+00 
1.21662e+04 1.37190e+01 1.19867e+01 8.98215e+00 4.82591e+00 0.00000e+00 0.00000e+00 
1.21743e+04 1.20750e+01 1.01700e+01 7.93825e+00 4.69263e+00 0.00000e+00 0.00000e+00 
1.21824e+04 1.27770e+01 1.26861e+01 9.85073e+00 3.39548e+00 0.00000e+00 0.00000e+00 
1.21905e+04 1.18118e+01 9.88922e+00 8.54228e+00 2.27232e+00 0.00000e+00 0.00000e+00 
1.21986e+04 1.28027e+01 1.44818e+01 5.08588e+00 4.27112e+00 0.00000e+00 0.00000e+00 
1.22067e+04 1.19808e+01 1.19154e+01 6.00784e+00 5.06407e+00 0.00000e+00 0.00000e+00 
1.22148e+04 9.34676e+00 1.11952e+01 6.91593e+00 4.52855e+00 0.00000e+00 0.00000e+00 
1.22229e+04 7.64267e+00 1.19648e+01 4.48707e+00 3.44817e+00 0.00000e+00 0.00000e+00 
1.22310e+04 1.06944e+01 1.25315e+01 4.00864e+00 4.55582e+00 0.00000e+00 0.00000e+00 
1.22391e+04 1.04983e+01 1.16603e+01 6.46590e+00 4.26180e+00 0.00000e+00 0.00000e+00 
1.22472e+04 9.64260e+00 1.12025e+01 3.98710e+00 2.85119e+00 0.00000e+00 0.00000e+00 
1.22553e+04 8.11144e+00 1.36410e+01 6.52440e+00 3.11061e+00 0.00000e+00 0.00000e+00 
1.22634e+04 8.42752e+00 1.09333e+01 1.06113e+01 3.31899e+00 0.00000e+00 0.00000e+00 
1.22715e+04 9.33048e+00 1.19191e+01 1.03655e+01 3.43047e+00 0.00000e+00 0.00000e+00 
1.22796e+04 1.11280e+01 1.24093e+01 8.74878e+00 4.73414e+00 0.00000e+00 0.00000e+00 
1.22877e+04 8.50714e+00 1.41143e+01 7.55849e+00 6.51570e+00 0.00000e+00 0.00000e+00 
1.22958e+04 8.77807e+00 1.39498e+01 1.05063e+01 4.86779e+00 0.00000e+00 0.00000e+00 
1.23039e+04 7.13979e+00 9.15904e+00 9.38409e+00 5.64917e+00 0.00000e+00 0.00000e+00 
1.23120e+04 6.83888e+00 6.38626e+00 9.48798e+00 5.14763e+00 0.00000e+00 0.00000e+00 
1.23201e+04 6.25586e+00 1.06565e+01 8.85270e+00 2.86090e+00 0.00000e+00 0.00000e+00 
1.23282e+04 4.95361e+00 7.00800e+00 1.03369e+01 9.00185e+00 0.00000e+00 0.00000e+00 
1.23363e+04 5.93202e+00 1.21352e+01 6.49403e+00 6.86220e+00 0.00000e+00 0.00000e+00 
1.23444e+04 1.18747e+01 1.08208e+01 8.69553e+00 9.06983e+00 0.00000e+00 0.00000e+00 
1.23525e+04 1.06170e+01 8.98312e+00 6.13201e+00 1.09993e+01 0.00000e+00 0.00000e+00 
1.23606e+04 9.73571e+00 1.15670e+01 3.71735e+00 8.87117e+00 0.00000e+00 0.00000e+00 
1.23687e+04 7.84572e+00 9.85264e+00 6.98168e+00 7.10662e+00 0.00000e+00 0.00000e+00 
1.23768e+04 4.08379e+00 9.34866e+00 6.99697e+00 5.44091e+00 0.00000e+00 0.00000e+00 
1.23849e+04 6.57836e+00 8.40405e+00 8.89183e+00 5.11554e+00 0.00000e+00 0.00000e+00 
1.23930e+04 5.95673e+00 6.19495e+00 1.03324e+01 4.92873e+00 0.00000e+00 0.00000e+00 
1.24011e+04 7.13193e+00 7.52498e+00 5.87904e+00 6.64451e+00 0.00000e+00 0.00000e+00 
1.24092e+04 7.18685e+00 8.17472e+00 5.89391e+00 7.23184e+00 0.00000e+00 0.00000e+00 
1.24173e+04 7.15439e+00 7.33853e+00 3.07966e+00 6.46454e+00 0.00000e+00 0.00000e+00 
1.24254e+04 6.47501e+00 6.90956e+00 4.63571e+00 9.41521e+00 0.00000e+00 0.00000e+00 
1.24335e+04 9.42128e+00 1.08699e+01 2.26660e+00 6.48503e+00 0.00000e+00 0.00000e+00 
1.24416e+04 7.22049e+00 9.56992e+00 3.47000e+00 5.64820e+00 0.00000e+00 0.00000e+00 
1.24497e+04 5.73273e+00 8.72828e+00 4.94436e+00 4.26655e+00 0.00000e+00 0.00000e+00 
1.24578e+04 4.66809e+00 8.95983e+00 3.73529e+00 1.05740e+01 0.00000e+00 0.00000e+00 
1.24659e+04 6.98757e+00 1.41337e+01 3.27668e+00 6.94535e+00 0.00000e+00 0.00000e+00 
1.24740e+04 5.28238e+00 1.04621e+01 4.22763e+00 8.05761e+00 0.00000e+00 0.00000e+00 
1.24821e+04 7.27051e+00 8.58022e+00 5.06101e+00 8.73500e+00 0.00000e+00 0.00000e+00 
1.24902e+04 7.73141e+00 1.40095e+01 4.58205e+00 4.12784e+00 0.00000e+00 0.00000e+00 
1.24983e+04 1.00056e+01 1.70646e+01 2.86430e+00 3.32006e+00 0.00000e+00 0.00000e+00 
1.25064e+04 7.82071e+00 1.57129e+01 6.38538e+00 7.87329e+00 0.00000e+00 0.00000e+00 
1.25145e+04 4.84576e+00 1.53412e+01 4.59722e+00 9.06874e+00 0.00000e+00 0.00000e+00 
1.25226e+04 7.02181e+00 1.36468e+01 5.12395e+00 8.12597e+00 0.00000e+00 0.00000e+00 
1.25307e+04 9.38012e+00 1.48002e+01 5.73700e+00 7.24769e+00 0.00000e+00 0.00000e+00 
1.25388e+04 6.99810e+00 1.22917e+01 8.10762e+00 5.47721e+00 0.00000e+00 0.00000e+00 
1.25469e+04 1.02401e+01 1.33558e+01 7.48336e+00 5.76262e+00 0.00000e+00 0.00000e+00 
1.25550e+04 8.26472e+00 1.25293e+01 5.44127e+00 7.28001e+00 0.00000e+00 0.00000e+00 
1.25631e+04 7.80941e+00 1.50433e+01 2.63247e+00 2.85726e+00 0.00000e+00 0.00000e+00 
1.25712e+04 7.77793e+00 1.42591e+01 2.58301e+00 4.26166e+00 0.00000e+00 0.00000e+00 
1.25793e+04 1.03354e+01 1.43310e+01 4.64558e+00 4.47872e+00 0.00000e+00 0.00000e+00 
1.25874e+04 8.71531e+00 1.51070e+01 7.85915e+00 3.58440e+00 0.00000e+00 0.00000e+00 
1.25955e+04 8.43863e+00 1.39952e+01 5.61343e+00 4.44608e+00 0.00000e+00 0.00000e+00 
1.26036e+04 6.96262e+00 1.33661e+01 5.85044e+00 4.93563e+00 0.00000e+00 0.00000e+00 
1.26117e+04 5.05582e+00 1.42717e+01 7.55578e+00 6.58367e+00 0.00000e+00 0.00000e+00 
1.26198e+04 1.02230e+01 1.12152e+01 5.52515e+00 7.58581e+00 0.00000e+00 0.00000e+00 
1.26279e+04 6.80188e+00 1.51571e+01 4.73895e+00 5.76730e+00 0.00000e+00 0.00000e+00 
1.26360e+04 9.25781e+00 1.42699e+01 3.90498e+00 6.77966e+00 0.00000e+00 0.00000e+00 
1.26441e+04 1.10559e+01 1.63661e+01 3.27823e+00 4.59789e+00 0.00000e+00 0.00000e+00 
1.26522e+04 1.10494e+01 1.65699e+01 4.82552e+00 5.18688e+00 0.00000e+00 0.00000e+00 
1.26603e+04 1.29372e+01 1.37373e+01 2.92701e+00 6.07758e+00 0.00000e+00 0.00000e+00 
1.26684e+04 1.19203e+01 1.42072e+01 2.24516e+00 4.43193e+00 0.00000e+00 0.00000e+00 
1.26765e+04 1.31084e+01 1.44703e+01 5.91820e+00 6.29904e+00 0.00000e+00 0.00000e+00 
1.26846e+04 1.04587e+01 1.22350e+01 4.63491e+00 6.20289e+00 0.00000e+00 0.00000e+00 
1.26927e+04 7.89377e+00 1.58006e+01 5.10705e+00 7.22817e+00 0.00000e+00 0.00000e+00 
1.27008e+04 5.91094e+00 1.81775e+01 4.26951e+00 7.33169e+00 0.00000e+00 0.00000e+00 
1.27089e+04 5.91586e+00 1.73005e+01 5.78222e+00 8.38296e+00 0.00000e+00 0.00000e+00 
1.27170e+04 4.61512e+00 1.42976e+01 3.92030e+00 8.80963e+00 0.00000e+00 0.00000e+00 
1.27251e+04 3.61855e+00 1.44814e+01 4.05754e+00 8.40808e+00 0.00000e+00 0.00000e+00 
1.27332e+04 7.23668e+00 1.36316e+01 5.95587e+00 6.02727e+00 0.00000e+00 0.00000e+00 
1.27413e+04 7.86753e+00 1.04914e+01 4.81665e+00 5.99448e+00 0.00000e+00 0.00000e+00 
1.27494e+04 6.75157e+00 1.38350e+01 3.38103e+00 5.17717e+00 0.00000e+00 0.00000e+00 
1.27575e+04 3.28465e+00 9.95709e+00 4.19199e+00 5.28872e+00 0.00000e+00 0.00000e+00 
1.27656e+04 6.74688e+00 1.38047e+01 2.68893e+00 7.27174e+00 0.00000e+00 0.00000e+00 
1.27737e+04 3.95691e+00 1.18390e+01 5.26650e+00 5.62411e+00 0.00000e+00 0.00000e+00 
1.27818e+04 7.64038e+00 1.46810e+01 4.85179e+00 7.57783e+00 0.00000e+00 0.00000e+00 
1.27899e+04 6.21518e+00 1.28856e+01 6.20010e+00 6.63131e+00 0.00000e+00 0.00000e+00 
1.27980e+04 5.99592e+00 1.45868e+01 7.88259e+00 2.08248e+00 0.00000e+00 0.00000e+00 
1.28061e+04 1.01945e+01 1.52061e+01 8.60621e+00 6.23386e+00 0.00000e+00 0.00000e+00 
1.28142e+04 8.50852e+00 1.46514e+01 5.84979e+00 4.59366e+00 0.00000e+00 0.00000e+00 
1.28223e+04 7.82315e+00 1.50773e+01 9.23908e+00 1.79022e+00 0.00000e+00 0.00000e+00 
1.28304e+04 1.25233e+01 1.16792e+01 6.25030e+00 6.65740e+00 0.00000e+00 0.00000e+00 
1.28385e+04 9.67861e+00 1.78526e+01 4.06857e+00 5.76016e+00 0.00000e+00 0.00000e+00 
1.28466e+04 9.24021e+00 1.41785e+01 6.32422e+00 6.40050e+00 0.00000e+00 0.00000e+00 
1.28547e+04 5.19996e+00 1.10615e+01 5.95791e+00 6.42253e+00 0.00000e+00 0.00000e+00 
1.28628e+04 9.84763e+00 1.07992e+01 3.83023e+00 7.02139e+00 0.00000e+00 0.00000e+00 
1.28709e+04 4.74587e+00 1.27124e+01 1.01032e+01 9.00118e+00 0.00000e+00 0.00000e+00 
1.28790e+04 8.96092e+00 1.28975e+01 1.11113e+01 4.99468e+00 0.00000e+00 0.00000e+00 
1.28871e+04 7.43399e+00 1.33828e+01 1.17807e+01 5.42643e+00 0.00000e+00 0.00000e+00 
1.28952e+04 9.65100e+00 1.49329e+01 9.28238e+00 5.76382e+00 0.00000e+00 0.00000e+00 
1.29033e+04 1.06845e+01 1.49998e+01 6.05378e+00 8.35486e+00 0.00000e+00 0.00000e+00 
1.29114e+04 8.88309e+00 1.41678e+01 1.11797e+01 5.42752e+00 0.00000e+00 0.00000e+00 
1.29195e+04 9.23197e+00 1.25553e+01 7.99724e+00 5.12811e+00 0.00000e+00 0.00000e+00 
1.29276e+04 9.64602e+00 1.29114e+01 8.72733e+00 5.02895e+00 0.00000e+00 0.00000e+00 
1.29357e+04 1.13123e+01 1.45910e+01 8.77442e+00 4.11180e+00 0.00000e+00 0.00000e+00 
1.29438e+04 9.60557e+00 1.17098e+01 5.59612e+00 6.51104e+00 0.00000e+00 0.00000e+00 
1.29519e+04 7.92762e+00 1.04402e+01 5.21868e+00 9.26426e+00 0.00000e+00 0.00000e+00 
1.29600e+04 8.36662e+00 1.21950e+01 7.19374e+00 6.48747e+00 0.00000e+00 0.00000e+00 
1.29681e+04 8.72261e+00 1.24385e+01 5.72586e+00 4.49830e+00 0.00000e+00 0.00000e+00 
1.29762e+04 6.03987e+00 1.16601e+01 5.51879e+00 5.72657e+00 0.00000e+00 0.00000e+00 
1.29843e+04 4.97828e+00 1.57918e+01 5.83504e+00 5.14604e+00 0.00000e+00 0.00000e+00 
1.29924e+04 5.77225e+00 1.50762e+01 3.37522e+00 5.73251e+00 0.00000e+00 0.00000e+00 
1.30005e+04 8.49746e+00 1.84578e+01 2.96486e+00 5.37433e+00 0.00000e+00 0.00000e+00 
1.30086e+04 6.33109e+00 2.05632e+01 3.44719e+00 1.18659e+01 0.00000e+00 0.00000e+00 
1.30167e+04 5.04846e+00 1.84902e+01 4.46705e+00 1.05343e+01 0.00000e+00 0.00000e+00 
1.30248e+04 2.49186e+00 1.75339e+01 7.80836e+00 1.03075e+01 0.00000e+00 0.00000e+00 
1.30329e+04 5.47557e+00 1.92013e+01 4.95816e+00 1.02454e+01 0.00000e+00 0.00000e+00 
1.30410e+04 3.15111e+00 1.75398e+01 6.25827e+00 1.00430e+01 0.00000e+00 0.00000e+00 
1.30491e+04 3.09564e+00 1.78112e+01 4.53985e+00 1.27457e+01 0.00000e+00 0.00000e+00 
1.30572e+04 2.35831e+00 1.79028e+01 5.66305e+00 1.12157e+01 0.00000e+00 0.00000e+00 
1.30653e+04 3.65028e+00 2.09501e+01 6.17801e+00 7.77053e+00 0.00000e+00 0.00000e+00 
1.30734e+04 4.50692e+00 2.11542e+01 5.09427e+00 1.19431e+01 0.00000e+00 0.00000e+00 
1.30815e+04 3.52829e+00 2.15036e+01 5.36862e+00 8.71772e+00 0.00000e+00 0.00000e+00 
1.30896e+04 4.46019e+00 2.33715e+01 8.49198e+00 9.19782e+00 0.00000e+00 0.00000e+00 
1.30977e+04 6.29153e+00 2.12740e+01 9.80993e+00 9.01543e+00 0.00000e+00 0.00000e+00 
1.31058e+04 4.70893e+00 2.32680e+01 7.37992e+00 8.54234e+00 0.00000e+00 0.00000e+00 
1.31139e+04 7.52080e+00 1.95663e+01 9.31961e+00 6.48924e+00 0.00000e+00 0.00000e+00 
1.31220e+04 8.88553e+00 1.50230e+01 9.45715e+00 8.32226e+00 0.00000e+00 0.00000e+00 
1.31301e+04 8.22381e+00 1.75565e+01 9.54359e+00 4.14140e+00 0.00000e+00 0.00000e+00 
1.31382e+04 5.72839e+00 2.01314e+01 7.74889e+00 5.56857e+00 0.00000e+00 0.00000e+00 
1.31463e+04 6.59724e+00 2.22698e+01 8.97014e+00 7.85537e+00 0.00000e+00 0.00000e+00 
1.31544e+04 6.92333e+00 2.17897e+01 7.66650e+00 1.09416e+01 0.00000e+00 0.00000e+00 
1.31625e+04 8.11510e+00 1.82128e+01 8.83189e+00 7.87067e+00 0.00000e+00 0.00000e+00 
1.31706e+04 7.01314e+00 1.83539e+01 1.09052e+01 7.27767e+00 0.00000e+00 0.00000e+00 
1.31787e+04 7.72638e+00 1.89488e+01 9.71729e+00 5.78532e+00 0.00000e+00 0.00000e+00 
1.31868e+04 6.76864e+00 1.79646e+01 3.85242e+00 2.51255e+00 0.00000e+00 0.00000e+00 
1.31949e+04 6.73464e+00 1.18879e+01 4.99590e+00 6.77490e+00 0.00000e+00 0.00000e+00 
1.32030e+04 9.82964e+00 1.17138e+01 2.47987e+00 8.03449e+00 0.00000e+00 0.00000e+00 
1.32111e+04 9.89637e+00 1.26998e+01 4.06092e+00 6.01620e+00 0.00000e+00 0.00000e+00 
1.32192e+04 9.79511e+00 1.31545e+01 5.31427e+00 7.81236e+00 0.00000e+00 0.00000e+00 
1.32273e+04 9.13332e+00 1.26667e+01 6.53104e+00 7.53145e+00 0.00000e+00 0.00000e+00 
1.32354e+04 8.49354e+00 1.11505e+01 8.14852e+00 8.04859e+00 0.00000e+00 0.00000e+00 
1.32435e+04 9.81219e+00 1.20130e+01 8.80599e+00 8.49143e+00 0.00000e+00 0.00000e+00 
1.32516e+04 1.00008e+01 1.44046e+01 9.00285e+00 8.24739e+00 0.00000e+00 0.00000e+00 
1.32597e+04 1.05001e+01 1.51670e+01 9.70731e+00 7.48495e+00 0.00000e+00 0.00000e+00 
1.32678e+04 9.02076e+00 1.50751e+01 8.39097e+00 7.66277e+00 0.00000e+00 0.00000e+00 
1.32759e+04 1.00048e+01 1.05939e+01 9.08935e+00 7.05146e+00 0.00000e+00 0.00000e+00 
1.32840e+04 7.78719e+00 9.64618e+00 1.09427e+01 8.72825e+00 0.00000e+00 0.00000e+00 
1.32921e+04 9.07842e+00 1.20165e+01 8.80367e+00 7.31346e+00 0.00000e+00 0.00000e+00 
1.33002e+04 1.20777e+01 1.35402e+01 1.05957e+01 1.08355e+01 0.00000e+00 0.00000e+00 
1.33083e+04 1.25401e+01 1.41596e+01 9.03072e+00 9.88691e+00 0.00000e+00 0.00000e+00 
1.33164e+04 1.11263e+01 1.41598e+01 1.04975e+01 7.13937e+00 0.00000e+00 0.00000e+00 
1.33245e+04 1.09976e+01 1.40891e+01 1.15902e+01 7.11695e+00 0.00000e+00 0.00000e+00 
1.33326e+04 1.27860e+01 1.52980e+01 1.10813e+01 8.92102e+00 0.00000e+00 0.00000e+00 
1.33407e+04 1.24629e+01 1.74626e+01 7.78317e+00 7.44948e+00 0.00000e+00 0.00000e+00 
1.33488e+04 9.97203e+00 1.88691e+01 1.00081e+01 8.65522e+00 0.00000e+00 0.00000e+00 
1.33569e+04 8.57828e+00 1.82541e+01 9.49329e+00 6.08681e+00 0.00000e+00 0.00000e+00 
1.33650e+04 8.55946e+00 1.66362e+01 9.79368e+00 9.56686e+00 0.00000e+00 0.00000e+00 
1.33731e+04 8.03016e+00 1.78826e+01 7.57706e+00 1.01186e+01 0.00000e+00 0.00000e+00 
1.33812e+04 9.34327e+00 1.57834e+01 7.48956e+00 8.84224e+00 0.00000e+00 0.00000e+00 
1.33893e+04 1.02982e+01 1.57813e+01 9.13763e+00 4.43093e+00 0.00000e+00 0.00000e+00 
1.33974e+04 1.41994e+01 1.67995e+01 8.33835e+00 4.34920e+00 0.00000e+00 0.00000e+00 
1.34055e+04 1.44252e+01 1.53981e+01 9.31176e+00 4.86725e+00 0.00000e+00 0.00000e+00 
1.34136e+04 1.34363e+01 1.53516e+01 6.48512e+00 7.06099e+00 0.00000e+00 0.00000e+00 
1.34217e+04 1.49614e+01 1.57042e+01 3.54934e+00 4.93789e+00 0.00000e+00 0.00000e+00 
1.34298e+04 1.41701e+01 1.47125e+01 7.60992e+00 6.20278e+00 0.00000e+00 0.00000e+00 
1.34379e+04 1.40452e+01 1.31078e+01 6.27125e+00 8.61698e+00 0.00000e+00 0.00000e+00 
1.34460e+04 1.27913e+01 1.71201e+01 4.13245e+00 3.82685e+00 0.00000e+00 0.00000e+00 
1.34541e+04 1.16982e+01 1.28954e+01 6.20623e+00 4.52755e+00 0.00000e+00 0.00000e+00 
1.34622e+04 1.15570e+01 1.18466e+01 5.07297e+00 5.54763e+00 0.00000e+00 0.00000e+00 
1.34703e+04 7.30663e+00 9.09913e+00 5.75992e+00 4.83777e+00 0.00000e+00 0.00000e+00 
1.34784e+04 1.06246e+01 6.85289e+00 3.12250e+00 6.60456e+00 0.00000e+00 0.00000e+00 
1.34865e+04 1.09242e+01 5.16487e+00 4.23721e+00 1.10067e+01 0.00000e+00 0.00000e+00 
1.34946e+04 8.16801e+00 6.29701e+00 6.39247e+00 1.07312e+01 0.00000e+00 0.00000e+00 
1.35027e+04 1.00693e+01 9.76005e+00 3.47391e+00 8.79326e+00 0.00000e+00 0.00000e+00 
1.35108e+04 9.44851e+00 1.09858e+01 4.16659e+00 8.95603e+00 0.00000e+00 0.00000e+00 
1.35189e+04 1.56474e+01 9.73934e+00 6.07856e+00 8.81802e+00 0.00000e+00 0.00000e+00 
1.35270e+04 1.32888e+01 9.68890e+00 5.33173e+00 8.90471e+00 0.00000e+00 0.00000e+00 
1.35351e+04 1.32810e+01 1.12855e+01 2.60104e+00 7.18150e+00 0.00000e+00 0.00000e+00 
1.35432e+04 8.10880e+00 1.12884e+01 5.58678e+00 4.75657e+00 0.00000e+00 0.00000e+00 
1.35513e+04 1.07698e+01 6.85911e+00 6.38128e+00 3.10548e+00 0.00000e+00 0.00000e+00 
1.35594e+04 1.25456e+01 9.22850e+00 1.06517e+01 1.98386e+00 0.00000e+00 0.00000e+00 
1.35675e+04 9.92390e+00 1.01295e+01 8.51784e+00 6.63436e+00 0.00000e+00 0.00000e+00 
1.35756e+04 1.20833e+01 1.19711e+01 7.45017e+00 5.88774e+00 0.00000e+00 0.00000e+00 
1.35837e+04 1.16612e+01 1.24169e+01 8.93797e+00 5.12489e+00 0.00000e+00 0.00000e+00 
1.35918e+04 1.10191e+01 1.01622e+01 7.21563e+00 6.83103e+00 0.00000e+00 0.00000e+00 
1.35999e+04 1.05240e+01 1.24795e+01 6.21733e+00 7.86972e+00 0.00000e+00 0.00000e+00 
1.36080e+04 1.14330e+01 1.50443e+01 6.22557e+00 6.53265e+00 0.00000e+00 0.00000e+00 
1.36161e+04 1.17455e+01 1.40660e+01 5.29044e+00 8.45158e+00 0.00000e+00 0.00000e+00 
1.36242e+04 1.27489e+01 1.40015e+01 8.22442e+00 5.13184e+00 0.00000e+00 0.00000e+00 
1.36323e+04 1.40343e+01 1.19176e+01 8.18767e+00 3.95628e+00 0.00000e+00 0.00000e+00 
1.36404e+04 1.06625e+01 1.18497e+01 6.90134e+00 3.36539e+00 0.00000e+00 0.00000e+00 
1.36485e+04 1.14380e+01 8.10114e+00 8.16504e+00 2.56265e+00 0.00000e+00 0.00000e+00 
1.36566e+04 1.02054e+01 1.31379e+01 7.30689e+00 5.39155e+00 0.00000e+00 0.00000e+00 
1.36647e+04 8.64615e+00 1.28820e+01 7.00598e+00 3.47220e+00 0.00000e+00 0.00000e+00 
1.36728e+04 8.53143e+00 1.02508e+01 7.92699e+00 7.69639e+00 0.00000e+00 0.00000e+00 
1.36809e+04 8.59691e+00 1.41004e+01 3.49673e+00 9.30369e+00 0.00000e+00 0.00000e+00 
1.36890e+04 7.68422e+00 9.01912e+00 4.43486e+00 7.65081e+00 0.00000e+00 0.00000e+00 
1.36971e+04 7.72242e+00 7.28220e+00 4.96801e+00 7.31759e+00 0.00000e+00 0.00000e+00 
1.37052e+04 6.11041e+00 6.29179e+00 1.17276e+01 6.49094e+00 0.00000e+00 0.00000e+00 
1.37133e+04 4.87869e+00 1.25344e+01 1.40353e+01 8.70657e+00 0.00000e+00 0.00000e+00 
1.37214e+04 5.43405e+00 1.15494e+01 8.54100e+00 1.07769e+01 0.00000e+00 0.00000e+00 
1.37295e+04 5.65558e+00 1.18508e+01 8.39171e+00 1.02159e+01 0.00000e+00 0.00000e+00 
1.37376e+04 6.38409e+00 1.49944e+01 1.28899e+01 9.55563e+00 0.00000e+00 0.00000e+00 
1.37457e+04 3.05748e+00 1.30283e+01 1.23579e+01 8.80809e+00 0.00000e+00 0.00000e+00 
1.37538e+04 2.81301e+00 1.13942e+01 1.03083e+01 6.10153e+00 0.00000e+00 0.00000e+00 
1.37619e+04 2.67380e+00 1.09657e+01 8.04481e+00 3.42365e+00 0.00000e+00 0.00000e+00 
1.37700e+04 3.10842e+00 1.06185e+01 9.77725e+00 8.59392e+00 0.00000e+00 0.00000e+00 
1.37781e+04 3.60939e+00 1.29944e+01 6.98622e+00 7.17511e+00 0.00000e+00 0.00000e+00 
1.37862e+04 4.40790e+00 1.11564e+01 6.17524e+00 7.89189e+00 0.00000e+00 0.00000e+00 
1.37943e+04 8.20330e-01 1.21946e+01 6.08425e+00 7.68552e+00 0.00000e+00 0.00000e+00 
1.38024e+04 3.22607e+00 8.55267e+00 8.84679e+00 3.11180e+00 0.00000e+00 0.00000e+00 
1.38105e+04 3.89515e+00 1.19179e+01 9.88370e+00 3.79071e+00 0.00000e+00 0.00000e+00 
1.38186e+04 2.31539e+00 1.13416e+01 8.99684e+00 6.19095e+00 0.00000e+00 0.00000e+00 
1.38267e+04 5.56946e+00 1.26436e+01 1.05118e+01 3.80286e+00 0.00000e+00 0.00000e+00 
1.38348e+04 3.94363e+00 1.05798e+01 1.35241e+01 3.97126e+00 0.00000e+00 0.00000e+00 
1.38429e+04 1.76961e+00 8.74394e+00 1.37183e+01 4.58271e+00 0.00000e+00 0.00000e+00 
1.38510e+04 2.75199e+00 1.11955e+01 8.91969e+00 6.87938e+00 0.00000e+00 0.00000e+00 
1.38591e+04 4.21527e+00 1.04355e+01 9.66852e+00 8.35789e+00 0.00000e+00 0.00000e+00 
1.38672e+04 3.02757e+00 8.73670e+00 5.10724e+00 7.35410e+00 0.00000e+00 0.00000e+00 
1.38753e+04 2.43405e+00 8.35845e+00 7.55030e+00 9.03279e+00 0.00000e+00 0.00000e+00 
1.38834e+04 2.33022e+00 1.07754e+01 9.68174e+00 7.16303e+00 0.00000e+00 0.00000e+00 
1.38915e+04 3.15396e+00 7.18917e+00 5.89107e+00 5.94235e+00 0.00000e+00 0.00000e+00 
1.38996e+04 2.57045e+00 1.01493e+01 3.89345e+00 1.11502e+01 0.00000e+00 0.00000e+00 
1.39077e+04 3.78408e+00 8.66009e+00 4.86102e+00 1.02280e+01 0.00000e+00 0.00000e+00 
1.39158e+04 4.20266e+00 7.39391e+00 7.17771e+00 1.00124e+01 0.00000e+00 0.00000e+00 
1.39239e+04 5.44563e+00 1.10629e+01 7.47761e+00 8.20777e+00 0.00000e+00 0.00000e+00 
1.39320e+04 6.67105e+00 7.13391e+00 6.08790e+00 6.99888e+00 0.00000e+00 0.00000e+00 
1.39401e+04 5.31825e+00 6.36353e+00 8.72299e+00 8.59816e+00 0.00000e+00 0.00000e+00 
1.39482e+04 5.50656e+00 9.36711e+00 9.98904e+00 7.67927e+00 0.00000e+00 0.00000e+00 
1.39563e+04 3.93955e+00 4.71188e+00 9.40433e+00 4.74567e+00 0.00000e+00 0.00000e+00 
1.39644e+04 6.96839e+00 8.63192e+00 1.04069e+01 5.96083e+00 0.00000e+00 0.00000e+00 
1.39725e+04 4.54369e+00 3.41058e+00 1.23490e+01 1.03671e+01 0.00000e+00 0.00000e+00 
1.39806e+04 6.08561e+00 7.70133e+00 1.00895e+01 3.84527e+00 0.00000e+00 0.00000e+00 
1.39887e+04 8.09181e+00 9.29857e+00 8.84330e+00 8.74966e+00 0.00000e+00 0.00000e+00 
1.39968e+04 8.69276e+00 1.15779e+01 1.58562e+01 6.21701e+00 0.00000e+00 0.00000e+00 
1.40049e+04 4.59210e+00 1.24367e+01 1.16492e+01 5.04220e+00 0.00000e+00 0.00000e+00 
1.40130e+04 5.53426e+00 1.05026e+01 1.20732e+01 7.27978e+00 0.00000e+00 0.00000e+00 
1.40211e+04 5.20895e+00 1.07441e+01 1.07197e+01 4.27153e+00 0.00000e+00 0.00000e+00 
1.40292e+04 5.83254e+00 9.64792e+00 1.10073e+01 4.75324e+00 0.00000e+00 0.00000e+00 
1.40373e+04 4.13982e+00 6.54542e+00 1.02946e+01 5.51669e+00 0.00000e+00 0.00000e+00 
1.40454e+04 8.18844e+00 1.16168e+01 1.11907e+01 5.62923e+00 0.00000e+00 0.00000e+00 
1.40535e+04 6.83623e+00 1.23944e+01 1.35666e+01 6.97397e+00 0.00000e+00 0.00000e+00 
1.40616e+04 2.04473e+00 1.25510e+01 9.42858e+00 6.33478e+00 0.00000e+00 0.00000e+00 
1.40697e+04 7.14497e+00 1.51043e+01 1.02624e+01 6.58531e+00 0.00000e+00 0.00000e+00 
1.40778e+04 5.30569e+00 1.50812e+01 1.16607e+01 6.10436e+00 0.00000e+00 0.00000e+00 
1.40859e+04 4.93983e+00 1.50532e+01 1.31612e+01 3.91887e+00 0.00000e+00 0.00000e+00 
1.40940e+04 7.09739e+00 1.70843e+01 1.02920e+01 3.19931e+00 0.00000e+00 0.00000e+00 
1.41021e+04 5.72904e+00 1.97608e+01 1.51773e+01 4.27951e+00 0.00000e+00 0.00000e+00 
1.41102e+04 6.80247e+00 1.77049e+01 1.69414e+01 5.13849e+00 0.00000e+00 0.00000e+00 
1.41183e+04 7.18625e+00 1.74391e+01 1.54861e+01 2.71651e+00 0.00000e+00 0.00000e+00 
1.41264e+04 5.86523e+00 1.79281e+01 1.41144e+01 4.20121e+00 0.00000e+00 0.00000e+00 
1.41345e+04 4.97140e+00 1.41327e+01 1.37512e+01 2.66433e+00 0.00000e+00 0.00000e+00 
1.41426e+04 6.11777e+00 1.37219e+01 1.67196e+01 3.61942e+00 0.00000e+00 0.00000e+00 
1.41507e+04 3.64841e+00 1.40500e+01 2.04964e+01 3.36536e+00 0.00000e+00 0.00000e+00 
1.41588e+04 5.06074e+00 1.47597e+01 1.91855e+01 5.98288e+00 0.00000e+00 0.00000e+00 
1.41669e+04 2.53585e+00 1.48642e+01 1.79645e+01 4.18104e+00 0.00000e+00 0.00000e+00 
1.41750e+04 5.73456e+00 1.57726e+01 2.07939e+01 1.39202e+00 0.00000e+00 0.00000e+00 
1.41831e+04 5.29076e+00 1.38873e+01 2.25415e+01 5.71841e+00 0.00000e+00 0.00000e+00 
1.41912e+04 5.67456e+00 1.27725e+01 1.76877e+01 1.92976e+00 0.00000e+00 0.00000e+00 
1.41993e+04 4.73579e+00 1.23147e+01 1.61252e+01 7.58725e+00 0.00000e+00 0.00000e+00 
1.42074e+04 2.11898e+00 1.18807e+01 1.53062e+01 6.29713e+00 0.00000e+00 0.00000e+00 
1.42155e+04 4.86041e+00 1.33239e+01 1.46383e+01 4.60420e+00 0.00000e+00 0.00000e+00 
1.42236e+04 3.49394e+00 1.16592e+01 1.59442e+01 5.63740e+00 0.00000e+00 0.00000e+00 
1.42317e+04 6.14121e+00 1.61253e+01 1.68898e+01 7.71046e+00 0.00000e+00 0.00000e+00 
1.42398e+04 7.47533e+00 1.55302e+01 1.66870e+01 8.30106e+00 0.00000e+00 0.00000e+00 
1.42479e+04 8.07471e+00 1.27434e+01 1.54868e+01 8.17771e+00 0.00000e+00 0.00000e+00 
1.42560e+04 4.79993e+00 1.17517e+01 1.60412e+01 7.55085e+00 0.00000e+00 0.00000e+00 
1.42641e+04 8.44781e+00 1.42822e+01 2.36156e+01 5.58544e+00 0.00000e+00 0.00000e+00 
1.42722e+04 9.93433e+00 1.26582e+01 2.47034e+01 8.15214e+00 0.00000e+00 0.00000e+00 
1.42803e+04 5.10479e+00 1.23308e+01 2.08947e+01 4.40757e+00 0.00000e+00 0.00000e+00 
1.42884e+04 2.99780e+00 1.33371e+01 1.96003e+01 7.21745e+00 0.00000e+00 0.00000e+00 
1.42965e+04 6.47049e+00 8.65108e+00 1.65287e+01 4.84453e+00 0.00000e+00 0.00000e+00 
1.43046e+04 1.79137e+00 9.71809e+00 2.08039e+01 6.80737e+00 0.00000e+00 0.00000e+00 
1.43127e+04 5.59532e+00 1.38043e+01 1.62928e+01 4.13550e+00 0.00000e+00 0.00000e+00 
1.43208e+04 7.26287e+00 7.79948e+00 1.74537e+01 6.15080e+00 0.00000e+00 0.00000e+00 
1.43289e+04 5.87356e+00 1.02547e+01 1.47229e+01 7.78443e+00 0.00000e+00 0.00000e+00 
1.43370e+04 7.76997e+00 1.10065e+01 1.57355e+01 8.14449e+00 0.00000e+00 0.00000e+00 
1.43451e+04 6.58288e+00 9.65727e+00 1.52805e+01 1.30305e+01 0.00000e+00 0.00000e+00 
1.43532e+04 6.93042e+00 1.07746e+01 1.35620e+01 1.02879e+01 0.00000e+00 0.00000e+00 
1.43613e+04 1.03821e+01 1.17964e+01 1.21839e+01 1.05436e+01 0.00000e+00 0.00000e+00 
1.43694e+04 8.00156e+00 1.26987e+01 1.51248e+01 1.17276e+01 0.00000e+00 0.00000e+00 
1.43775e+04 7.34486e+00 1.28196e+01 1.20496e+01 1.04274e+01 0.00000e+00 0.00000e+00 
1.43856e+04 6.94634e+00 1.06922e+01 1.23039e+01 6.74948e+00 0.00000e+00 0.00000e+00 
1.43937e+04 6.04420e+00 7.14306e+00 1.02485e+01 8.79774e+00 0.00000e+00 0.00000e+00 
1.44018e+04 4.89262e+00 6.72057e+00 8.63673e+00 7.37196e+00 0.00000e+00 0.00000e+00 
1.44099e+04 7.15682e+00 8.27438e+00 8.58399e+00 5.01299e+00 0.00000e+00 0.00000e+00 
1.44180e+04 7.39428e+00 9.03429e+00 1.35220e+01 7.84940e+00 0.00000e+00 0.00000e+00 
1.44261e+04 8.18136e+00 6.76161e+00 9.69108e+00 5.31504e+00 0.00000e+00 0.00000e+00 
1.44342e+04 8.57958e+00 1.01718e+01 9.37617e+00 3.76319e+00 0.00000e+00 0.00000e+00 
1.44423e+04 7.83615e+00 1.03560e+01 1.06381e+01 4.84069e+00 0.00000e+00 0.00000e+00 
1.44504e+04 1.15621e+01 7.64475e+00 1.27616e+01 3.72597e+00 0.00000e+00 0.00000e+00 
1.44585e+04 9.49402e+00 1.11644e+01 1.03956e+01 4.63014e+00 0.00000e+00 0.00000e+00 
1.44666e+04 9.99885e+00 1.35820e+01 1.16003e+01 4.15008e+00 0.00000e+00 0.00000e+00 
1.44747e+04 9.32234e+00 1.33225e+01 8.06893e+00 6.79573e+00 0.00000e+00 0.00000e+00 
1.44828e+04 9.27714e+00 9.65414e+00 1.03406e+01 6.32035e+00 0.00000e+00 0.00000e+00 
1.44909e+04 4.30224e+00 1.14996e+01 1.20663e+01 5.75112e+00 0.00000e+00 0.00000e+00 
1.44990e+04 9.64672e+00 1.02943e+01 1.31796e+01 6.69153e+00 0.00000e+00 0.00000e+00 
1.45071e+04 9.05583e+00 1.10897e+01 1.12251e+01 4.18597e+00 0.00000e+00 0.00000e+00 
1.45152e+04 9.51383e+00 1.24564e+01 1.00910e+01 3.47938e+00 0.00000e+00 0.00000e+00 
1.45233e+04 6.93293e+00 1.10057e+01 7.94468e+00 3.45905e+00 0.00000e+00 0.00000e+00 
1.45314e+04 6.49058e+00 1.32335e+01 1.25289e+01 3.46915e+00 0.00000e+00 0.00000e+00 
1.45395e+04 2.82997e+00 1.11055e+01 1.18583e+01 2.07614e+00 0.00000e+00 0.00000e+00 
1.45476e+04 7.54927e+00 1.18872e+01 1.21667e+01 3.76792e+00 0.00000e+00 0.00000e+00 
1.45557e+04 6.11846e+00 1.43422e+01 1.26859e+01 2.86029e+00 0.00000e+00 0.00000e+00 
1.45638e+04 5.89408e+00 9.63837e+00 1.08309e+01 2.69925e+00 0.00000e+00 0.00000e+00 
1.45719e+04 5.59819e+00 1.08585e+01 1.20636e+01 9.20906e-01 0.00000e+00 0.00000e+00 
1.45800e+04 6.51860e+00 9.82042e+00 1.17707e+01 3.94552e+00 0.00000e+00 0.00000e+00 
1.45881e+04 6.38678e+00 1.08296e+01 1.29440e+01 5.23245e+00 0.00000e+00 0.00000e+00 
1.45962e+04 9.35969e+00 1.58191e+01 9.17365e+00 5.78418e+00 0.00000e+00 0.00000e+00 
1.46043e+04 1.02315e+01 1.12545e+01 9.49102e+00 5.18473e+00 0.00000e+00 0.00000e+00 
1.46124e+04 7.92308e+00 1.32646e+01 1.09198e+01 5.59643e+00 0.00000e+00 0.00000e+00 
1.46205e+04 5.89140e+00 1.18785e+01 9.38114e+00 7.43247e+00 0.00000e+00 0.00000e+00 
1.46286e+04 1.09535e+01 1.30423e+01 8.72779e+00 4.21094e+00 0.00000e+00 0.00000e+00 
1.46367e+04 9.37813e+00 1.39693e+01 1.01099e+01 6.05639e+00 0.00000e+00 0.00000e+00 
1.46448e+04 7.76916e+00 1.35948e+01 1.33293e+01 3.07931e+00 0.00000e+00 0.00000e+00 
1.46529e+04 1.15771e+01 1.46634e+01 1.38046e+01 4.34194e+00 0.00000e+00 0.00000e+00 
1.46610e+04 8.21738e+00 1.18686e+01 1.51468e+01 4.20458e+00 0.00000e+00 0.00000e+00 
1.46691e+04 1.14445e+01 1.65461e+01 1.28227e+01 5.40261e+00 0.00000e+00 0.00000e+00 
1.46772e+04 9.57390e+00 1.49769e+01 9.64347e+00 5.29323e+00 0.00000e+00 0.00000e+00 
1.46853e+04 6.97147e+00 1.46968e+01 1.13226e+01 5.93367e+00 0.00000e+00 0.00000e+00 
1.46934e+04 6.23855e+00 1.50750e+01 7.94938e+00 8.39046e+00 0.00000e+00 0.00000e+00 
1.47015e+04 4.86051e+00 1.75527e+01 8.33099e+00 1.15246e+01 0.00000e+00 0.00000e+00 
1.47096e+04 6.23323e+00 1.84561e+01 5.88424e+00 1.03850e+01 0.00000e+00 0.00000e+00 
1.47177e+04 7.97197e+00 1.72068e+01 1.14379e+01 1.14103e+01 0.00000e+00 0.00000e+00 
1.47258e+04 7.85548e+00 2.00968e+01 7.60856e+00 8.99795e+00 0.00000e+00 0.00000e+00 
1.47339e+04 8.37792e+00 1.78407e+01 1.14736e+01 9.43406e+00 0.00000e+00 0.00000e+00 
1.47420e+04 8.10340e+00 1.52490e+01 1.24733e+01 7.85901e+00 0.00000e+00 0.00000e+00 
1.47501e+04 4.79123e+00 1.19131e+01 1.04687e+01 6.66181e+00 0.00000e+00 0.00000e+00 
1.47582e+04 4.69984e+00 1.33091e+01 1.52751e+01 7.41399e+00 0.00000e+00 0.00000e+00 
1.47663e+04 2.45390e+00 1.53482e+01 1.65001e+01 5.57469e+00 0.00000e+00 0.00000e+00 
1.47744e+04 3.21272e+00 1.71703e+01 8.92467e+00 7.72360e+00 0.00000e+00 0.00000e+00 
1.47825e+04 2.12568e+00 1.99660e+01 1.20508e+01 9.75319e+00 0.00000e+00 0.00000e+00 
1.47906e+04 1.39291e+00 1.51764e+01 1.15540e+01 8.99760e+00 0.00000e+00 0.00000e+00 
1.47987e+04 2.86603e+00 1.65393e+01 9.33322e+00 6.41986e+00 0.00000e+00 0.00000e+00 
1.48068e+04 1.14164e+00 1.73422e+01 1.21226e+01 7.24694e+00 0.00000e+00 0.00000e+00 
1.48149e+04 1.35605e+00 1.68004e+01 1.42077e+01 8.74709e+00 0.00000e+00 0.00000e+00 
1.48230e+04 3.39340e+00 1.41781e+01 1.08143e+01 5.40385e+00 0.00000e+00 0.00000e+00 
1.48311e+04 5.38460e+00 1.47359e+01 1.01752e+01 7.41880e+00 0.00000e+00 0.00000e+00 
1.48392e+04 3.25187e+00 1.57674e+01 1.07269e+01 7.00043e+00 0.00000e+00 0.00000e+00 
1.48473e+04 5.18071e+00 1.70094e+01 1.08064e+01 5.86145e+00 0.00000e+00 0.00000e+00 
1.48554e+04 7.72160e+00 1.78344e+01 9.67913e+00 6.68301e+00 0.00000e+00 0.00000e+00 
1.48635e+04 9.03927e+00 1.30038e+01 1.28135e+01 9.10161e+00 0.00000e+00 0.00000e+00 
1.48716e+04 8.67559e+00 1.41404e+01 1.14187e+01 9.00961e+00 0.00000e+00 0.00000e+00 
1.48797e+04 6.33696e+00 1.60082e+01 1.23915e+01 9.11401e+00 0.00000e+00 0.00000e+00 
1.48878e+04 6.66212e+00 1.64383e+01 9.91841e+00 9.64990e+00 0.00000e+00 0.00000e+00 
1.48959e+04 8.30112e+00 1.20964e+01 1.28235e+01 8.03272e+00 0.00000e+00 0.00000e+00 
1.49040e+04 6.91650e+00 1.52077e+01 8.10218e+00 8.46301e+00 0.00000e+00 0.00000e+00 
1.49121e+04 5.36840e+00 1.32000e+01 7.29890e+00 1.05410e+01 0.00000e+00 0.00000e+00 
1.49202e+04 6.53253e+00 1.58868e+01 8.08606e+00 1.15029e+01 0.00000e+00 0.00000e+00 
1.49283e+04 6.12231e+00 1.73678e+01 7.96972e+00 1.37640e+01 0.00000e+00 0.00000e+00 
1.49364e+04 5.49269e+00 1.95340e+01 7.52962e+00 1.12153e+01 0.00000e+00 0.00000e+00 
1.49445e+04 7.19221e+00 1.83060e+01 8.17200e+00 1.12273e+01 0.00000e+00 0.00000e+00 
1.49526e+04 1.01436e+01 1.43593e+01 6.15977e+00 1.48841e+01 0.00000e+00 0.00000e+00 
1.49607e+04 7.28460e+00 1.48646e+01 6.28267e+00 1.28440e+01 0.00000e+00 0.00000e+00 
1.49688e+04 6.52046e+00 1.87097e+01 5.24739e+00 1.12573e+01 0.00000e+00 0.00000e+00 
1.49769e+04 8.97382e+00 1.77219e+01 6.01986e+00 9.22020e+00 0.00000e+00 0.00000e+00 
1.49850e+04 1.20290e+01 1.77561e+01 6.24666e+00 1.27652e+01 0.00000e+00 0.00000e+00 
1.49931e+04 1.26969e+01 2.08690e+01 3.60251e+00 1.52682e+01 0.00000e+00 0.00000e+00 
1.50012e+04 1.25573e+01 1.56267e+01 4.75597e+00 1.16083e+01 0.00000e+00 0.00000e+00 
1.50093e+04 1.29873e+01 1.84616e+01 5.55576e+00 1.30117e+01 0.00000e+00 0.00000e+00 
1.50174e+04 1.20024e+01 1.53265e+01 4.28890e+00 1.27461e+01 0.00000e+00 0.00000e+00 
1.50255e+04 1.11877e+01 1.62099e+01 6.44721e+00 1.32196e+01 0.00000e+00 0.00000e+00 
1.50336e+04 1.08707e+01 1.59137e+01 3.82331e+00 9.49749e+00 0.00000e+00 0.00000e+00 
1.50417e+04 1.09122e+01 1.27356e+01 4.29855e+00 9.20416e+00 0.00000e+00 0.00000e+00 
1.50498e+04 6.27200e+00 1.54820e+01 4.64774e+00 8.24273e+00 0.00000e+00 0.00000e+00 
1.50579e+04 8.50232e+00 1.46400e+01 3.66645e+00 6.74702e+00 0.00000e+00 0.00000e+00 
1.50660e+04 7.76690e+00 1.64914e+01 7.23991e+00 5.40198e+00 0.00000e+00 0.00000e+00 
1.50741e+04 7.04729e+00 1.63702e+01 8.26799e+00 1.02579e+01 0.00000e+00 0.00000e+00 
1.50822e+04 6.09608e+00 1.38199e+01 7.65579e+00 7.22482e+00 0.00000e+00 0.00000e+00 
1.50903e+04 7.44486e+00 1.46491e+01 6.03887e+00 5.73926e+00 0.00000e+00 0.00000e+00 
1.50984e+04 7.41589e+00 1.59505e+01 3.60388e+00 9.43902e+00 0.00000e+00 0.00000e+00 
1.51065e+04 7.06420e+00 1.57915e+01 3.31221e+00 6.66507e+00 0.00000e+00 0.00000e+00 
1.51146e+04 8.74773e+00 1.57173e+01 2.40723e+00 7.06887e+00 0.00000e+00 0.00000e+00 
1.51227e+04 7.93650e+00 1.30141e+01 3.07812e+00 7.67163e+00 0.00000e+00 0.00000e+00 
1.51308e+04 8.61544e+00 1.16887e+01 5.72675e+00 9.15275e+00 0.00000e+00 0.00000e+00 
1.51389e+04 1.03516e+01 8.75000e+00 3.97733e+00 6.49731e+00 0.00000e+00 0.00000e+00 
1.51470e+04 8.91351e+00 1.16070e+01 5.12970e+00 8.31538e+00 0.00000e+00 0.00000e+00 
1.51551e+04 1.25764e+01 1.45663e+01 5.06685e+00 7.84499e+00 0.00000e+00 0.00000e+00 
1.51632e+04 6.76095e+00 1.39716e+01 5.10779e+00 8.55504e+00 0.00000e+00 0.00000e+00 
1.51713e+04 9.22596e+00 1.27738e+01 4.42384e+00 1.13594e+01 0.00000e+00 0.00000e+00 
1.51794e+04 8.18106e+00 1.40549e+01 5.64164e+00 1.00737e+01 0.00000e+00 0.00000e+00 
1.51875e+04 7.22490e+00 1.49705e+01 4.25931e+00 1.09600e+01 0.00000e+00 0.00000e+00 
1.51956e+04 6.29777e+00 1.87632e+01 7.58276e+00 1.27177e+01 0.00000e+00 0.00000e+00 
1.52037e+04 6.96799e+00 1.61334e+01 7.01952e+00 1.43071e+01 0.00000e+00 0.00000e+00 
1.52118e+04 8.77855e+00 1.47524e+01 7.30488e+00 1.13683e+01 0.00000e+00 0.00000e+00 
1.52199e+04 1.02163e+01 1.70313e+01 9.01044e+00 1.43782e+01 0.00000e+00 0.00000e+00 
1.52280e+04 8.13854e+00 1.54469e+01 6.18432e+00 1.30985e+01 0.00000e+00 0.00000e+00 
1.52361e+04 8.11387e+00 1.59848e+01 8.55185e+00 1.61872e+01 0.00000e+00 0.00000e+00 
1.52442e+04 8.84686e+00 1.54926e+01 7.40054e+00 1.78381e+01 0.00000e+00 0.00000e+00 
1.52523e+04 1.00749e+01 1.34529e+01 4.21270e+00 1.13422e+01 0.00000e+00 0.00000e+00 
1.52604e+04 6.85886e+00 1.24453e+01 4.60961e+00 1.24111e+01 0.00000e+00 0.00000e+00 
1.52685e+04 8.32880e+00 1.35494e+01 5.97483e+00 1.25303e+01 0.00000e+00 0.00000e+00 
1.52766e+04 5.14666e+00 1.33496e+01 3.75986e+00 1.21081e+01 0.00000e+00 0.00000e+00 
1.52847e+04 4.66997e+00 1.48259e+01 4.98412e+00 1.27294e+01 0.00000e+00 0.00000e+00 
1.52928e+04 7.53150e+00 1.64182e+01 4.30392e+00 9.50523e+00 0.00000e+00 0.00000e+00 
1.53009e+04 5.80127e+00 1.28357e+01 4.74394e+00 9.55454e+00 0.00000e+00 0.00000e+00 
1.53090e+04 4.53201e+00 1.44502e+01 7.42383e+00 9.59719e+00 0.00000e+00 0.00000e+00 
1.53171e+04 6.47976e+00 1.62322e+01 9.00635e+00 7.08095e+00 0.00000e+00 0.00000e+00 
1.53252e+04 6.51147e+00 1.77379e+01 6.35090e+00 9.03900e+00 0.00000e+00 0.00000e+00 
1.53333e+04 5.65307e+00 1.65386e+01 8.69505e+00 9.06631e+00 0.00000e+00 0.00000e+00 
1.53414e+04 5.28780e+00 1.37632e+01 6.61200e+00 9.12504e+00 0.00000e+00 0.00000e+00 
1.53495e+04 5.48450e+00 1.53826e+01 8.31137e+00 8.92110e+00 0.00000e+00 0.00000e+00 
1.53576e+04 4.85884e+00 1.32917e+01 7.94404e+00 1.07056e+01 0.00000e+00 0.00000e+00 
1.53657e+04 4.64633e+00 1.50794e+01 7.01644e+00 1.31919e+01 0.00000e+00 0.00000e+00 
1.53738e+04 3.80818e+00 1.59624e+01 8.55256e+00 1.44537e+01 0.00000e+00 0.00000e+00 
1.53819e+04 3.88875e+00 1.33442e+01 1.10501e+01 9.11056e+00 0.00000e+00 0.00000e+00 
1.53900e+04 7.01788e+00 1.17344e+01 7.75415e+00 1.22112e+01 0.00000e+00 0.00000e+00 
1.53981e+04 5.03746e+00 1.23948e+01 9.73239e+00 1.28701e+01 0.00000e+00 0.00000e+00 
1.54062e+04 3.02051e+00 1.22002e+01 9.17190e+00 1.09127e+01 0.00000e+00 0.00000e+00 
1.54143e+04 4.89838e+00 1.21505e+01 8.59556e+00 9.70121e+00 0.00000e+00 0.00000e+00 
1.54224e+04 7.08866e+00 1.12151e+01 5.15498e+00 8.81541e+00 0.00000e+00 0.00000e+00 
1.54305e+04 6.59253e+00 9.27504e+00 6.81373e+00 6.37611e+00 0.00000e+00 0.00000e+00 
1.54386e+04 8.05592e+00 1.38242e+01 6.65088e+00 6.75200e+00 0.00000e+00 0.00000e+00 
1.54467e+04 4.50470e+00 1.22545e+01 8.00833e+00 1.30649e+01 0.00000e+00 0.00000e+00 
1.54548e+04 4.33043e+00 1.29948e+01 5.37890e+00 1.06784e+01 0.00000e+00 0.00000e+00 
1.54629e+04 3.79372e+00 1.38212e+01 4.33422e+00 1.03627e+01 0.00000e+00 0.00000e+00 
1.54710e+04 5.78092e+00 1.23606e+01 4.56290e+00 7.37576e+00 0.00000e+00 0.00000e+00 
1.54791e+04 6.38119e+00 1.62621e+01 5.13527e+00 6.23847e+00 0.00000e+00 0.00000e+00 
1.54872e+04 9.35148e+00 1.48988e+01 8.13287e+00 5.14666e+00 0.00000e+00 0.00000e+00 
1.54953e+04 7.26624e+00 1.51808e+01 7.14537e+00 8.39596e+00 0.00000e+00 0.00000e+00 
1.55034e+04 7.45240e+00 1.27115e+01 6.94492e+00 8.31564e+00 0.00000e+00 0.00000e+00 
1.55115e+04 6.88064e+00 1.72161e+01 9.90760e+00 9.01347e+00 0.00000e+00 0.00000e+00 
1.55196e+04 1.10482e+01 1.28771e+01 5.88091e+00 6.99006e+00 0.00000e+00 0.00000e+00 
1.55277e+04 4.62696e+00 1.62550e+01 5.82825e+00 6.90991e+00 0.00000e+00 0.00000e+00 
1.55358e+04 8.14977e+00 1.68091e+01 3.49069e+00 8.50502e+00 0.00000e+00 0.00000e+00 
1.55439e+04 5.65412e+00 1.39636e+01 3.67569e+00 1.01709e+01 0.00000e+00 0.00000e+00 
1.55520e+04 6.26731e+00 1.20099e+01 5.69502e+00 1.06211e+01 0.00000e+00 0.00000e+00 
1.55601e+04 3.35965e+00 1.38162e+01 1.41059e+00 9.36676e+00 0.00000e+00 0.00000e+00 
1.55682e+04 6.91599e+00 1.25790e+01 4.51784e+00 1.12712e+01 0.00000e+00 0.00000e+00 
1.55763e+04 4.69278e+00 1.36106e+01 5.79246e+00 1.03636e+01 0.00000e+00 0.00000e+00 
1.55844e+04 5.67235e+00 1.38383e+01 8.08905e+00 1.08707e+01 0.00000e+00 0.00000e+00 
1.55925e+04 2.65350e+00 1.25964e+01 8.45179e+00 7.42972e+00 0.00000e+00 0.00000e+00 
1.56006e+04 6.28878e+00 1.58433e+01 7.83583e+00 8.72946e+00 0.00000e+00 0.00000e+00 
1.56087e+04 8.68451e+00 1.57301e+01 9.95441e+00 1.15920e+01 0.00000e+00 0.00000e+00 
1.56168e+04 6.87106e+00 1.33424e+01 9.60047e+00 8.28256e+00 0.00000e+00 0.00000e+00 
1.56249e+04 1.14499e+01 1.27634e+01 1.29316e+01 1.25769e+01 0.00000e+00 0.00000e+00 
1.56330e+04 7.50436e+00 1.00349e+01 1.13784e+01 9.63037e+00 0.00000e+00 0.00000e+00 
1.56411e+04 7.11634e+00 1.23342e+01 1.27811e+01 1.01691e+01 0.00000e+00 0.00000e+00 
1.56492e+04 8.58923e+00 1.04975e+01 1.01072e+01 1.00795e+01 0.00000e+00 0.00000e+00 
1.56573e+04 6.89907e+00 8.41755e+00 5.47653e+00 1.02509e+01 0.00000e+00 0.00000e+00 
1.56654e+04 7.19428e+00 8.20593e+00 3.14832e+00 1.04814e+01 0.00000e+00 0.00000e+00 
1.56735e+04 1.02185e+01 9.02364e+00 4.62326e+00 6.67311e+00 0.00000e+00 0.00000e+00 
1.56816e+04 1.07366e+01 7.74771e+00 6.15439e+00 9.76350e+00 0.00000e+00 0.00000e+00 
1.56897e+04 8.56085e+00 9.61908e+00 6.81140e+00 9.48647e+00 0.00000e+00 0.00000e+00 
1.56978e+04 7.11599e+00 9.97027e+00 9.12510e+00 6.04024e+00 0.00000e+00 0.00000e+00 
1.57059e+04 8.65519e+00 1.02507e+01 7.98696e+00 9.13670e+00 0.00000e+00 0.00000e+00 
1.57140e+04 5.78818e+00 9.22407e+00 6.09665e+00 1.22349e+01 0.00000e+00 0.00000e+00 
1.57221e+04 6.67469e+00 1.19734e+01 1.31019e+01 1.09481e+01 0.00000e+00 0.00000e+00 
1.57302e+04 7.10200e+00 1.13452e+01 1.11037e+01 1.11536e+01 0.00000e+00 0.00000e+00 
1.57383e+04 4.18346e+00 1.56589e+01 6.12980e+00 1.09452e+01 0.00000e+00 0.00000e+00 
1.57464e+04 5.25304e+00 1.58810e+01 7.31575e+00 9.81996e+00 0.00000e+00 0.00000e+00 
1.57545e+04 7.01759e+00 1.27774e+01 6.48322e+00 1.10722e+01 0.00000e+00 0.00000e+00 
1.57626e+04 6.33961e+00 1.53350e+01 8.58936e+00 1.27845e+01 0.00000e+00 0.00000e+00 
1.57707e+04 5.70348e+00 1.54460e+01 1.15174e+01 1.22300e+01 0.00000e+00 0.00000e+00 
1.57788e+04 7.86579e+00 1.61770e+01 1.26152e+01 1.10929e+01 0.00000e+00 0.00000e+00 
1.57869e+04 1.31363e+01 1.50847e+01 9.68893e+00 8.79318e+00 0.00000e+00 0.00000e+00 
1.57950e+04 1.06358e+01 1.54194e+01 1.21580e+01 9.99023e+00 0.00000e+00 0.00000e+00 
1.58031e+04 7.04582e+00 1.39420e+01 1.13904e+01 1.22918e+01 0.00000e+00 0.00000e+00 
1.58112e+04 7.92959e+00 1.27472e+01 9.47927e+00 1.57723e+01 0.00000e+00 0.00000e+00 
1.58193e+04 8.63063e+00 1.34821e+01 9.24353e+00 1.65146e+01 0.00000e+00 0.00000e+00 
1.58274e+04 5.51961e+00 1.55899e+01 1.01218e+01 9.09288e+00 0.00000e+00 0.00000e+00 
1.58355e+04 8.33986e+00 1.37468e+01 7.46848e+00 8.49765e+00 0.00000e+00 0.00000e+00 
1.58436e+04 8.58277e+00 1.38714e+01 1.00585e+01 9.55870e+00 0.00000e+00 0.00000e+00 
1.58517e+04 1.29288e+01 1.36178e+01 1.14250e+01 1.29495e+01 0.00000e+00 0.00000e+00 
1.58598e+04 1.20748e+01 9.79422e+00 1.24016e+01 1.09518e+01 0.00000e+00 0.00000e+00 
1.58679e+04 1.00690e+01 1.27100e+01 1.36421e+01 1.26129e+01 0.00000e+00 0.00000e+00 
1.58760e+04 9.77413e+00 1.38108e+01 1.44296e+01 1.09129e+01 0.00000e+00 0.00000e+00 
1.58841e+04 1.15237e+01 1.25999e+01 1.59275e+01 1.20198e+01 0.00000e+00 0.00000e+00 
1.58922e+04 9.43140e+00 1.36706e+01 1.24345e+01 1.04795e+01 0.00000e+00 0.00000e+00 
1.59003e+04 1.28946e+01 1.39845e+01 1.46328e+01 8.42849e+00 0.00000e+00 0.00000e+00 
1.59084e+04 1.08270e+01 1.45141e+01 1.75988e+01 1.05369e+01 0.00000e+00 0.00000e+00 
1.59165e+04 1.01258e+01 1.19558e+01 1.97509e+01 1.20145e+01 0.00000e+00 0.00000e+00 
1.59246e+04 1.05149e+01 1.02273e+01 1.23213e+01 1.16792e+01 0.00000e+00 0.00000e+00 
1.59327e+04 1.16469e+01 1.15075e+01 1.34347e+01 8.66052e+00 0.00000e+00 0.00000e+00 
1.59408e+04 1.02718e+01 1.17672e+01 1.39595e+01 1.09211e+01 0.00000e+00 0.00000e+00 
1.59489e+04 1.44908e+01 9.41105e+00 1.26698e+01 9.99620e+00 0.00000e+00 0.00000e+00 
1.59570e+04 1.36054e+01 1.11022e+01 1.66188e+01 9.40766e+00 0.00000e+00 0.00000e+00 
1.59651e+04 1.14698e+01 1.20842e+01 1.39421e+01 1.38216e+01 0.00000e+00 0.00000e+00 
1.59732e+04 9.47903e+00 1.25196e+01 1.44573e+01 1.33494e+01 0.00000e+00 0.00000e+00 
1.59813e+04 1.26926e+01 1.24060e+01 1.42548e+01 1.61662e+01 0.00000e+00 0.00000e+00 
1.59894e+04 1.32372e+01 1.35594e+01 1.28814e+01 1.33003e+01 0.00000e+00 0.00000e+00 
1.59975e+04 1.61349e+01 1.24573e+01 1.42050e+01 1.01885e+01 0.00000e+00 0.00000e+00 
1.60056e+04 1.46973e+01 1.03345e+01 1.56752e+01 1.08135e+01 0.00000e+00 0.00000e+00 
1.60137e+04 1.53991e+01 1.02021e+01 1.22729e+01 1.21413e+01 0.00000e+00 0.00000e+00 
1.60218e+04 1.52748e+01 1.03172e+01 1.34521e+01 1.03922e+01 0.00000e+00 0.00000e+00 
1.60299e+04 1.60297e+01 1.08003e+01 1.53955e+01 8.93033e+00 0.00000e+00 0.00000e+00 
1.60380e+04 1.71161e+01 1.02226e+01 1.07795e+01 8.82735e+00 0.00000e+00 0.00000e+00 
1.60461e+04 1.97850e+01 5.44627e+00 1.58584e+01 9.40792e+00 0.00000e+00 0.00000e+00 
1.60542e+04 1.86845e+01 7.12365e+00 1.33271e+01 8.51621e+00 0.00000e+00 0.00000e+00 
1.60623e+04 1.50999e+01 5.63242e+00 1.24055e+01 1.06204e+01 0.00000e+00 0.00000e+00 
1.60704e+04 1.53156e+01 6.46104e+00 1.48762e+01 1.37177e+01 0.00000e+00 0.00000e+00 
1.60785e+04 1.23516e+01 9.92056e+00 1.26662e+01 7.42876e+00 0.00000e+00 0.00000e+00 
1.60866e+04 1.35637e+01 5.99797e+00 1.65397e+01 9.32736e+00 0.00000e+00 0.00000e+00 
1.60947e+04 1.59623e+01 7.45637e+00 1.23269e+01 7.91417e+00 0.00000e+00 0.00000e+00 
1.61028e+04 1.72491e+01 1.04724e+01 1.27870e+01 7.15062e+00 0.00000e+00 0.00000e+00 
1.61109e+04 1.96365e+01 1.05653e+01 1.46494e+01 9.27004e+00 0.00000e+00 0.00000e+00 
1.61190e+04 1.62576e+01 1.36576e+01 1.28838e+01 1.19368e+01 0.00000e+00 0.00000e+00 
1.61271e+04 1.80787e+01 9.92023e+00 1.16747e+01 8.70427e+00 0.00000e+00 0.00000e+00 
1.61352e+04 1.72218e+01 1.12649e+01 1.21233e+01 9.32339e+00 0.00000e+00 0.00000e+00 
1.61433e+04 1.68903e+01 1.30585e+01 1.26140e+01 6.62942e+00 0.00000e+00 0.00000e+00 
1.61514e+04 1.90386e+01 1.09438e+01 1.18611e+01 9.81193e+00 0.00000e+00 0.00000e+00 
1.61595e+04 1.71532e+01 1.20656e+01 1.06672e+01 1.08788e+01 0.00000e+00 0.00000e+00 
1.61676e+04 1.60044e+01 9.84791e+00 1.11659e+01 7.63829e+00 0.00000e+00 0.00000e+00 
1.61757e+04 1.54040e+01 1.35519e+01 1.47765e+01 1.16202e+01 0.00000e+00 0.00000e+00 
1.61838e+04 1.44157e+01 1.07654e+01 1.25402e+01 6.17216e+00 0.00000e+00 0.00000e+00 
1.61919e+04 1.54936e+01 1.07610e+01 1.67853e+01 9.93638e+00 0.00000e+00 0.00000e+00 
1.62000e+04 1.85378e+01 9.80596e+00 1.61466e+01 8.55759e+00 0.00000e+00 0.00000e+00 
