1.62081e+04 1.32807e+01 1.03543e+01 1.38690e+01 7.73949e+00 0.00000e+00 0.00000e+00 
1.62162e+04 1.42867e+01 1.11099e+01 1.76685e+01 5.99525e+00 0.00000e+00 0.00000e+00 
1.62243e+04 1.77106e+01 9.09684e+00 1.65785e+01 7.89521e+00 0.00000e+00 0.00000e+00 
1.62324e+04 1.54230e+01 1.26818e+01 1.40326e+01 9.45570e+00 0.00000e+00 0.00000e+00 
1.62405e+04 1.49577e+01 1.28642e+01 1.37032e+01 8.28807e+00 0.00000e+00 0.00000e+00 
1.62486e+04 1.43218e+01 1.28506e+01 1.27579e+01 9.15303e+00 0.00000e+00 0.00000e+00 
1.62567e+04 1.61188e+01 1.13090e+01 1.00318e+01 9.19327e+00 0.00000e+00 0.00000e+00 
1.62648e+04 1.27377e+01 9.45866e+00 1.06211e+01 7.50103e+00 0.00000e+00 0.00000e+00 
1.62729e+04 1.41716e+01 9.51289e+00 1.12378e+01 7.44181e+00 0.00000e+00 0.00000e+00 
1.62810e+04 1.43374e+01 1.12867e+01 1.36461e+01 6.40182e+00 0.00000e+00 0.00000e+00 
1.62891e+04 1.24705e+01 9.34263e+00 1.26864e+01 4.45435e+00 0.00000e+00 0.00000e+00 
1.62972e+04 1.20091e+01 9.00404e+00 1.03909e+01 6.07248e+00 0.00000e+00 0.00000e+00 
1.63053e+04 1.12122e+01 1.09768e+01 1.15333e+01 6.18780e+00 0.00000e+00 0.00000e+00 
1.63134e+04 1.15881e+01 1.12925e+01 1.08490e+01 5.31733e+00 0.00000e+00 0.00000e+00 
1.63215e+04 1.21776e+01 1.13618e+01 1.28874e+01 7.14522e+00 0.00000e+00 0.00000e+00 
1.63296e+04 9.85958e+00 8.41095e+00 1.16779e+01 5.48757e+00 0.00000e+00 0.00000e+00 
1.63377e+04 1.33276e+01 6.21613e+00 1.19562e+01 8.64552e+00 0.00000e+00 0.00000e+00 
1.63458e+04 1.26804e+01 6.48294e+00 1.09988e+01 7.87194e+00 0.00000e+00 0.00000e+00 
1.63539e+04 1.26682e+01 6.50444e+00 1.06127e+01 5.57410e+00 0.00000e+00 0.00000e+00 
1.63620e+04 1.42996e+01 7.79360e+00 1.06977e+01 8.41309e+00 0.00000e+00 0.00000e+00 
1.63701e+04 1.34037e+01 2.92285e+00 1.15447e+01 6.95152e+00 0.00000e+00 0.00000e+00 
1.63782e+04 1.33981e+01 7.39404e+00 1.31421e+01 6.16555e+00 0.00000e+00 0.00000e+00 
1.63863e+04 1.14379e+01 6.26383e+00 1.39832e+01 5.86402e+00 0.00000e+00 0.00000e+00 
1.63944e+04 1.23161e+01 6.38304e+00 1.10556e+01 3.78125e+00 0.00000e+00 0.00000e+00 
1.64025e+04 1.05699e+01 4.23960e+00 1.34579e+01 7.86266e+00 0.00000e+00 0.00000e+00 
1.64106e+04 9.71321e+00 3.74382e+00 1.38119e+01 9.55376e+00 0.00000e+00 0.00000e+00 
1.64187e+04 1.00768e+01 3.84932e+00 1.32341e+01 8.76914e+00 0.00000e+00 0.00000e+00 
1.64268e+04 9.95256e+00 3.73234e+00 1.20053e+01 8.44932e+00 0.00000e+00 0.00000e+00 
1.64349e+04 1.01220e+01 3.56159e+00 1.01178e+01 9.44908e+00 0.00000e+00 0.00000e+00 
1.64430e+04 1.00055e+01 4.58365e+00 1.03494e+01 6.26065e+00 0.00000e+00 0.00000e+00 
1.64511e+04 7.80919e+00 2.17715e+00 8.34944e+00 9.44993e+00 0.00000e+00 0.00000e+00 
1.64592e+04 1.04427e+01 2.10452e+00 8.81160e+00 8.62742e+00 0.00000e+00 0.00000e+00 
1.64673e+04 1.01544e+01 2.01182e+00 8.73903e+00 7.36057e+00 0.00000e+00 0.00000e+00 
1.64754e+04 1.22511e+01 2.06954e+00 8.03474e+00 6.84963e+00 0.00000e+00 0.00000e+00 
1.64835e+04 1.07701e+01 2.33208e+00 7.92432e+00 5.94007e+00 0.00000e+00 0.00000e+00 
1.64916e+04 9.96104e+00 2.17628e+00 1.05355e+01 6.44802e+00 0.00000e+00 0.00000e+00 
1.64997e+04 9.32604e+00 4.04356e+00 6.19984e+00 5.16796e+00 0.00000e+00 0.00000e+00 
1.65078e+04 1.06306e+01 1.99455e+00 5.62653e+00 5.51746e+00 0.00000e+00 0.00000e+00 
1.65159e+04 1.29879e+01 2.46452e+00 4.06576e+00 3.09778e+00 0.00000e+00 0.00000e+00 
1.65240e+04 1.27601e+01 3.04914e+00 5.94113e+00 1.70549e+00 0.00000e+00 0.00000e+00 
1.65321e+04 1.12631e+01 1.44983e+00 4.05501e+00 4.11731e+00 0.00000e+00 0.00000e+00 
1.65402e+04 1.22418e+01 2.29008e+00 4.71179e+00 5.20411e+00 0.00000e+00 3.33333e-02 
1.65483e+04 8.17477e+00 2.69100e+00 5.73977e+00 2.31199e+00 0.00000e+00 3.33333e-02 
1.65564e+04 9.24446e+00 4.13408e+00 2.57895e+00 3.17967e+00 0.00000e+00 0.00000e+00 
1.65645e+04 6.96785e+00 9.32885e-01 3.88392e+00 3.71243e+00 0.00000e+00 0.00000e+00 
1.65726e+04 8.46038e+00 2.46349e+00 5.49636e+00 3.05856e+00 0.00000e+00 0.00000e+00 
1.65807e+04 1.01856e+01 1.29705e+00 5.04314e+00 2.28261e+00 0.00000e+00 0.00000e+00 
1.65888e+04 1.07459e+01 2.85385e+00 3.78844e+00 2.42398e+00 0.00000e+00 0.00000e+00 
1.65969e+04 1.09791e+01 2.75824e+00 5.39953e+00 2.68132e+00 0.00000e+00 0.00000e+00 
1.66050e+04 9.62570e+00 1.60838e+00 3.98501e+00 3.21582e+00 0.00000e+00 0.00000e+00 
1.66131e+04 1.25448e+01 2.32884e+00 4.79216e+00 2.72457e-01 0.00000e+00 0.00000e+00 
1.66212e+04 9.55830e+00 2.08831e+00 5.54895e+00 2.93862e+00 0.00000e+00 0.00000e+00 
1.66293e+04 8.69586e+00 2.51154e+00 3.72208e+00 2.03531e+00 0.00000e+00 0.00000e+00 
1.66374e+04 9.69295e+00 3.34349e+00 3.79759e+00 2.40270e+00 0.00000e+00 0.00000e+00 
1.66455e+04 9.27711e+00 2.72677e+00 4.46016e+00 1.40768e+00 0.00000e+00 0.00000e+00 
1.66536e+04 1.10255e+01 4.68900e+00 7.07952e+00 1.89007e+00 0.00000e+00 0.00000e+00 
1.66617e+04 1.08630e+01 2.29436e+00 3.58998e+00 3.32650e+00 0.00000e+00 0.00000e+00 
1.66698e+04 7.54213e+00 3.47183e+00 4.30764e+00 2.47442e+00 0.00000e+00 0.00000e+00 
1.66779e+04 8.51060e+00 3.07239e+00 1.57661e+00 1.55550e+00 0.00000e+00 0.00000e+00 
1.66860e+04 7.10391e+00 2.72297e+00 3.23991e+00 2.64073e+00 0.00000e+00 0.00000e+00 
1.66941e+04 7.81909e+00 4.14983e+00 2.28813e+00 2.70285e+00 0.00000e+00 0.00000e+00 
1.67022e+04 9.98516e+00 4.68459e+00 2.28775e+00 1.12998e+00 0.00000e+00 0.00000e+00 
1.67103e+04 1.00148e+01 2.62813e+00 2.92800e+00 2.25955e+00 0.00000e+00 0.00000e+00 
1.67184e+04 9.53729e+00 2.04454e+00 4.33647e+00 1.66851e+00 0.00000e+00 0.00000e+00 
1.67265e+04 8.52461e+00 2.36046e+00 3.55713e+00 3.55889e+00 0.00000e+00 0.00000e+00 
1.67346e+04 1.16703e+01 3.40977e+00 2.31308e+00 1.67247e+00 0.00000e+00 0.00000e+00 
1.67427e+04 9.92906e+00 1.19397e+00 4.06430e+00 1.94781e+00 0.00000e+00 0.00000e+00 
1.67508e+04 9.02243e+00 2.93462e+00 2.86544e+00 2.72262e+00 0.00000e+00 0.00000e+00 
1.67589e+04 9.11525e+00 3.29965e+00 1.08374e+00 1.97183e+00 0.00000e+00 0.00000e+00 
1.67670e+04 1.17288e+01 2.65116e+00 1.24158e+00 1.64872e+00 0.00000e+00 0.00000e+00 
1.67751e+04 1.06184e+01 1.21377e+00 9.18082e-01 2.07371e+00 0.00000e+00 0.00000e+00 
1.67832e+04 1.13979e+01 1.13050e+00 9.89655e-01 2.11923e+00 0.00000e+00 0.00000e+00 
1.67913e+04 1.07777e+01 1.32684e+00 1.51494e+00 1.66784e+00 0.00000e+00 0.00000e+00 
1.67994e+04 9.83375e+00 2.27372e+00 2.32417e+00 2.86766e+00 0.00000e+00 0.00000e+00 
1.68075e+04 8.57239e+00 5.70422e-01 1.53454e+00 3.66118e+00 0.00000e+00 0.00000e+00 
1.68156e+04 1.04179e+01 1.52324e+00 6.19411e-01 3.08466e+00 0.00000e+00 0.00000e+00 
1.68237e+04 8.99683e+00 1.47995e+00 2.73224e+00 2.98317e+00 0.00000e+00 0.00000e+00 
1.68318e+04 8.14744e+00 1.20706e+00 2.26930e+00 2.49643e+00 0.00000e+00 0.00000e+00 
1.68399e+04 1.03616e+01 3.11150e+00 1.54077e+00 4.44289e+00 0.00000e+00 0.00000e+00 
1.68480e+04 9.65898e+00 1.73403e+00 3.63790e-01 4.11968e+00 0.00000e+00 0.00000e+00 
1.68561e+04 7.24686e+00 1.36905e+00 3.63790e-01 2.91798e+00 0.00000e+00 0.00000e+00 
1.68642e+04 1.11020e+01 1.37342e+00 3.63790e-01 2.68472e+00 0.00000e+00 0.00000e+00 
1.68723e+04 6.11915e+00 2.05090e+00 3.68970e-01 2.43130e+00 0.00000e+00 0.00000e+00 
1.68804e+04 8.11771e+00 1.33447e+00 6.70391e-01 2.92955e+00 0.00000e+00 0.00000e+00 
1.68885e+04 9.81123e+00 3.05377e+00 1.31116e+00 3.37476e+00 0.00000e+00 0.00000e+00 
1.68966e+04 1.07902e+01 2.05395e+00 1.54334e+00 3.09684e+00 0.00000e+00 0.00000e+00 
1.69047e+04 1.03954e+01 2.52443e+00 2.04265e+00 2.43041e+00 0.00000e+00 0.00000e+00 
1.69128e+04 8.19559e+00 6.02767e-01 4.90982e-01 2.19041e+00 0.00000e+00 0.00000e+00 
1.69209e+04 9.23827e+00 2.77833e+00 2.74977e+00 2.45135e+00 0.00000e+00 0.00000e+00 
1.69290e+04 8.76915e+00 2.25179e+00 2.08967e+00 1.72363e+00 0.00000e+00 0.00000e+00 
1.69371e+04 9.63169e+00 1.11266e+00 1.38780e+00 2.24862e+00 0.00000e+00 0.00000e+00 
1.69452e+04 8.61533e+00 2.39796e+00 1.98828e+00 2.48977e+00 0.00000e+00 3.33333e-02 
1.69533e+04 7.86780e+00 1.19115e+00 1.36201e+00 1.79738e+00 0.00000e+00 3.33333e-02 
1.69614e+04 7.53897e+00 2.66703e+00 3.30530e+00 1.16522e+00 0.00000e+00 3.33333e-02 
1.69695e+04 7.20131e+00 2.43666e+00 1.74555e+00 3.64097e+00 0.00000e+00 6.66667e-02 
1.69776e+04 8.31120e+00 2.61333e+00 8.76513e-01 3.95679e+00 0.00000e+00 3.33333e-02 
1.69857e+04 6.60012e+00 2.69005e+00 1.33561e+00 1.81743e+00 0.00000e+00 6.66667e-02 
1.69938e+04 5.94961e+00 2.21905e+00 8.73276e-01 3.94467e+00 0.00000e+00 6.66667e-02 
1.70019e+04 4.97698e+00 2.90068e+00 7.69613e-01 2.05819e+00 0.00000e+00 3.33333e-02 
1.70100e+04 7.22965e+00 2.10084e+00 2.56254e+00 1.79060e+00 0.00000e+00 3.33333e-02 
1.70181e+04 5.00475e+00 3.23292e+00 3.53391e+00 1.73961e+00 0.00000e+00 3.33333e-02 
1.70262e+04 6.32432e+00 6.75440e-01 1.34422e+00 1.27553e+00 0.00000e+00 3.33333e-02 
1.70343e+04 5.84217e+00 1.45840e+00 3.07777e+00 9.10604e-01 0.00000e+00 0.00000e+00 
1.70424e+04 6.01542e+00 2.11283e+00 1.78083e+00 4.01059e-01 0.00000e+00 0.00000e+00 
1.70505e+04 4.45625e+00 1.64957e+00 5.03781e-01 1.35181e+00 0.00000e+00 0.00000e+00 
1.70586e+04 3.42347e+00 3.00684e+00 2.35001e+00 1.43791e+00 0.00000e+00 0.00000e+00 
1.70667e+04 5.68161e+00 2.22591e+00 9.44853e-01 1.25634e+00 0.00000e+00 0.00000e+00 
1.70748e+04 4.03644e+00 2.12310e+00 2.30097e+00 2.52680e-01 0.00000e+00 0.00000e+00 
1.70829e+04 3.48216e+00 5.65550e+00 2.24556e+00 2.73053e+00 0.00000e+00 0.00000e+00 
1.70910e+04 4.19589e+00 3.46708e+00 2.17657e+00 2.72190e+00 0.00000e+00 0.00000e+00 
1.70991e+04 5.55981e+00 8.58605e-01 2.25161e+00 1.56902e+00 0.00000e+00 0.00000e+00 
1.71072e+04 3.89406e+00 2.56899e+00 1.00185e+00 5.68705e-01 0.00000e+00 0.00000e+00 
1.71153e+04 2.00836e+00 7.97374e-01 1.30084e+00 3.52400e-01 0.00000e+00 0.00000e+00 
1.71234e+04 9.13586e-01 1.16206e+00 2.00599e+00 3.92207e-01 0.00000e+00 0.00000e+00 
1.71315e+04 1.89590e+00 2.75723e+00 1.94498e+00 9.95202e-01 0.00000e+00 0.00000e+00 
1.71396e+04 1.35669e+00 2.05249e+00 3.66780e-01 2.93628e+00 0.00000e+00 0.00000e+00 
1.71477e+04 2.57868e+00 2.91768e+00 9.87027e-01 1.80491e+00 0.00000e+00 0.00000e+00 
1.71558e+04 1.96539e+00 2.11885e+00 1.01129e+00 1.38202e+00 3.33333e-02 0.00000e+00 
1.71639e+04 2.49772e+00 2.09887e+00 4.66623e+00 8.00034e-01 0.00000e+00 0.00000e+00 
1.71720e+04 1.15453e+00 1.36027e+00 1.66971e+00 1.85494e+00 0.00000e+00 0.00000e+00 
1.71801e+04 2.49454e+00 1.22857e+00 2.05000e+00 9.72894e-01 0.00000e+00 0.00000e+00 
1.71882e+04 1.20463e+00 2.07013e+00 1.72062e+00 1.02264e+00 0.00000e+00 0.00000e+00 
1.71963e+04 6.91557e-01 2.07801e+00 2.19653e+00 2.90551e+00 3.33333e-02 0.00000e+00 
1.72044e+04 9.55957e-01 2.05780e+00 1.87996e+00 2.09337e+00 3.33333e-02 0.00000e+00 
1.72125e+04 2.59572e+00 2.32505e+00 6.47151e-01 3.51344e+00 3.33333e-02 0.00000e+00 
1.72206e+04 1.50947e+00 2.22894e+00 1.99987e+00 2.51926e+00 0.00000e+00 0.00000e+00 
1.72287e+04 3.04009e+00 1.99911e+00 5.98819e-01 2.32165e+00 0.00000e+00 0.00000e+00 
1.72368e+04 1.79811e+00 2.74280e+00 8.35181e-01 1.86594e+00 0.00000e+00 0.00000e+00 
1.72449e+04 2.58730e+00 1.39318e+00 1.18124e+00 1.95558e+00 0.00000e+00 0.00000e+00 
1.72530e+04 1.30775e+00 2.16945e+00 1.77254e+00 1.09287e+00 0.00000e+00 0.00000e+00 
1.72611e+04 1.37448e+00 1.58380e+00 3.16868e+00 2.87818e+00 0.00000e+00 0.00000e+00 
1.72692e+04 2.25268e+00 1.95149e+00 1.16505e+00 1.49502e+00 3.33333e-02 0.00000e+00 
1.72773e+04 2.16383e+00 1.60708e+00 1.84151e+00 1.33375e+00 0.00000e+00 0.00000e+00 
1.72854e+04 2.84738e+00 5.76731e-01 1.94215e+00 2.34967e+00 0.00000e+00 0.00000e+00 
1.72935e+04 8.73255e-01 2.90775e+00 1.47482e+00 1.93213e+00 0.00000e+00 3.33333e-02 
1.73016e+04 1.41146e+00 3.78519e-01 1.47297e+00 3.39747e-01 0.00000e+00 3.33333e-02 
1.73097e+04 8.30099e-01 9.16727e-01 2.19741e+00 1.58593e+00 0.00000e+00 3.33333e-02 
1.73178e+04 4.34087e+00 2.00668e+00 1.73125e+00 2.75995e+00 0.00000e+00 3.33333e-02 
1.73259e+04 3.44187e+00 1.48685e+00 2.26885e+00 2.72881e+00 3.33333e-02 3.33333e-02 
1.73340e+04 2.11580e+00 2.12217e+00 1.46120e+00 2.93134e+00 0.00000e+00 3.33333e-02 
1.73421e+04 1.46777e+00 1.45318e+00 2.94105e+00 5.38014e+00 0.00000e+00 3.33333e-02 
1.73502e+04 6.74260e-01 7.54742e-01 2.50880e+00 3.59042e-01 0.00000e+00 3.33333e-02 
1.73583e+04 1.37339e+00 8.57108e-01 2.38764e+00 2.44096e+00 0.00000e+00 3.33333e-02 
1.73664e+04 1.26554e+00 1.19918e+00 1.30347e+00 1.10002e+00 0.00000e+00 0.00000e+00 
1.73745e+04 3.13651e+00 1.66436e+00 2.14209e+00 2.75627e+00 0.00000e+00 0.00000e+00 
1.73826e+04 1.25741e+00 7.28580e-01 3.49760e+00 1.91426e+00 0.00000e+00 0.00000e+00 
1.73907e+04 2.34310e+00 6.84252e-01 1.12111e+00 1.35004e+00 0.00000e+00 0.00000e+00 
1.73988e+04 2.79169e+00 2.61814e+00 2.61700e+00 2.21207e+00 0.00000e+00 0.00000e+00 
1.74069e+04 1.86909e+00 2.16981e+00 1.23673e+00 3.07286e+00 0.00000e+00 0.00000e+00 
1.74150e+04 1.23066e+00 9.57130e-01 2.02167e+00 8.85153e-01 0.00000e+00 0.00000e+00 
1.74231e+04 1.66860e+00 1.78241e+00 2.36929e+00 2.47614e+00 0.00000e+00 0.00000e+00 
1.74312e+04 2.23711e+00 4.10832e+00 1.31149e+00 3.07063e+00 0.00000e+00 0.00000e+00 
1.74393e+04 1.30400e+00 2.94995e+00 1.02416e+00 2.15650e+00 0.00000e+00 3.33333e-02 
1.74474e+04 2.51866e+00 2.48316e+00 1.42413e+00 2.27854e+00 0.00000e+00 6.66667e-02 
1.74555e+04 7.32869e-01 7.60952e-01 1.64252e+00 5.84847e-01 0.00000e+00 0.00000e+00 
1.74636e+04 8.50084e-01 2.63527e+00 1.37679e+00 3.67512e+00 0.00000e+00 0.00000e+00 
1.74717e+04 6.97093e-01 2.13867e+00 2.19939e+00 9.70789e-01 0.00000e+00 0.00000e+00 
1.74798e+04 1.48418e+00 1.56202e+00 2.45396e+00 1.62537e+00 0.00000e+00 0.00000e+00 
1.74879e+04 6.48650e-01 1.12686e+00 1.41180e+00 1.96409e+00 0.00000e+00 0.00000e+00 
1.74960e+04 1.29052e+00 1.18904e+00 1.23153e+00 3.51018e+00 0.00000e+00 0.00000e+00 
1.75041e+04 1.13375e+00 2.02538e+00 1.57924e+00 2.81239e+00 0.00000e+00 0.00000e+00 
1.75122e+04 1.93748e+00 1.10620e+00 4.53186e-01 2.67733e+00 0.00000e+00 0.00000e+00 
1.75203e+04 1.94747e+00 1.08617e+00 9.74219e-01 2.42713e+00 0.00000e+00 0.00000e+00 
1.75284e+04 1.62290e+00 3.36832e-01 6.16842e-01 5.15061e+00 0.00000e+00 0.00000e+00 
1.75365e+04 9.75868e-01 7.69618e-01 3.14998e+00 5.78623e+00 0.00000e+00 0.00000e+00 
1.75446e+04 2.50649e+00 3.01883e-01 7.14432e-01 6.73013e+00 0.00000e+00 0.00000e+00 
1.75527e+04 2.74588e+00 1.15085e+00 1.17817e+00 3.57400e+00 0.00000e+00 0.00000e+00 
1.75608e+04 3.10242e+00 1.00500e+00 8.75967e-01 3.25555e+00 0.00000e+00 0.00000e+00 
1.75689e+04 1.23606e+00 1.57474e+00 1.55767e+00 4.04438e+00 0.00000e+00 0.00000e+00 
1.75770e+04 1.98666e+00 1.91369e+00 1.46520e+00 4.91429e+00 0.00000e+00 0.00000e+00 
1.75851e+04 9.87104e-01 2.07946e+00 3.24697e+00 6.21455e+00 0.00000e+00 0.00000e+00 
1.75932e+04 1.55781e+00 9.60403e-01 1.72969e+00 4.18953e+00 0.00000e+00 0.00000e+00 
1.76013e+04 1.98222e+00 6.97339e-01 1.39576e+00 2.46279e+00 0.00000e+00 0.00000e+00 
1.76094e+04 9.29763e-01 2.22764e+00 2.30576e+00 1.33849e+00 3.33333e-02 0.00000e+00 
1.76175e+04 5.01289e+00 1.18349e+00 2.61323e+00 1.79302e+00 0.00000e+00 0.00000e+00 
1.76256e+04 1.13622e+00 2.29513e+00 1.85075e+00 2.86885e+00 0.00000e+00 0.00000e+00 
1.76337e+04 1.06455e+00 2.50848e+00 1.42159e+00 1.96757e+00 0.00000e+00 0.00000e+00 
1.76418e+04 1.14103e+00 1.31177e+00 1.67558e+00 1.87957e+00 0.00000e+00 0.00000e+00 
1.76499e+04 2.22981e+00 2.89406e+00 2.42919e+00 3.04893e+00 0.00000e+00 0.00000e+00 
1.76580e+04 1.71856e+00 1.49526e+00 4.00246e+00 1.52888e+00 0.00000e+00 0.00000e+00 
1.76661e+04 2.46314e+00 3.16305e+00 1.45240e+00 3.33356e+00 0.00000e+00 0.00000e+00 
1.76742e+04 1.28747e+00 2.54360e+00 1.18922e+00 2.98770e+00 0.00000e+00 0.00000e+00 
1.76823e+04 9.80156e-01 1.62936e+00 7.50496e-01 1.61022e+00 0.00000e+00 0.00000e+00 
1.76904e+04 2.51828e+00 2.21192e+00 1.33524e+00 7.78461e-01 0.00000e+00 0.00000e+00 
1.76985e+04 2.38710e+00 8.84936e-01 2.12891e+00 2.11704e+00 0.00000e+00 0.00000e+00 
1.77066e+04 1.21375e+00 1.60111e+00 1.30795e+00 1.71323e+00 0.00000e+00 0.00000e+00 
1.77147e+04 2.59739e+00 1.53722e+00 1.77931e+00 4.09143e+00 0.00000e+00 0.00000e+00 
1.77228e+04 1.81347e+00 7.45336e-01 1.97527e+00 4.07835e+00 0.00000e+00 0.00000e+00 
1.77309e+04 5.18006e-01 3.94776e+00 1.88635e+00 2.82147e+00 0.00000e+00 0.00000e+00 
1.77390e+04 6.49203e-01 1.69845e+00 1.45918e+00 1.68636e+00 0.00000e+00 0.00000e+00 
1.77471e+04 9.02769e-01 1.03598e+00 1.83248e+00 3.43270e+00 0.00000e+00 0.00000e+00 
1.77552e+04 2.31361e+00 1.72482e+00 1.78448e+00 2.05959e+00 0.00000e+00 0.00000e+00 
1.77633e+04 2.47350e+00 1.97221e+00 9.00772e-01 2.58816e+00 0.00000e+00 0.00000e+00 
1.77714e+04 2.14664e+00 2.16949e+00 9.10877e-01 1.17886e+00 0.00000e+00 0.00000e+00 
1.77795e+04 2.38223e+00 1.13521e+00 6.09147e-01 1.82968e+00 0.00000e+00 0.00000e+00 
1.77876e+04 5.71925e-01 2.16034e+00 4.39565e-01 6.20959e-01 0.00000e+00 0.00000e+00 
1.77957e+04 3.89987e+00 2.66126e+00 4.72378e+00 7.40859e-01 0.00000e+00 3.33333e-02 
1.78038e+04 2.16423e+00 2.09618e+00 3.24907e+00 1.30111e+00 0.00000e+00 0.00000e+00 
1.78119e+04 3.50340e+00 1.48943e+00 3.10774e+00 1.25713e+00 0.00000e+00 0.00000e+00 
1.78200e+04 1.61688e+00 1.10972e+00 2.13327e+00 1.96161e+00 0.00000e+00 0.00000e+00 
1.78281e+04 1.59800e+00 2.32877e+00 1.99157e+00 2.84410e+00 0.00000e+00 0.00000e+00 
1.78362e+04 1.63872e+00 8.12283e-01 1.00524e+00 3.06257e+00 0.00000e+00 0.00000e+00 
1.78443e+04 8.17603e-01 1.29501e+00 1.31361e+00 4.15150e+00 0.00000e+00 0.00000e+00 
1.78524e+04 1.28848e+00 1.49128e+00 1.77484e+00 3.07279e+00 0.00000e+00 0.00000e+00 
1.78605e+04 2.09132e+00 2.35248e+00 1.12057e+00 1.18992e+00 3.33333e-02 0.00000e+00 
1.78686e+04 3.47041e+00 2.65545e+00 2.78523e+00 8.19537e-01 0.00000e+00 0.00000e+00 
1.78767e+04 2.02088e+00 9.32060e-01 1.77421e+00 9.68163e-01 0.00000e+00 3.33333e-02 
1.78848e+04 2.68483e+00 1.83350e+00 1.17557e+00 1.30988e+00 3.33333e-02 0.00000e+00 
1.78929e+04 1.57731e+00 6.80734e-01 1.38360e+00 2.62283e+00 3.33333e-02 0.00000e+00 
1.79010e+04 7.78445e-01 2.19014e+00 1.05829e+00 2.19854e+00 3.33333e-02 0.00000e+00 
1.79091e+04 1.07877e+00 2.47086e+00 1.38496e+00 5.29857e-01 0.00000e+00 0.00000e+00 
1.79172e+04 1.55716e+00 2.81076e+00 1.09470e+00 8.84711e-01 3.33333e-02 0.00000e+00 
1.79253e+04 1.15886e+00 1.89099e+00 1.84667e+00 2.74161e+00 3.33333e-02 0.00000e+00 
1.79334e+04 1.31038e+00 1.75343e+00 1.93073e+00 1.16705e+00 3.33333e-02 0.00000e+00 
1.79415e+04 1.53776e+00 2.33874e+00 3.24222e+00 2.11722e+00 0.00000e+00 0.00000e+00 
1.79496e+04 1.88570e+00 9.42622e-01 2.90044e+00 1.71111e+00 0.00000e+00 0.00000e+00 
1.79577e+04 2.63215e+00 4.17120e+00 1.30186e+00 5.05580e-01 3.33333e-02 0.00000e+00 
1.79658e+04 2.87405e+00 1.50797e+00 1.55851e+00 2.08590e+00 3.33333e-02 0.00000e+00 
1.79739e+04 1.35485e+00 8.56915e-01 3.24871e-01 1.57016e+00 3.33333e-02 0.00000e+00 
1.79820e+04 1.10628e+00 4.12501e+00 2.84199e+00 9.00976e-01 0.00000e+00 0.00000e+00 
1.79901e+04 2.19059e+00 1.73132e+00 1.94254e+00 1.61854e+00 0.00000e+00 0.00000e+00 
1.79982e+04 1.52343e+00 7.41425e-01 2.29158e+00 2.17326e+00 3.33333e-02 0.00000e+00 
1.80063e+04 2.02929e+00 2.51702e+00 2.85985e+00 1.22263e+00 6.66667e-02 0.00000e+00 
1.80144e+04 1.24298e+00 5.04309e-01 1.94447e+00 1.74447e+00 6.66667e-02 0.00000e+00 
1.80225e+04 2.74384e+00 1.15362e+00 2.07491e+00 1.53733e+00 6.66667e-02 0.00000e+00 
1.80306e+04 2.49699e+00 9.40996e-01 1.26017e+00 1.37105e+00 0.00000e+00 0.00000e+00 
1.80387e+04 3.26775e+00 1.39941e+00 2.92106e+00 1.36667e+00 0.00000e+00 0.00000e+00 
1.80468e+04 2.50619e+00 7.78560e-01 1.61683e+00 1.72665e+00 0.00000e+00 0.00000e+00 
1.80549e+04 1.74625e+00 2.26491e+00 4.73956e+00 1.61042e+00 0.00000e+00 0.00000e+00 
1.80630e+04 3.11774e-01 2.88121e+00 2.07514e+00 1.95055e+00 0.00000e+00 0.00000e+00 
1.80711e+04 1.24795e+00 2.57993e+00 1.38324e+00 3.00013e+00 0.00000e+00 0.00000e+00 
1.80792e+04 2.14230e+00 1.98167e+00 2.76954e+00 1.20445e+00 0.00000e+00 0.00000e+00 
1.80873e+04 2.94334e+00 2.17774e+00 3.68612e+00 2.81318e+00 0.00000e+00 0.00000e+00 
1.80954e+04 2.40430e+00 2.23726e+00 2.29648e+00 3.46566e+00 0.00000e+00 0.00000e+00 
1.81035e+04 2.67561e+00 4.97215e+00 1.51555e+00 2.53079e+00 0.00000e+00 0.00000e+00 
1.81116e+04 2.17069e+00 2.46727e+00 1.49758e+00 1.35593e+00 0.00000e+00 3.33333e-02 
1.81197e+04 3.44497e+00 4.31363e-01 9.02538e-01 1.69985e+00 0.00000e+00 0.00000e+00 
1.81278e+04 1.45336e+00 1.65701e+00 1.45867e+00 1.41075e+00 3.33333e-02 0.00000e+00 
1.81359e+04 2.69234e+00 2.63129e+00 1.91523e+00 3.92812e+00 3.33333e-02 0.00000e+00 
1.81440e+04 1.16187e+00 2.10434e+00 7.72778e-01 4.46587e+00 0.00000e+00 0.00000e+00 
1.81521e+04 1.61925e+00 1.96144e+00 1.52761e+00 1.11812e+00 0.00000e+00 0.00000e+00 
1.81602e+04 2.04448e+00 1.13307e+00 1.75062e+00 2.93257e+00 0.00000e+00 0.00000e+00 
1.81683e+04 9.11443e-01 2.02824e+00 1.91289e+00 1.58912e+00 0.00000e+00 3.33333e-02 
1.81764e+04 1.11238e+00 3.75688e+00 2.35625e+00 1.31815e+00 0.00000e+00 3.33333e-02 
1.81845e+04 6.29099e-01 1.80525e+00 1.84667e+00 9.55409e-01 0.00000e+00 0.00000e+00 
1.81926e+04 1.15871e-01 1.45953e+00 1.32032e+00 7.33990e-01 0.00000e+00 0.00000e+00 
1.82007e+04 1.15871e-01 1.91492e+00 1.42843e+00 8.12847e-01 0.00000e+00 0.00000e+00 
1.82088e+04 3.99158e-01 1.74985e+00 1.13433e+00 1.92992e+00 0.00000e+00 0.00000e+00 
1.82169e+04 9.94651e-01 2.35441e+00 2.06157e+00 2.71076e+00 0.00000e+00 0.00000e+00 
1.82250e+04 1.41020e+00 1.51118e+00 8.32838e-01 2.57103e+00 0.00000e+00 0.00000e+00 
1.82331e+04 8.18909e-01 2.60371e+00 1.26903e+00 2.06293e+00 0.00000e+00 3.33333e-02 
1.82412e+04 1.57303e+00 1.53314e+00 3.29780e+00 2.14294e+00 0.00000e+00 3.33333e-02 
1.82493e+04 2.72455e+00 1.39983e+00 1.10374e+00 2.01558e+00 0.00000e+00 3.33333e-02 
1.82574e+04 2.29425e+00 2.96095e+00 9.48571e-01 1.33659e+00 0.00000e+00 0.00000e+00 
1.82655e+04 2.27669e+00 2.53575e+00 2.34548e+00 2.01176e+00 0.00000e+00 0.00000e+00 
1.82736e+04 2.20131e+00 2.34238e+00 1.20512e+00 2.57925e+00 0.00000e+00 0.00000e+00 
1.82817e+04 9.02281e-01 1.23004e+00 1.29742e+00 2.36325e+00 0.00000e+00 0.00000e+00 
1.82898e+04 1.99192e+00 2.47121e+00 9.63716e-01 2.29594e+00 0.00000e+00 0.00000e+00 
1.82979e+04 2.36710e+00 5.04057e-01 2.75548e+00 1.34554e+00 0.00000e+00 3.33333e-02 
1.83060e+04 8.71412e-01 1.88806e+00 4.67719e+00 2.81922e+00 0.00000e+00 3.33333e-02 
1.83141e+04 1.60893e+00 1.70101e+00 1.64869e+00 2.90900e+00 0.00000e+00 3.33333e-02 
1.83222e+04 1.95148e+00 2.58997e+00 8.38331e-01 6.43052e-01 0.00000e+00 3.33333e-02 
1.83303e+04 1.46832e+00 1.58286e+00 1.51164e+00 6.96248e-01 0.00000e+00 3.33333e-02 
1.83384e+04 9.79729e-01 2.22278e+00 9.22318e-01 2.25785e+00 0.00000e+00 0.00000e+00 
1.83465e+04 3.17159e+00 1.12364e+00 2.07011e+00 1.54312e+00 0.00000e+00 0.00000e+00 
1.83546e+04 1.84065e+00 2.05892e+00 3.00688e+00 7.69154e-01 0.00000e+00 0.00000e+00 
1.83627e+04 2.73340e+00 2.10489e+00 4.50783e+00 1.11521e+00 0.00000e+00 0.00000e+00 
1.83708e+04 2.40979e+00 2.03726e+00 2.17488e+00 2.55439e+00 0.00000e+00 0.00000e+00 
1.83789e+04 9.10369e-01 2.74657e+00 1.37334e+00 1.72649e+00 0.00000e+00 0.00000e+00 
1.83870e+04 3.22420e+00 2.22807e+00 4.33503e-01 8.87916e-01 3.33333e-02 0.00000e+00 
1.83951e+04 2.88462e+00 1.53140e+00 4.48755e+00 2.15736e+00 3.33333e-02 3.33333e-02 
1.84032e+04 5.61310e+00 5.82844e-01 2.50478e+00 1.79653e+00 3.33333e-02 0.00000e+00 
1.84113e+04 4.55633e+00 1.24301e+00 1.50803e+00 3.93879e+00 0.00000e+00 0.00000e+00 
1.84194e+04 3.18126e+00 3.87502e+00 1.43143e+00 1.44615e+00 3.33333e-02 0.00000e+00 
1.84275e+04 1.37088e+00 1.63326e+00 2.30803e+00 1.02772e+00 3.33333e-02 0.00000e+00 
1.84356e+04 1.77922e+00 5.44819e-01 8.76703e-01 2.93094e+00 3.33333e-02 0.00000e+00 
1.84437e+04 6.45451e-01 1.14161e+00 2.58659e+00 1.30742e+00 3.33333e-02 0.00000e+00 
1.84518e+04 3.03835e+00 8.43484e-01 8.30803e-01 8.78147e-01 3.33333e-02 0.00000e+00 
1.84599e+04 1.04066e+00 1.07228e+00 7.60171e-01 2.05091e+00 0.00000e+00 0.00000e+00 
1.84680e+04 1.24063e+00 1.78964e+00 1.90717e+00 2.09397e+00 0.00000e+00 0.00000e+00 
1.84761e+04 1.83613e+00 2.51621e+00 2.65879e+00 1.68572e+00 3.33333e-02 0.00000e+00 
1.84842e+04 1.78749e+00 2.33450e+00 2.22605e+00 1.69776e+00 0.00000e+00 3.33333e-02 
1.84923e+04 1.93535e+00 1.39794e+00 1.45971e+00 2.34976e+00 0.00000e+00 6.66667e-02 
1.85004e+04 3.81350e+00 9.83988e-01 8.86285e-01 1.72937e+00 0.00000e+00 6.66667e-02 
1.85085e+04 2.83942e+00 2.33069e+00 1.66227e+00 9.04975e-01 0.00000e+00 6.66667e-02 
1.85166e+04 2.89011e+00 1.85008e+00 2.20516e+00 1.08374e+00 0.00000e+00 3.33333e-02 
1.85247e+04 1.64488e+00 1.27637e+00 1.07529e+00 2.16991e+00 0.00000e+00 0.00000e+00 
1.85328e+04 2.83994e+00 2.62659e+00 1.17165e+00 2.35455e+00 0.00000e+00 0.00000e+00 
1.85409e+04 1.81522e+00 2.25359e+00 2.76091e+00 1.76889e+00 0.00000e+00 0.00000e+00 
1.85490e+04 7.60730e-01 8.05522e-01 2.81995e+00 2.63069e+00 0.00000e+00 0.00000e+00 
1.85571e+04 1.66093e+00 1.07793e+00 3.29463e+00 2.07286e+00 3.33333e-02 0.00000e+00 
1.85652e+04 3.89405e+00 1.14425e+00 6.97858e-01 8.17023e-01 3.33333e-02 0.00000e+00 
1.85733e+04 7.87004e-01 1.16048e+00 1.39547e+00 3.29277e+00 0.00000e+00 0.00000e+00 
1.85814e+04 2.07001e+00 2.15585e+00 3.53031e-01 1.63232e+00 3.33333e-02 0.00000e+00 
1.85895e+04 1.50921e+00 1.72825e+00 9.66582e-01 1.54542e+00 0.00000e+00 3.33333e-02 
1.85976e+04 4.21032e-01 3.03907e+00 1.68439e+00 1.46712e+00 0.00000e+00 3.33333e-02 
1.86057e+04 1.91722e+00 1.43947e+00 3.14507e+00 1.56723e+00 0.00000e+00 3.33333e-02 
1.86138e+04 9.63010e-01 2.95598e+00 1.15250e+00 2.58731e+00 0.00000e+00 0.00000e+00 
1.86219e+04 1.97403e+00 2.46384e+00 2.83071e+00 2.03933e+00 0.00000e+00 0.00000e+00 
1.86300e+04 2.94166e+00 5.97736e-01 1.00533e+00 1.44970e+00 0.00000e+00 0.00000e+00 
1.86381e+04 1.52468e+00 1.19088e+00 1.16991e+00 5.14042e-01 0.00000e+00 0.00000e+00 
1.86462e+04 4.97013e-01 4.03219e+00 2.33098e+00 5.82185e-01 0.00000e+00 3.33333e-02 
1.86543e+04 1.23200e+00 1.51911e+00 1.80295e+00 1.85518e+00 0.00000e+00 0.00000e+00 
1.86624e+04 2.07605e+00 3.37013e+00 5.82771e-01 1.76376e+00 0.00000e+00 0.00000e+00 
1.86705e+04 4.79932e+00 3.55519e+00 1.37866e+00 2.04477e+00 0.00000e+00 0.00000e+00 
1.86786e+04 1.55510e+00 2.02990e+00 1.71850e+00 2.56940e+00 0.00000e+00 0.00000e+00 
1.86867e+04 2.00984e+00 1.17776e+00 2.20753e+00 1.31892e+00 0.00000e+00 0.00000e+00 
1.86948e+04 2.30722e+00 2.25603e+00 8.70727e-01 1.84485e+00 3.33333e-02 0.00000e+00 
1.87029e+04 1.32403e+00 2.48164e+00 2.06934e+00 2.48757e+00 0.00000e+00 0.00000e+00 
1.87110e+04 2.81400e+00 3.70376e+00 6.04455e-01 1.05335e+00 0.00000e+00 0.00000e+00 
1.87191e+04 1.04277e+00 3.05813e+00 2.23464e+00 2.15996e+00 0.00000e+00 0.00000e+00 
1.87272e+04 1.57742e+00 3.72352e+00 7.03662e-01 1.51027e+00 0.00000e+00 0.00000e+00 
1.87353e+04 1.12284e+00 3.45782e+00 1.94138e+00 1.17802e+00 0.00000e+00 0.00000e+00 
1.87434e+04 1.15363e+00 2.27916e+00 2.21147e+00 3.10358e+00 0.00000e+00 0.00000e+00 
1.87515e+04 2.93935e+00 2.17735e+00 2.78773e+00 1.48471e+00 0.00000e+00 0.00000e+00 
1.87596e+04 1.97703e+00 2.44863e+00 2.93880e+00 1.91605e+00 0.00000e+00 0.00000e+00 
1.87677e+04 1.25471e+00 2.69031e+00 9.01888e-01 1.12781e+00 0.00000e+00 3.33333e-02 
1.87758e+04 2.09820e+00 2.32165e+00 2.40140e+00 2.42994e+00 0.00000e+00 0.00000e+00 
1.87839e+04 2.04436e+00 2.51164e+00 2.63773e+00 1.39398e+00 0.00000e+00 0.00000e+00 
1.87920e+04 2.40664e+00 1.75002e+00 1.34459e+00 1.83482e+00 0.00000e+00 3.33333e-02 
1.88001e+04 1.39169e+00 6.26737e-01 1.77396e+00 8.87672e-01 0.00000e+00 3.33333e-02 
1.88082e+04 1.74529e+00 2.30592e+00 3.31976e+00 2.40112e+00 0.00000e+00 3.33333e-02 
1.88163e+04 1.20913e+00 1.93310e+00 1.32943e+00 1.42398e+00 0.00000e+00 3.33333e-02 
1.88244e+04 2.18325e+00 2.17685e+00 1.77731e+00 9.53787e-01 0.00000e+00 3.33333e-02 
1.88325e+04 1.45371e+00 4.31225e+00 3.39963e+00 1.55630e+00 0.00000e+00 0.00000e+00 
1.88406e+04 2.22269e+00 2.94016e+00 1.14607e+00 2.49918e+00 0.00000e+00 0.00000e+00 
1.88487e+04 1.52262e+00 1.68276e+00 2.42812e+00 4.57184e-01 0.00000e+00 0.00000e+00 
1.88568e+04 1.61305e+00 1.47068e+00 1.10528e+00 1.49852e+00 3.33333e-02 0.00000e+00 
1.88649e+04 1.24843e+00 1.47917e+00 2.41512e+00 5.93612e-01 0.00000e+00 0.00000e+00 
1.88730e+04 3.03063e+00 2.06973e+00 2.99060e+00 2.19525e+00 0.00000e+00 0.00000e+00 
1.88811e+04 1.28703e+00 3.61063e+00 2.35181e+00 1.10086e+00 0.00000e+00 0.00000e+00 
1.88892e+04 1.39335e+00 2.38425e+00 2.27607e+00 1.12311e+00 0.00000e+00 0.00000e+00 
1.88973e+04 2.83009e+00 2.15721e+00 3.38495e+00 1.33332e+00 0.00000e+00 0.00000e+00 
1.89054e+04 1.37764e+00 1.32461e+00 2.77218e+00 3.04156e+00 3.33333e-02 0.00000e+00 
1.89135e+04 1.74402e+00 2.22407e+00 1.42330e+00 2.00636e+00 3.33333e-02 0.00000e+00 
1.89216e+04 3.80393e+00 1.71725e+00 1.07133e+00 3.16685e+00 3.33333e-02 3.33333e-02 
1.89297e+04 1.12767e+00 4.90643e-01 3.59704e+00 2.61873e+00 3.33333e-02 3.33333e-02 
1.89378e+04 1.06121e+00 1.96097e+00 1.85800e+00 2.72730e+00 3.33333e-02 3.33333e-02 
1.89459e+04 1.74848e+00 1.17879e+00 5.46929e-01 4.72471e+00 6.66667e-02 0.00000e+00 
1.89540e+04 2.46224e+00 2.21703e+00 2.04634e+00 2.37073e+00 3.33333e-02 0.00000e+00 
1.89621e+04 2.79341e+00 2.44475e+00 1.82750e+00 2.55264e+00 0.00000e+00 0.00000e+00 
1.89702e+04 1.73798e+00 1.15066e+00 1.85476e+00 2.37436e+00 0.00000e+00 0.00000e+00 
1.89783e+04 9.58319e-01 2.21630e+00 1.27103e+00 2.23629e+00 0.00000e+00 0.00000e+00 
1.89864e+04 3.45724e+00 1.43270e+00 2.67813e+00 3.70791e+00 3.33333e-02 0.00000e+00 
1.89945e+04 1.68400e+00 9.32390e-01 2.22589e+00 1.21661e+00 3.33333e-02 0.00000e+00 
1.90026e+04 1.36104e+00 1.78716e+00 1.86571e+00 2.27147e+00 3.33333e-02 0.00000e+00 
1.90107e+04 2.17114e+00 1.45844e+00 1.51296e+00 2.26241e+00 6.66667e-02 0.00000e+00 
1.90188e+04 2.13853e+00 1.99718e+00 1.20934e+00 2.68858e+00 3.33333e-02 0.00000e+00 
1.90269e+04 6.35883e-01 2.25809e+00 7.29281e-01 3.19838e+00 3.33333e-02 0.00000e+00 
1.90350e+04 1.61403e+00 2.02585e+00 9.33267e-01 2.17863e+00 3.33333e-02 0.00000e+00 
1.90431e+04 2.67060e+00 2.26092e+00 1.23284e+00 2.51166e+00 3.33333e-02 0.00000e+00 
1.90512e+04 9.99078e-01 1.24174e+00 1.46648e+00 1.03063e+00 0.00000e+00 3.33333e-02 
1.90593e+04 2.86248e+00 5.61110e-01 4.54470e-01 3.96381e+00 0.00000e+00 3.33333e-02 
1.90674e+04 1.19188e+00 2.55404e+00 4.54470e-01 2.59131e+00 0.00000e+00 0.00000e+00 
1.90755e+04 8.37308e-01 1.89306e+00 3.29648e-01 2.53979e+00 0.00000e+00 0.00000e+00 
1.90836e+04 9.30955e-01 2.75235e+00 2.28220e-01 2.22926e+00 0.00000e+00 0.00000e+00 
1.90917e+04 1.08879e+00 2.32154e+00 4.62471e-01 2.56644e+00 0.00000e+00 0.00000e+00 
1.90998e+04 1.06722e+00 1.86732e+00 2.71100e+00 3.83204e+00 0.00000e+00 0.00000e+00 
1.91079e+04 2.07403e+00 3.24406e+00 1.21290e+00 1.50532e+00 0.00000e+00 0.00000e+00 
1.91160e+04 2.81236e+00 1.40025e+00 1.30110e+00 2.63047e+00 0.00000e+00 0.00000e+00 
1.91241e+04 1.58019e+00 1.87770e+00 2.04821e+00 1.39557e+00 0.00000e+00 0.00000e+00 
1.91322e+04 1.94977e+00 1.52799e+00 1.70773e+00 8.35485e-01 0.00000e+00 0.00000e+00 
1.91403e+04 2.22780e+00 1.19759e+00 1.37048e+00 1.39433e+00 0.00000e+00 0.00000e+00 
1.91484e+04 1.81199e+00 2.32079e+00 7.93453e-01 1.44140e+00 0.00000e+00 0.00000e+00 
1.91565e+04 1.23130e+00 1.98796e+00 1.00880e+00 1.46173e+00 0.00000e+00 0.00000e+00 
1.91646e+04 3.20082e+00 1.78478e+00 1.49450e+00 2.03192e+00 0.00000e+00 0.00000e+00 
1.91727e+04 2.35438e+00 1.63503e+00 1.04206e+00 1.83581e+00 0.00000e+00 0.00000e+00 
1.91808e+04 2.73764e+00 2.22921e+00 1.81309e+00 1.46290e+00 0.00000e+00 0.00000e+00 
1.91889e+04 1.79221e+00 4.04914e+00 3.20516e+00 6.74193e-01 0.00000e+00 0.00000e+00 
1.91970e+04 2.86714e-01 1.63976e+00 2.45136e+00 1.86570e+00 0.00000e+00 0.00000e+00 
1.92051e+04 2.80538e+00 2.86077e+00 9.94366e-01 1.40956e+00 3.33333e-02 0.00000e+00 
1.92132e+04 1.72940e+00 4.57689e+00 6.70016e-01 7.32509e-01 3.33333e-02 0.00000e+00 
1.92213e+04 3.52649e+00 1.04566e+00 3.08516e+00 9.00298e-01 3.33333e-02 0.00000e+00 
1.92294e+04 2.50639e+00 1.59094e+00 2.33862e+00 3.49622e+00 3.33333e-02 0.00000e+00 
1.92375e+04 2.43876e+00 2.04355e+00 2.07720e+00 1.29906e+00 3.33333e-02 0.00000e+00 
1.92456e+04 2.82930e+00 1.71529e+00 4.53666e+00 4.06377e+00 3.33333e-02 0.00000e+00 
1.92537e+04 1.02007e+00 1.34712e+00 5.48419e-01 4.00576e+00 0.00000e+00 0.00000e+00 
1.92618e+04 2.36771e+00 6.41516e-01 1.97113e+00 1.98195e+00 3.33333e-02 0.00000e+00 
1.92699e+04 1.20887e+00 1.51165e+00 1.23815e+00 2.77700e+00 0.00000e+00 0.00000e+00 
1.92780e+04 1.60471e+00 3.05430e+00 2.12580e+00 1.97396e+00 0.00000e+00 3.33333e-02 
1.92861e+04 2.26231e+00 9.18625e-01 1.31632e+00 1.62619e+00 0.00000e+00 0.00000e+00 
1.92942e+04 1.89205e+00 1.88662e+00 4.70231e-01 7.61342e-01 0.00000e+00 0.00000e+00 
1.93023e+04 1.46525e+00 3.27833e+00 1.56563e+00 5.66533e+00 0.00000e+00 0.00000e+00 
1.93104e+04 1.04371e+00 2.28325e+00 1.89671e+00 1.81967e+00 0.00000e+00 0.00000e+00 
1.93185e+04 2.07292e+00 1.72738e+00 2.41787e+00 1.13374e+00 0.00000e+00 0.00000e+00 
1.93266e+04 2.18552e+00 3.05968e+00 4.39304e+00 2.13329e+00 0.00000e+00 0.00000e+00 
1.93347e+04 1.79001e+00 1.22888e+00 1.61855e+00 9.22228e-01 3.33333e-02 0.00000e+00 
1.93428e+04 1.25188e+00 8.12791e-01 1.11591e+00 1.32742e+00 3.33333e-02 0.00000e+00 
1.93509e+04 1.68842e+00 2.57404e+00 5.72735e-01 2.35006e+00 0.00000e+00 0.00000e+00 
1.93590e+04 3.44503e+00 2.18464e+00 2.50392e+00 1.77649e+00 0.00000e+00 0.00000e+00 
1.93671e+04 3.05606e+00 1.20377e+00 4.30884e+00 3.24581e+00 0.00000e+00 0.00000e+00 
1.93752e+04 2.25937e+00 1.42207e+00 1.84183e+00 1.81856e+00 0.00000e+00 0.00000e+00 
1.93833e+04 1.36011e+00 1.63598e+00 9.15555e-01 2.18691e+00 0.00000e+00 0.00000e+00 
1.93914e+04 2.15001e+00 3.11242e+00 5.81921e-01 4.43216e+00 0.00000e+00 0.00000e+00 
1.93995e+04 2.48298e+00 2.43839e+00 3.50363e-01 1.23024e+00 0.00000e+00 0.00000e+00 
1.94076e+04 1.48770e+00 1.74112e+00 2.79381e+00 3.00735e+00 0.00000e+00 0.00000e+00 
1.94157e+04 1.11419e+00 2.42736e+00 1.82235e+00 2.96741e+00 0.00000e+00 0.00000e+00 
1.94238e+04 5.18135e+00 3.71671e+00 2.01288e+00 2.40911e+00 0.00000e+00 0.00000e+00 
1.94319e+04 1.76745e+00 9.97452e-01 2.30622e+00 2.61339e+00 0.00000e+00 0.00000e+00 
1.94400e+04 8.80098e-01 8.71173e-01 2.61761e+00 2.25243e+00 0.00000e+00 0.00000e+00 
1.94481e+04 4.10422e-01 1.28641e+00 2.11105e+00 1.65348e+00 0.00000e+00 0.00000e+00 
1.94562e+04 1.90075e+00 2.39996e+00 1.71354e+00 7.21759e-01 0.00000e+00 0.00000e+00 
1.94643e+04 1.90670e+00 1.58893e+00 1.37609e+00 4.38310e-01 3.33333e-02 0.00000e+00 
1.94724e+04 1.04027e+00 2.40712e+00 2.63125e+00 2.04810e+00 6.66667e-02 0.00000e+00 
1.94805e+04 2.31905e+00 8.33557e-01 8.31747e-01 1.21639e+00 6.66667e-02 0.00000e+00 
1.94886e+04 1.86992e+00 1.34042e+00 4.25551e+00 9.35591e-01 6.66667e-02 0.00000e+00 
1.94967e+04 1.44483e+00 2.04021e+00 2.75208e+00 3.61509e+00 0.00000e+00 0.00000e+00 
1.95048e+04 2.84848e+00 1.95051e+00 4.67034e+00 1.56339e+00 0.00000e+00 0.00000e+00 
1.95129e+04 1.91465e+00 1.24690e+00 1.15749e+00 2.20933e+00 0.00000e+00 0.00000e+00 
1.95210e+04 8.33318e-01 2.89712e+00 1.23832e+00 9.89118e-01 0.00000e+00 0.00000e+00 
1.95291e+04 1.97779e+00 2.03363e+00 1.71113e+00 1.18107e+00 0.00000e+00 0.00000e+00 
1.95372e+04 2.98472e+00 2.45829e+00 1.95065e+00 2.00791e+00 0.00000e+00 0.00000e+00 
1.95453e+04 1.73514e+00 1.10253e+00 3.28588e+00 1.24788e+00 3.33333e-02 0.00000e+00 
1.95534e+04 1.32218e+00 1.48860e+00 1.33016e+00 2.63207e+00 0.00000e+00 0.00000e+00 
1.95615e+04 1.09237e+00 1.69753e+00 9.64813e-01 1.68060e+00 3.33333e-02 0.00000e+00 
1.95696e+04 2.09748e+00 3.13028e+00 3.74067e+00 1.89137e+00 3.33333e-02 0.00000e+00 
1.95777e+04 2.61039e+00 2.83301e+00 9.04358e-01 9.37925e-01 3.33333e-02 0.00000e+00 
1.95858e+04 3.41500e+00 9.65057e-01 8.25299e-01 1.24703e+00 3.33333e-02 0.00000e+00 
1.95939e+04 2.53796e+00 8.91986e-01 1.18671e+00 1.78747e+00 3.33333e-02 0.00000e+00 
1.96020e+04 4.01907e+00 2.09244e+00 1.36477e+00 1.61651e+00 0.00000e+00 0.00000e+00 
1.96101e+04 3.50596e+00 7.82799e-01 1.61374e+00 2.33449e+00 0.00000e+00 0.00000e+00 
1.96182e+04 5.76247e+00 2.54079e+00 8.66311e-01 1.12128e+00 0.00000e+00 0.00000e+00 
1.96263e+04 3.59737e+00 6.65312e-01 1.57425e+00 2.25674e+00 0.00000e+00 0.00000e+00 
1.96344e+04 1.44364e+00 4.67722e-01 1.51216e+00 2.17744e+00 0.00000e+00 0.00000e+00 
1.96425e+04 2.12885e+00 1.91860e+00 1.84428e+00 2.74495e+00 0.00000e+00 3.33333e-02 
1.96506e+04 6.79810e-01 1.47448e+00 1.11367e+00 2.49034e+00 0.00000e+00 3.33333e-02 
1.96587e+04 2.59943e+00 1.62679e+00 9.95633e-01 1.91515e+00 0.00000e+00 0.00000e+00 
1.96668e+04 1.62555e+00 1.56644e+00 2.21157e+00 1.40963e+00 3.33333e-02 0.00000e+00 
1.96749e+04 1.81762e+00 2.18920e+00 1.02351e+00 1.12120e+00 0.00000e+00 0.00000e+00 
1.96830e+04 1.26216e+00 1.24213e+00 2.34813e+00 6.19167e-01 0.00000e+00 0.00000e+00 
1.96911e+04 1.21840e+00 1.75097e+00 1.14018e+00 4.39409e+00 0.00000e+00 0.00000e+00 
1.96992e+04 1.88520e+00 1.63883e+00 2.31232e+00 2.23446e+00 0.00000e+00 0.00000e+00 
1.97073e+04 1.44258e+00 1.43878e+00 1.49884e+00 1.36173e+00 0.00000e+00 0.00000e+00 
1.97154e+04 7.32855e-01 1.56732e+00 1.50910e+00 2.89715e+00 0.00000e+00 0.00000e+00 
1.97235e+04 1.12961e+00 1.33639e+00 2.53266e+00 1.47837e+00 0.00000e+00 0.00000e+00 
1.97316e+04 9.04645e-01 1.78289e+00 1.34634e+00 1.01738e+00 0.00000e+00 0.00000e+00 
1.97397e+04 4.48282e+00 1.64031e+00 1.74472e+00 1.70340e+00 0.00000e+00 0.00000e+00 
1.97478e+04 3.56611e+00 3.45775e-01 1.11143e+00 2.40434e+00 3.33333e-02 0.00000e+00 
1.97559e+04 2.24108e+00 6.20129e-01 6.71563e-01 6.45780e-01 3.33333e-02 0.00000e+00 
1.97640e+04 1.20254e+00 1.34919e+00 1.93196e+00 1.47275e+00 3.33333e-02 0.00000e+00 
1.97721e+04 7.43295e-01 2.11593e+00 2.55546e+00 8.23695e-01 0.00000e+00 0.00000e+00 
1.97802e+04 1.60672e+00 2.99513e+00 3.10466e+00 1.82890e+00 0.00000e+00 0.00000e+00 
1.97883e+04 1.19088e+00 1.76628e+00 1.01843e+00 1.40540e+00 0.00000e+00 0.00000e+00 
1.97964e+04 1.08657e+00 3.34089e+00 9.29303e-01 1.62816e+00 0.00000e+00 0.00000e+00 
1.98045e+04 1.69267e+00 3.14495e+00 2.58641e+00 2.32962e+00 0.00000e+00 0.00000e+00 
1.98126e+04 2.65581e+00 4.58390e+00 1.68895e+00 2.20985e+00 0.00000e+00 0.00000e+00 
1.98207e+04 4.77967e-01 3.75928e+00 8.58974e-01 3.55540e+00 0.00000e+00 0.00000e+00 
1.98288e+04 4.44427e-01 1.31239e+00 3.32582e+00 4.52771e+00 0.00000e+00 0.00000e+00 
1.98369e+04 3.42367e+00 2.00113e+00 2.07495e+00 2.37514e+00 0.00000e+00 0.00000e+00 
1.98450e+04 2.86579e+00 1.37689e+00 3.70404e+00 2.75077e-01 0.00000e+00 0.00000e+00 
1.98531e+04 1.53827e+00 2.70327e+00 3.02358e+00 3.23386e+00 0.00000e+00 0.00000e+00 
1.98612e+04 1.87046e+00 2.23371e+00 1.26571e+00 2.86553e+00 0.00000e+00 0.00000e+00 
1.98693e+04 3.10498e+00 1.36233e+00 1.69287e+00 2.06791e+00 0.00000e+00 0.00000e+00 
1.98774e+04 2.54751e+00 1.98191e+00 1.78659e+00 1.35762e+00 0.00000e+00 0.00000e+00 
1.98855e+04 3.62669e+00 2.49201e+00 1.96440e+00 1.67917e+00 0.00000e+00 0.00000e+00 
1.98936e+04 8.95420e-01 1.23705e+00 1.41220e+00 2.97377e+00 0.00000e+00 0.00000e+00 
1.99017e+04 1.12238e+00 1.19254e+00 7.42949e-02 3.61583e+00 0.00000e+00 0.00000e+00 
1.99098e+04 2.60938e+00 2.48572e+00 6.46138e-02 1.54565e+00 0.00000e+00 0.00000e+00 
1.99179e+04 9.57254e-01 3.00625e+00 3.99748e-01 2.66460e+00 0.00000e+00 0.00000e+00 
1.99260e+04 2.81469e+00 1.23193e+00 3.99748e-01 2.25857e+00 0.00000e+00 3.33333e-02 
1.99341e+04 3.25559e+00 3.37961e+00 1.18779e+00 1.65364e+00 0.00000e+00 3.33333e-02 
1.99422e+04 2.95083e+00 2.36936e+00 1.42449e+00 2.86445e+00 0.00000e+00 0.00000e+00 
1.99503e+04 1.63319e+00 2.09349e+00 1.40170e+00 3.13288e+00 0.00000e+00 0.00000e+00 
1.99584e+04 2.87368e+00 2.11186e+00 1.66946e+00 3.00227e+00 0.00000e+00 0.00000e+00 
1.99665e+04 4.89274e-01 1.06238e+00 2.30149e+00 3.65938e+00 0.00000e+00 0.00000e+00 
1.99746e+04 1.84180e+00 3.02766e+00 9.48105e-01 2.47108e+00 0.00000e+00 3.33333e-02 
1.99827e+04 1.52622e+00 1.37800e+00 2.82852e+00 2.15764e+00 0.00000e+00 3.33333e-02 
1.99908e+04 5.99534e-01 1.53153e+00 6.37386e-01 7.50448e-01 0.00000e+00 0.00000e+00 
1.99989e+04 1.44714e+00 2.45296e+00 1.82327e+00 1.08315e+00 0.00000e+00 0.00000e+00 
2.00070e+04 1.12117e+00 8.62050e-01 1.33670e+00 1.99262e+00 0.00000e+00 0.00000e+00 
2.00151e+04 1.86430e+00 4.15541e-01 1.75634e+00 1.86911e+00 0.00000e+00 0.00000e+00 
2.00232e+04 1.30003e+00 1.08556e+00 3.51310e+00 1.77899e+00 0.00000e+00 0.00000e+00 
2.00313e+04 1.24959e+00 9.88171e-01 2.51489e+00 1.21287e+00 0.00000e+00 0.00000e+00 
2.00394e+04 1.02881e+00 2.81153e+00 4.34535e+00 1.40893e+00 0.00000e+00 0.00000e+00 
2.00475e+04 1.39090e+00 4.03359e+00 1.88691e+00 1.36599e+00 0.00000e+00 0.00000e+00 
2.00556e+04 1.27230e+00 1.95474e+00 3.20446e+00 2.80532e+00 0.00000e+00 0.00000e+00 
2.00637e+04 7.84486e-01 2.26982e+00 1.14013e+00 1.03487e+00 0.00000e+00 0.00000e+00 
2.00718e+04 1.68972e+00 4.47854e+00 1.28684e+00 6.61578e-01 0.00000e+00 0.00000e+00 
2.00799e+04 1.05322e+00 2.69802e+00 6.02555e-01 2.28811e+00 0.00000e+00 0.00000e+00 
2.00880e+04 2.10863e+00 3.24741e+00 2.97871e+00 2.82009e+00 0.00000e+00 3.33333e-02 
2.00961e+04 9.75158e-01 3.14276e+00 3.14464e+00 2.22565e+00 3.33333e-02 3.33333e-02 
2.01042e+04 2.09810e+00 6.30599e-01 3.19430e+00 1.42417e+00 3.33333e-02 0.00000e+00 
2.01123e+04 1.04003e+00 4.03702e+00 2.16812e+00 1.06157e+00 3.33333e-02 0.00000e+00 
2.01204e+04 3.59978e+00 1.29053e+00 7.63333e-01 2.01834e+00 3.33333e-02 0.00000e+00 
2.01285e+04 1.28041e+00 1.44151e+00 2.75581e+00 8.56464e-01 3.33333e-02 0.00000e+00 
2.01366e+04 1.17416e+00 1.12017e+00 1.25519e+00 1.89529e+00 3.33333e-02 0.00000e+00 
2.01447e+04 1.36409e+00 1.84046e+00 1.82213e+00 1.90094e+00 0.00000e+00 0.00000e+00 
2.01528e+04 7.18225e-01 1.89227e+00 1.22256e+00 1.16504e+00 3.33333e-02 0.00000e+00 
2.01609e+04 2.38005e+00 1.69967e+00 2.18426e+00 2.92225e+00 3.33333e-02 0.00000e+00 
2.01690e+04 1.66306e+00 1.48462e+00 1.26259e+00 2.06940e+00 3.33333e-02 0.00000e+00 
2.01771e+04 1.54997e+00 1.18795e+00 1.87328e+00 3.14712e+00 3.33333e-02 0.00000e+00 
2.01852e+04 2.22351e+00 2.58388e+00 1.20316e+00 1.57588e+00 0.00000e+00 0.00000e+00 
2.01933e+04 1.81622e+00 2.83970e+00 1.84064e+00 2.74924e+00 0.00000e+00 0.00000e+00 
2.02014e+04 1.95415e+00 2.57798e+00 1.71182e+00 2.04412e+00 0.00000e+00 0.00000e+00 
2.02095e+04 2.27464e+00 9.84607e-01 1.61502e+00 3.60178e-01 0.00000e+00 0.00000e+00 
2.02176e+04 3.27217e+00 1.10823e+00 2.15968e+00 2.34849e+00 0.00000e+00 0.00000e+00 
2.02257e+04 2.81543e+00 2.08216e+00 2.64105e+00 1.41122e+00 0.00000e+00 0.00000e+00 
2.02338e+04 2.09697e+00 1.25471e+00 2.02616e+00 1.09368e+00 0.00000e+00 0.00000e+00 
2.02419e+04 7.98469e-01 1.71430e+00 2.23193e+00 2.74669e+00 3.33333e-02 3.33333e-02 
2.02500e+04 9.58693e-01 2.12670e+00 2.15306e+00 1.73612e+00 0.00000e+00 0.00000e+00 
2.02581e+04 1.00844e+00 1.35296e+00 2.36433e+00 2.70150e+00 0.00000e+00 0.00000e+00 
2.02662e+04 1.25757e+00 2.11202e+00 3.56099e+00 1.54104e+00 0.00000e+00 0.00000e+00 
2.02743e+04 1.67325e+00 2.44838e+00 1.66865e+00 1.55912e+00 0.00000e+00 0.00000e+00 
2.02824e+04 1.26649e+00 1.74591e+00 1.97842e+00 1.16245e+00 0.00000e+00 0.00000e+00 
2.02905e+04 2.97033e+00 7.38001e-01 1.40705e+00 2.15153e+00 0.00000e+00 0.00000e+00 
2.02986e+04 1.17660e+00 1.29169e+00 3.13059e-01 2.19810e+00 0.00000e+00 0.00000e+00 
2.03067e+04 2.40580e+00 2.54267e+00 1.97409e+00 1.54656e+00 0.00000e+00 0.00000e+00 
2.03148e+04 2.13705e+00 1.58317e+00 1.85049e+00 5.14261e-01 0.00000e+00 0.00000e+00 
2.03229e+04 2.07278e+00 7.82057e-01 2.12855e+00 1.68231e+00 0.00000e+00 3.33333e-02 
2.03310e+04 1.32049e+00 7.86461e-01 6.14047e-01 1.29986e+00 0.00000e+00 3.33333e-02 
2.03391e+04 1.45379e+00 6.33115e-01 1.60435e+00 1.37674e+00 0.00000e+00 0.00000e+00 
2.03472e+04 2.57262e+00 1.97085e+00 1.15338e+00 5.92390e-01 0.00000e+00 0.00000e+00 
2.03553e+04 2.79740e+00 9.76293e-01 3.24801e+00 1.62888e+00 0.00000e+00 0.00000e+00 
2.03634e+04 1.76210e+00 2.53845e+00 1.76619e+00 1.90309e+00 0.00000e+00 0.00000e+00 
2.03715e+04 1.16024e+00 1.79435e+00 1.83078e+00 1.74702e+00 0.00000e+00 0.00000e+00 
2.03796e+04 2.07080e+00 8.55244e-01 1.94431e+00 1.13943e+00 0.00000e+00 0.00000e+00 
2.03877e+04 8.18968e-01 1.11260e+00 1.43267e+00 1.27349e+00 0.00000e+00 0.00000e+00 
2.03958e+04 4.79818e-01 2.46941e+00 1.63772e+00 1.62494e+00 0.00000e+00 0.00000e+00 
2.04039e+04 1.33988e+00 2.24907e+00 1.84731e+00 1.27352e+00 0.00000e+00 0.00000e+00 
2.04120e+04 2.20175e+00 1.58220e+00 2.26720e+00 2.36469e+00 0.00000e+00 0.00000e+00 
2.04201e+04 3.39411e+00 2.28790e+00 2.87496e+00 3.19313e+00 0.00000e+00 3.33333e-02 
2.04282e+04 2.03738e+00 3.27343e+00 1.46251e+00 1.56371e+00 0.00000e+00 3.33333e-02 
2.04363e+04 1.52244e+00 2.55941e+00 8.28897e-01 2.76440e+00 3.33333e-02 3.33333e-02 
2.04444e+04 1.22929e+00 3.90511e+00 1.14313e+00 1.23606e+00 3.33333e-02 3.33333e-02 
2.04525e+04 8.80901e-01 1.10603e+00 2.85010e+00 1.55013e+00 3.33333e-02 0.00000e+00 
2.04606e+04 1.02788e+00 1.59473e+00 2.08688e+00 2.74907e+00 3.33333e-02 0.00000e+00 
2.04687e+04 2.45309e+00 6.90236e-01 3.89967e+00 9.36142e-01 0.00000e+00 0.00000e+00 
2.04768e+04 8.56353e-01 3.35658e-01 4.58593e+00 2.36965e+00 0.00000e+00 3.33333e-02 
2.04849e+04 7.14225e-01 2.31338e+00 2.44145e+00 1.54775e+00 0.00000e+00 0.00000e+00 
2.04930e+04 8.21479e-01 1.94911e+00 3.00313e+00 2.82290e+00 0.00000e+00 0.00000e+00 
2.05011e+04 2.06702e+00 7.89105e-01 2.20528e+00 1.66789e+00 3.33333e-02 0.00000e+00 
2.05092e+04 8.77660e-01 2.85573e+00 1.88690e+00 1.96979e+00 3.33333e-02 0.00000e+00 
2.05173e+04 3.33862e+00 2.13438e+00 1.54368e+00 3.76218e+00 3.33333e-02 0.00000e+00 
2.05254e+04 2.79692e+00 1.55850e+00 2.15632e+00 3.42573e+00 3.33333e-02 0.00000e+00 
2.05335e+04 1.84155e+00 3.71218e+00 2.53035e+00 1.62790e+00 3.33333e-02 0.00000e+00 
2.05416e+04 2.17161e+00 4.05240e+00 2.38579e+00 2.41765e+00 0.00000e+00 0.00000e+00 
2.05497e+04 1.16132e+00 3.79630e+00 1.22897e+00 2.74736e+00 0.00000e+00 0.00000e+00 
2.05578e+04 1.37519e+00 5.81935e+00 1.36372e+00 3.00438e+00 0.00000e+00 0.00000e+00 
2.05659e+04 2.36911e+00 6.50889e+00 1.99343e+00 3.43466e+00 3.33333e-02 0.00000e+00 
2.05740e+04 2.07946e+00 1.19211e+00 2.09518e+00 1.02960e+00 3.33333e-02 0.00000e+00 
2.05821e+04 6.53071e+00 1.44047e+00 8.96505e-01 2.02075e+00 3.33333e-02 0.00000e+00 
2.05902e+04 1.17126e+00 2.73784e+00 2.49195e+00 4.14477e-01 3.33333e-02 0.00000e+00 
2.05983e+04 2.20698e+00 2.19378e+00 2.23648e+00 1.08209e+00 3.33333e-02 0.00000e+00 
2.06064e+04 2.29306e+00 1.40421e+00 1.11799e+00 1.22499e+00 0.00000e+00 0.00000e+00 
2.06145e+04 1.65679e+00 2.47799e+00 6.23531e-01 1.55178e+00 0.00000e+00 0.00000e+00 
2.06226e+04 3.25009e-01 1.29154e+00 1.32564e+00 2.02046e+00 0.00000e+00 0.00000e+00 
2.06307e+04 1.37908e+00 3.34457e+00 2.05898e+00 3.33053e+00 0.00000e+00 0.00000e+00 
2.06388e+04 9.70556e-01 1.27203e+00 2.82135e+00 1.37069e+00 3.33333e-02 0.00000e+00 
2.06469e+04 1.12218e+00 2.07541e+00 2.24831e+00 2.02147e+00 3.33333e-02 0.00000e+00 
2.06550e+04 3.47662e+00 6.02049e-01 1.26505e+00 2.73778e+00 3.33333e-02 0.00000e+00 
2.06631e+04 3.14587e+00 1.42504e+00 2.39514e+00 2.04512e+00 3.33333e-02 3.33333e-02 
2.06712e+04 1.22485e+00 2.26867e+00 2.65654e+00 1.05942e+00 3.33333e-02 3.33333e-02 
2.06793e+04 2.23166e+00 1.58116e+00 2.31766e+00 1.45590e+00 3.33333e-02 0.00000e+00 
2.06874e+04 1.30040e+00 4.75178e-01 2.52427e+00 1.50813e+00 3.33333e-02 0.00000e+00 
2.06955e+04 7.51692e-01 2.63672e+00 2.00394e+00 1.63665e+00 3.33333e-02 0.00000e+00 
2.07036e+04 1.04249e+00 2.76340e+00 2.44128e+00 1.80581e+00 3.33333e-02 0.00000e+00 
2.07117e+04 1.23674e+00 1.80318e+00 3.03201e+00 1.84024e+00 3.33333e-02 0.00000e+00 
2.07198e+04 1.33009e+00 5.00068e+00 1.57316e+00 3.76304e-01 0.00000e+00 0.00000e+00 
2.07279e+04 2.21349e+00 3.24550e+00 3.50731e+00 2.05445e+00 0.00000e+00 0.00000e+00 
2.07360e+04 2.18260e+00 2.51776e+00 1.64855e+00 1.52201e+00 0.00000e+00 0.00000e+00 
2.07441e+04 3.13671e+00 1.27527e+00 1.10613e+00 1.14729e+00 0.00000e+00 0.00000e+00 
2.07522e+04 1.19659e+00 2.20132e+00 2.21045e+00 8.37537e-01 0.00000e+00 0.00000e+00 
2.07603e+04 2.65196e+00 1.31319e+00 3.97686e+00 1.34938e+00 0.00000e+00 0.00000e+00 
2.07684e+04 3.62866e+00 1.91761e+00 4.49623e+00 1.81164e+00 0.00000e+00 0.00000e+00 
2.07765e+04 2.26992e+00 1.29582e+00 6.51390e+00 9.06650e-01 0.00000e+00 6.66667e-02 
2.07846e+04 2.22338e+00 1.46202e+00 3.82369e+00 3.19641e+00 0.00000e+00 6.66667e-02 
2.07927e+04 2.55662e+00 4.12804e+00 2.28320e+00 2.77915e+00 0.00000e+00 6.66667e-02 
2.08008e+04 1.69132e+00 2.18707e+00 2.46712e+00 1.88584e+00 0.00000e+00 6.66667e-02 
2.08089e+04 7.64281e-01 1.65662e+00 1.80007e+00 1.57671e+00 0.00000e+00 6.66667e-02 
2.08170e+04 1.99047e+00 3.09415e+00 1.93116e+00 2.18100e+00 3.33333e-02 6.66667e-02 
2.08251e+04 9.00946e-01 2.31867e+00 1.48790e+00 2.39930e+00 3.33333e-02 6.66667e-02 
2.08332e+04 1.61514e+00 1.53074e+00 2.82378e+00 1.88067e+00 3.33333e-02 6.66667e-02 
2.08413e+04 1.58142e+00 1.30633e+00 3.62916e+00 1.68440e+00 0.00000e+00 0.00000e+00 
2.08494e+04 2.44681e+00 2.49400e+00 2.36078e+00 3.81746e-01 0.00000e+00 0.00000e+00 
2.08575e+04 3.29449e+00 2.98912e+00 2.51685e+00 1.24765e+00 0.00000e+00 0.00000e+00 
2.08656e+04 2.04103e+00 1.55595e+00 3.18075e+00 1.79653e+00 0.00000e+00 0.00000e+00 
2.08737e+04 1.75476e+00 2.25622e+00 3.40478e+00 1.68707e+00 0.00000e+00 3.33333e-02 
2.08818e+04 1.33584e+00 1.47742e+00 2.81925e+00 1.69412e+00 0.00000e+00 0.00000e+00 
2.08899e+04 2.64704e+00 3.14631e+00 1.82811e+00 1.09528e+00 0.00000e+00 0.00000e+00 
2.08980e+04 1.45108e+00 2.53098e+00 1.01083e+00 1.36547e+00 0.00000e+00 0.00000e+00 
2.09061e+04 3.68591e+00 6.47876e-01 1.83351e+00 1.52725e+00 0.00000e+00 0.00000e+00 
2.09142e+04 7.13977e-01 2.02038e+00 1.24620e+00 2.40343e+00 0.00000e+00 0.00000e+00 
2.09223e+04 1.75977e+00 1.90714e+00 1.23341e+00 1.84451e+00 0.00000e+00 0.00000e+00 
2.09304e+04 1.21276e+00 2.27738e+00 8.76218e-01 1.80654e+00 0.00000e+00 0.00000e+00 
2.09385e+04 7.40400e-01 8.33799e-01 2.58921e+00 1.45145e+00 0.00000e+00 3.33333e-02 
2.09466e+04 1.52236e+00 2.85524e-01 2.09958e+00 1.57166e+00 0.00000e+00 6.66667e-02 
2.09547e+04 6.23657e-01 1.20218e+00 1.23049e+00 1.88397e+00 0.00000e+00 6.66667e-02 
2.09628e+04 6.82693e-01 4.55485e+00 2.35615e+00 2.05500e+00 3.33333e-02 6.66667e-02 
2.09709e+04 1.99661e+00 3.29701e+00 1.56514e+00 3.95321e+00 3.33333e-02 3.33333e-02 
2.09790e+04 5.79765e-01 4.48532e+00 6.15633e-01 9.03750e-01 0.00000e+00 3.33333e-02 
2.09871e+04 5.00801e-01 2.30489e+00 1.77472e+00 3.24121e+00 0.00000e+00 3.33333e-02 
2.09952e+04 1.58078e+00 3.13235e+00 1.16314e+00 2.62250e+00 0.00000e+00 0.00000e+00 
2.10033e+04 2.42007e+00 3.75610e+00 1.08045e+00 7.06191e-01 0.00000e+00 0.00000e+00 
2.10114e+04 2.66818e+00 2.20796e+00 6.32020e-01 8.55831e-01 0.00000e+00 0.00000e+00 
2.10195e+04 4.33685e+00 2.00593e+00 2.37839e+00 1.74258e+00 0.00000e+00 0.00000e+00 
2.10276e+04 4.24994e+00 1.70325e+00 3.29696e+00 3.26556e+00 0.00000e+00 0.00000e+00 
2.10357e+04 2.18330e+00 1.65042e+00 7.65817e+00 8.91322e-01 0.00000e+00 0.00000e+00 
2.10438e+04 1.39507e+00 1.71501e+00 6.02344e+00 6.92023e-01 0.00000e+00 0.00000e+00 
2.10519e+04 3.28974e+00 3.29532e+00 3.95300e+00 2.07235e+00 0.00000e+00 0.00000e+00 
2.10600e+04 1.34687e+00 2.63805e+00 1.88188e+00 1.46773e+00 0.00000e+00 0.00000e+00 
2.10681e+04 2.73876e+00 2.48053e+00 1.66657e+00 1.16956e+00 0.00000e+00 3.33333e-02 
2.10762e+04 1.89730e+00 1.18541e+00 2.32404e+00 2.31100e+00 0.00000e+00 3.33333e-02 
2.10843e+04 2.16299e+00 2.06888e+00 3.50045e+00 1.44773e+00 0.00000e+00 3.33333e-02 
2.10924e+04 1.62126e+00 1.00448e+00 2.44843e+00 2.33700e+00 0.00000e+00 0.00000e+00 
2.11005e+04 1.71846e+00 2.07058e+00 1.87876e+00 4.13453e+00 0.00000e+00 0.00000e+00 
2.11086e+04 9.31223e-01 2.50071e+00 9.25482e-01 3.12977e+00 0.00000e+00 0.00000e+00 
2.11167e+04 1.99979e+00 1.99599e+00 2.42567e+00 3.80607e-01 0.00000e+00 0.00000e+00 
2.11248e+04 2.29104e+00 2.05012e+00 2.85619e+00 3.09097e+00 0.00000e+00 0.00000e+00 
2.11329e+04 2.25472e+00 1.40272e+00 1.21991e+00 2.03625e+00 0.00000e+00 0.00000e+00 
2.11410e+04 1.14445e+00 1.10904e+00 2.51768e+00 1.54828e+00 0.00000e+00 0.00000e+00 
2.11491e+04 1.03988e+00 3.03923e+00 8.07161e-01 7.25580e-01 0.00000e+00 0.00000e+00 
2.11572e+04 1.08600e+00 2.50720e+00 3.07139e+00 2.45675e+00 0.00000e+00 0.00000e+00 
2.11653e+04 1.39481e+00 2.85322e+00 4.56777e-01 1.60651e+00 0.00000e+00 0.00000e+00 
2.11734e+04 1.61009e+00 2.71003e+00 4.02956e+00 6.91139e-01 0.00000e+00 0.00000e+00 
2.11815e+04 2.49722e+00 2.05296e+00 1.25117e+00 1.34791e+00 0.00000e+00 0.00000e+00 
2.11896e+04 4.92933e+00 2.35403e+00 3.13587e-01 1.86429e+00 0.00000e+00 0.00000e+00 
2.11977e+04 2.46568e+00 1.97072e+00 1.67767e+00 2.02537e+00 0.00000e+00 0.00000e+00 
2.12058e+04 1.45614e+00 2.97352e+00 1.67670e+00 4.56548e+00 3.33333e-02 0.00000e+00 
2.12139e+04 2.79668e+00 2.25708e+00 2.89699e+00 3.16458e+00 3.33333e-02 3.33333e-02 
2.12220e+04 7.78768e-01 1.35390e+00 6.43301e-01 2.49619e+00 3.33333e-02 0.00000e+00 
2.12301e+04 3.09002e+00 1.18227e+00 2.57073e+00 5.41956e-01 3.33333e-02 0.00000e+00 
2.12382e+04 2.72731e+00 1.60028e+00 4.48832e+00 1.75289e+00 0.00000e+00 0.00000e+00 
2.12463e+04 2.28517e+00 7.94247e-01 2.39436e+00 2.52191e+00 3.33333e-02 0.00000e+00 
2.12544e+04 2.35756e+00 2.00367e+00 2.36858e+00 2.92924e+00 3.33333e-02 0.00000e+00 
2.12625e+04 2.53281e+00 1.14626e+00 1.57859e+00 1.77638e-01 3.33333e-02 0.00000e+00 
2.12706e+04 1.11298e+00 1.85229e+00 7.29737e-01 2.87807e+00 6.66667e-02 0.00000e+00 
2.12787e+04 1.10324e+00 1.81242e+00 9.62451e-01 1.79387e-01 3.33333e-02 0.00000e+00 
2.12868e+04 1.21682e+00 6.81444e-01 2.18702e+00 1.75284e+00 3.33333e-02 0.00000e+00 
2.12949e+04 8.09874e-01 1.75889e+00 1.98685e+00 1.12049e+00 3.33333e-02 0.00000e+00 
2.13030e+04 1.88092e+00 1.44897e+00 1.33051e+00 2.33703e+00 0.00000e+00 0.00000e+00 
2.13111e+04 1.30842e+00 1.88439e+00 1.51555e+00 2.10528e+00 0.00000e+00 0.00000e+00 
2.13192e+04 1.82764e+00 2.14857e+00 1.95872e+00 1.73997e+00 0.00000e+00 0.00000e+00 
2.13273e+04 1.71384e+00 1.15457e+00 2.01949e+00 7.88623e-01 0.00000e+00 0.00000e+00 
2.13354e+04 1.78129e+00 1.83026e+00 3.85916e-01 9.84427e-01 0.00000e+00 0.00000e+00 
2.13435e+04 1.63760e+00 1.25298e+00 9.53960e-01 3.59758e-01 0.00000e+00 0.00000e+00 
2.13516e+04 2.29357e+00 1.62658e+00 3.29520e-01 3.62962e+00 0.00000e+00 0.00000e+00 
2.13597e+04 4.29343e+00 1.78714e+00 1.71890e+00 5.41319e-01 0.00000e+00 0.00000e+00 
2.13678e+04 3.23666e+00 1.54036e+00 5.09094e+00 2.20059e+00 0.00000e+00 0.00000e+00 
2.13759e+04 3.24275e+00 1.23149e+00 3.39280e+00 1.22901e+00 0.00000e+00 0.00000e+00 
2.13840e+04 2.34346e+00 8.99732e-01 2.59433e+00 2.42170e+00 0.00000e+00 0.00000e+00 
2.13921e+04 2.10164e+00 2.51301e+00 2.29737e+00 2.23506e+00 0.00000e+00 0.00000e+00 
2.14002e+04 1.83763e+00 1.71599e+00 3.22177e+00 2.64593e+00 0.00000e+00 0.00000e+00 
2.14083e+04 3.34089e+00 1.95252e+00 2.77322e+00 9.47105e-01 0.00000e+00 0.00000e+00 
2.14164e+04 2.92582e+00 8.47898e-01 1.80817e+00 1.82883e+00 0.00000e+00 0.00000e+00 
2.14245e+04 1.91535e+00 8.98860e-01 2.72058e+00 9.71420e-01 0.00000e+00 0.00000e+00 
2.14326e+04 2.00319e+00 2.73462e+00 2.89757e+00 2.06467e+00 0.00000e+00 0.00000e+00 
2.14407e+04 1.49343e+00 1.72802e+00 1.05888e+00 1.55922e+00 0.00000e+00 0.00000e+00 
2.14488e+04 2.46134e+00 9.00275e-01 2.35335e+00 2.69889e+00 3.33333e-02 0.00000e+00 
2.14569e+04 2.56780e+00 1.87004e+00 1.90533e+00 2.12689e+00 3.33333e-02 0.00000e+00 
2.14650e+04 1.10413e+00 2.44948e+00 1.22781e+00 1.41825e+00 3.33333e-02 0.00000e+00 
2.14731e+04 2.32484e+00 2.86152e+00 2.47164e+00 1.75151e+00 3.33333e-02 3.33333e-02 
2.14812e+04 1.34410e+00 2.90314e+00 1.52273e+00 2.17171e+00 3.33333e-02 3.33333e-02 
2.14893e+04 1.35188e+00 1.63473e+00 1.83244e+00 2.59442e+00 0.00000e+00 3.33333e-02 
2.14974e+04 2.44498e+00 2.13430e+00 1.90349e+00 3.01915e+00 0.00000e+00 3.33333e-02 
2.15055e+04 3.34613e+00 1.04178e+00 3.17033e+00 2.10560e+00 0.00000e+00 3.33333e-02 
2.15136e+04 1.41853e+00 1.57651e+00 9.35129e-01 3.27944e+00 3.33333e-02 3.33333e-02 
2.15217e+04 1.56226e+00 1.97939e+00 2.18071e+00 1.33262e+00 0.00000e+00 0.00000e+00 
2.15298e+04 1.07503e+00 1.33758e+00 1.39338e+00 1.37276e+00 0.00000e+00 0.00000e+00 
2.15379e+04 1.77822e+00 1.67555e+00 1.11099e+00 8.95987e-01 0.00000e+00 0.00000e+00 
2.15460e+04 1.14511e+00 9.33244e-01 2.82523e+00 2.20242e+00 0.00000e+00 0.00000e+00 
2.15541e+04 2.70527e+00 2.87201e+00 8.01836e-01 1.50058e+00 0.00000e+00 0.00000e+00 
2.15622e+04 1.16281e+00 2.55247e+00 2.91380e+00 1.58413e+00 0.00000e+00 0.00000e+00 
2.15703e+04 2.51907e+00 2.88108e+00 2.34165e+00 1.14826e+00 3.33333e-02 0.00000e+00 
2.15784e+04 4.26266e+00 3.48706e+00 1.50522e+00 2.42415e+00 3.33333e-02 0.00000e+00 
2.15865e+04 4.59870e+00 1.66310e+00 1.76253e+00 1.15012e+00 0.00000e+00 3.33333e-02 
2.15946e+04 2.51171e+00 3.47460e+00 2.32443e+00 2.27716e+00 0.00000e+00 3.33333e-02 
2.16027e+04 1.38085e+00 7.17182e-01 1.82273e+00 2.21527e+00 0.00000e+00 3.33333e-02 
2.16108e+04 1.38713e+00 1.67979e+00 2.06568e+00 1.22470e+00 0.00000e+00 3.33333e-02 
2.16189e+04 1.77568e+00 6.65019e-01 1.14642e+00 1.45278e+00 0.00000e+00 3.33333e-02 
2.16270e+04 1.89467e+00 8.63046e-01 2.95300e+00 2.09797e+00 0.00000e+00 3.33333e-02 
2.16351e+04 1.70339e+00 4.66610e-01 1.82117e+00 2.28570e+00 0.00000e+00 0.00000e+00 
2.16432e+04 1.39742e+00 2.23709e+00 7.13405e-01 1.51484e+00 0.00000e+00 0.00000e+00 
2.16513e+04 1.48093e+00 1.12941e+00 4.07583e+00 1.24695e+00 0.00000e+00 0.00000e+00 
2.16594e+04 2.33139e+00 1.37247e+00 1.28329e+00 1.44461e+00 0.00000e+00 0.00000e+00 
2.16675e+04 1.56023e+00 1.20794e+00 3.56107e-01 2.05827e+00 0.00000e+00 0.00000e+00 
2.16756e+04 1.97383e+00 1.82075e+00 9.88286e-01 1.76779e+00 0.00000e+00 0.00000e+00 
2.16837e+04 2.04122e+00 1.20129e+00 1.47015e+00 1.22253e+00 3.33333e-02 0.00000e+00 
2.16918e+04 3.52083e+00 1.25289e+00 1.19366e+00 1.16626e+00 3.33333e-02 0.00000e+00 
2.16999e+04 2.92174e+00 1.19110e+00 1.55961e+00 1.11363e+00 0.00000e+00 0.00000e+00 
2.17080e+04 7.51555e-01 1.60443e+00 2.28406e+00 2.19937e+00 0.00000e+00 0.00000e+00 
2.17161e+04 2.88303e+00 2.16256e+00 3.17461e+00 2.09658e+00 0.00000e+00 0.00000e+00 
2.17242e+04 2.53927e+00 1.67685e+00 1.52646e+00 1.23150e+00 0.00000e+00 0.00000e+00 
2.17323e+04 2.48759e+00 1.89246e+00 1.19619e+00 2.30624e+00 0.00000e+00 0.00000e+00 
2.17404e+04 2.44648e+00 1.63344e+00 2.40069e+00 9.05511e-01 0.00000e+00 0.00000e+00 
2.17485e+04 1.52590e+00 1.61741e+00 1.81341e+00 2.38343e+00 0.00000e+00 0.00000e+00 
2.17566e+04 1.42953e+00 1.69646e+00 2.31353e+00 2.46895e+00 0.00000e+00 0.00000e+00 
2.17647e+04 2.24384e+00 1.49894e+00 4.88038e+00 1.23010e+00 0.00000e+00 0.00000e+00 
2.17728e+04 1.89721e+00 1.09269e+00 4.02687e+00 1.87691e+00 0.00000e+00 0.00000e+00 
2.17809e+04 3.42139e+00 1.95933e+00 2.09046e+00 2.55695e+00 0.00000e+00 0.00000e+00 
2.17890e+04 1.54455e+00 2.69945e+00 3.55369e+00 2.06591e+00 0.00000e+00 0.00000e+00 
2.17971e+04 1.94114e+00 2.91041e+00 1.81708e+00 7.01261e-01 0.00000e+00 0.00000e+00 
2.18052e+04 3.63367e+00 2.24703e+00 9.04916e-01 1.16571e+00 0.00000e+00 0.00000e+00 
2.18133e+04 8.04787e-01 2.23883e+00 1.96565e+00 1.34835e+00 0.00000e+00 0.00000e+00 
2.18214e+04 2.01388e+00 1.52312e+00 9.89289e-01 1.29333e+00 0.00000e+00 0.00000e+00 
2.18295e+04 9.37106e-01 2.90835e+00 8.50138e-01 1.64190e+00 0.00000e+00 0.00000e+00 
2.18376e+04 8.81323e-01 2.33478e+00 1.67843e+00 2.14564e+00 0.00000e+00 0.00000e+00 
2.18457e+04 9.08322e-01 1.56233e+00 1.85602e+00 1.10778e+00 0.00000e+00 0.00000e+00 
2.18538e+04 6.15479e-01 1.43598e+00 2.64938e+00 2.29879e+00 0.00000e+00 0.00000e+00 
2.18619e+04 7.76746e-01 1.88574e+00 2.34136e+00 3.51988e+00 0.00000e+00 0.00000e+00 
2.18700e+04 5.75451e-01 5.48952e-01 8.76032e-01 9.86841e-01 0.00000e+00 0.00000e+00 
2.18781e+04 1.29491e+00 7.64803e-01 2.25452e+00 1.12954e+00 0.00000e+00 0.00000e+00 
2.18862e+04 1.48456e+00 2.01850e+00 1.48452e+00 3.19407e+00 0.00000e+00 0.00000e+00 
2.18943e+04 1.26381e+00 1.21683e+00 2.31092e+00 1.90395e+00 0.00000e+00 3.33333e-02 
2.19024e+04 8.65600e-01 1.41273e+00 7.62469e+00 2.28358e+00 0.00000e+00 3.33333e-02 
2.19105e+04 1.80311e+00 1.59750e+00 4.61418e+00 2.20917e+00 0.00000e+00 0.00000e+00 
2.19186e+04 1.30574e+00 3.93677e+00 3.29758e+00 1.72956e+00 0.00000e+00 0.00000e+00 
2.19267e+04 2.52913e+00 4.23892e+00 3.83319e+00 3.30971e+00 3.33333e-02 0.00000e+00 
2.19348e+04 1.25576e+00 6.31852e+00 2.32953e+00 2.49247e+00 0.00000e+00 0.00000e+00 
2.19429e+04 1.34425e+00 3.43028e+00 1.27467e+00 3.38055e+00 0.00000e+00 0.00000e+00 
2.19510e+04 5.86488e-01 2.84577e+00 2.08798e+00 1.21799e+00 0.00000e+00 0.00000e+00 
2.19591e+04 2.49350e+00 8.73912e-01 1.39442e-01 2.71700e+00 0.00000e+00 0.00000e+00 
2.19672e+04 1.83893e+00 2.27384e+00 8.55681e-01 9.17836e-01 0.00000e+00 0.00000e+00 
2.19753e+04 2.66188e+00 2.35570e+00 8.89361e-01 8.86093e-01 0.00000e+00 0.00000e+00 
2.19834e+04 1.24171e+00 1.81477e+00 2.80361e+00 1.93132e+00 0.00000e+00 0.00000e+00 
2.19915e+04 5.26402e-01 1.87416e+00 1.90327e+00 1.50553e+00 0.00000e+00 0.00000e+00 
2.19996e+04 1.73052e+00 2.28727e+00 1.04617e+00 1.34833e+00 0.00000e+00 0.00000e+00 
2.20077e+04 2.19296e+00 2.91270e+00 3.53749e+00 3.58498e+00 0.00000e+00 0.00000e+00 
2.20158e+04 1.61710e+00 3.82793e+00 1.00514e+00 2.10514e+00 0.00000e+00 0.00000e+00 
2.20239e+04 2.69000e+00 3.13494e+00 6.82162e-01 2.11104e+00 0.00000e+00 0.00000e+00 
2.20320e+04 8.60678e-01 1.80155e+00 1.71673e+00 1.05153e+00 0.00000e+00 0.00000e+00 
2.20401e+04 1.50808e+00 3.71754e+00 1.61383e+00 1.14396e+00 0.00000e+00 0.00000e+00 
2.20482e+04 1.98181e+00 3.42827e+00 1.78359e+00 3.54906e+00 0.00000e+00 0.00000e+00 
2.20563e+04 1.72226e+00 3.14149e+00 2.22691e+00 1.19458e+00 0.00000e+00 0.00000e+00 
2.20644e+04 2.37500e+00 1.68079e+00 1.62054e+00 1.98542e+00 0.00000e+00 0.00000e+00 
2.20725e+04 9.85883e-01 1.44617e+00 3.42148e+00 1.36947e+00 0.00000e+00 0.00000e+00 
2.20806e+04 1.75230e+00 2.79046e+00 9.59550e-01 2.02638e+00 0.00000e+00 3.33333e-02 
2.20887e+04 2.20567e+00 5.02905e-01 1.39283e+00 1.99144e+00 0.00000e+00 0.00000e+00 
2.20968e+04 1.40977e+00 1.68999e+00 1.97122e+00 1.57091e+00 3.33333e-02 0.00000e+00 
2.21049e+04 1.00110e+00 1.77356e+00 1.89549e+00 1.81924e+00 0.00000e+00 0.00000e+00 
2.21130e+04 8.53618e-01 5.01747e-01 1.79566e+00 1.44448e+00 0.00000e+00 0.00000e+00 
2.21211e+04 2.13275e+00 1.42559e+00 6.54972e-01 2.11172e+00 0.00000e+00 0.00000e+00 
2.21292e+04 9.11549e-01 1.84510e+00 1.03726e+00 6.31789e-01 0.00000e+00 0.00000e+00 
2.21373e+04 1.97904e+00 2.27488e+00 1.24154e+00 2.53808e+00 0.00000e+00 0.00000e+00 
2.21454e+04 6.98608e-01 9.43187e-01 1.05988e+00 1.21159e+00 0.00000e+00 0.00000e+00 
2.21535e+04 2.44572e+00 1.05584e+00 1.68331e+00 5.60260e+00 6.66667e-02 0.00000e+00 
2.21616e+04 1.27273e+00 4.05987e-01 2.57734e+00 1.48190e+00 3.33333e-02 0.00000e+00 
2.21697e+04 6.68073e-01 3.32649e-01 2.67258e+00 2.28061e+00 0.00000e+00 0.00000e+00 
2.21778e+04 1.89136e+00 1.67815e+00 8.56977e-01 2.08733e+00 0.00000e+00 0.00000e+00 
2.21859e+04 3.46510e+00 2.07434e+00 6.34817e-01 2.69376e+00 0.00000e+00 0.00000e+00 
2.21940e+04 3.21170e+00 3.87362e+00 2.50814e+00 1.01405e+00 0.00000e+00 0.00000e+00 
2.22021e+04 2.72575e+00 1.76046e+00 1.87512e+00 5.21426e-01 0.00000e+00 0.00000e+00 
2.22102e+04 2.94817e+00 1.97273e+00 3.64286e+00 2.47565e+00 0.00000e+00 0.00000e+00 
2.22183e+04 1.63978e+00 2.08060e+00 1.43414e+00 2.44365e+00 0.00000e+00 3.33333e-02 
2.22264e+04 2.41551e+00 1.68370e+00 1.00358e+00 1.74090e+00 0.00000e+00 6.66667e-02 
2.22345e+04 1.63411e+00 9.32735e-01 1.40883e+00 1.50273e+00 0.00000e+00 6.66667e-02 
2.22426e+04 2.56070e+00 2.95770e+00 1.97412e+00 1.94243e+00 0.00000e+00 6.66667e-02 
2.22507e+04 2.82219e+00 3.37974e+00 1.52903e+00 1.97050e+00 0.00000e+00 3.33333e-02 
2.22588e+04 1.74134e+00 1.71389e+00 2.96669e+00 1.92062e+00 0.00000e+00 0.00000e+00 
2.22669e+04 2.70466e+00 1.60225e+00 1.04639e+00 2.53742e+00 0.00000e+00 0.00000e+00 
2.22750e+04 5.37825e+00 8.15193e-01 1.75988e+00 2.46613e+00 0.00000e+00 0.00000e+00 
2.22831e+04 4.08850e+00 8.46134e-01 3.51687e+00 2.00413e+00 0.00000e+00 0.00000e+00 
2.22912e+04 1.08102e+00 6.54225e-01 1.71242e+00 2.38244e+00 0.00000e+00 0.00000e+00 
2.22993e+04 1.00254e+00 2.17405e+00 3.16008e+00 8.77620e-01 0.00000e+00 0.00000e+00 
2.23074e+04 1.53513e+00 2.00220e+00 1.58178e+00 2.21630e+00 0.00000e+00 0.00000e+00 
2.23155e+04 2.24875e+00 2.37671e+00 2.46915e+00 2.20836e+00 0.00000e+00 0.00000e+00 
2.23236e+04 2.65729e+00 3.40134e+00 1.52694e+00 1.58479e+00 0.00000e+00 0.00000e+00 
2.23317e+04 2.09234e+00 1.67567e+00 1.56608e+00 1.55610e+00 0.00000e+00 0.00000e+00 
2.23398e+04 9.33595e-01 2.17183e+00 2.31874e+00 1.61920e+00 3.33333e-02 0.00000e+00 
2.23479e+04 1.20062e+00 2.48016e+00 2.78196e+00 1.23539e+00 6.66667e-02 0.00000e+00 
2.23560e+04 8.42053e-01 2.32852e+00 1.46607e+00 2.37411e+00 3.33333e-02 3.33333e-02 
2.23641e+04 2.23717e+00 7.97525e-01 1.08898e+00 3.58876e+00 0.00000e+00 3.33333e-02 
2.23722e+04 1.49845e+00 1.34411e+00 1.00115e+00 2.46481e+00 0.00000e+00 3.33333e-02 
2.23803e+04 1.60767e+00 2.60088e+00 7.54015e-01 2.64881e+00 0.00000e+00 3.33333e-02 
2.23884e+04 1.12834e+00 1.85381e+00 1.36668e+00 1.21477e+00 0.00000e+00 3.33333e-02 
2.23965e+04 3.19479e+00 1.34970e+00 2.54486e+00 1.29614e+00 0.00000e+00 3.33333e-02 
2.24046e+04 3.23640e+00 3.39175e+00 3.15166e+00 2.15044e+00 0.00000e+00 3.33333e-02 
2.24127e+04 2.89448e+00 1.15700e+00 1.32340e+00 2.13319e+00 0.00000e+00 3.33333e-02 
2.24208e+04 9.96957e-01 2.58517e+00 2.37938e-01 1.45733e+00 0.00000e+00 3.33333e-02 
2.24289e+04 1.34893e+00 2.41976e+00 9.15129e-01 5.38920e-01 0.00000e+00 0.00000e+00 
2.24370e+04 1.50755e+00 1.70973e+00 1.09157e+00 1.44026e+00 0.00000e+00 0.00000e+00 
2.24451e+04 1.33641e+00 2.18001e+00 2.04038e+00 2.13133e+00 3.33333e-02 0.00000e+00 
2.24532e+04 1.88386e+00 2.33914e+00 2.21402e+00 1.70097e+00 3.33333e-02 0.00000e+00 
2.24613e+04 7.75503e-01 7.77407e-01 5.42282e-01 2.38096e+00 0.00000e+00 0.00000e+00 
2.24694e+04 4.72325e-01 4.42666e-01 2.54217e+00 3.03473e+00 0.00000e+00 0.00000e+00 
2.24775e+04 1.64521e+00 3.02359e+00 1.12676e+00 2.88979e+00 0.00000e+00 0.00000e+00 
2.24856e+04 1.33556e+00 3.00556e+00 2.03693e+00 1.79507e+00 0.00000e+00 0.00000e+00 
2.24937e+04 1.94739e+00 1.91536e+00 1.58002e+00 1.46105e+00 0.00000e+00 0.00000e+00 
2.25018e+04 2.40732e+00 1.24491e+00 1.50948e+00 2.90350e+00 0.00000e+00 0.00000e+00 
2.25099e+04 1.43007e+00 1.25716e+00 3.56552e-01 1.32160e+00 0.00000e+00 0.00000e+00 
2.25180e+04 8.04976e-01 2.26979e+00 3.56552e-01 1.07619e+00 0.00000e+00 0.00000e+00 
2.25261e+04 1.61864e+00 1.58513e+00 1.25187e+00 1.06160e+00 0.00000e+00 0.00000e+00 
2.25342e+04 2.08680e+00 1.83144e+00 1.38170e+00 2.26956e+00 0.00000e+00 3.33333e-02 
2.25423e+04 2.08301e+00 2.70824e+00 1.14306e+00 1.74002e+00 0.00000e+00 3.33333e-02 
2.25504e+04 1.07684e+00 1.08596e+00 2.60975e+00 2.16788e+00 0.00000e+00 0.00000e+00 
2.25585e+04 9.33896e-01 1.51931e+00 2.05739e+00 1.27055e+00 0.00000e+00 3.33333e-02 
2.25666e+04 1.72874e+00 9.75739e-01 4.26702e+00 7.11575e-01 0.00000e+00 3.33333e-02 
2.25747e+04 2.67737e+00 2.22181e+00 1.44720e+00 1.42199e+00 0.00000e+00 3.33333e-02 
2.25828e+04 1.02651e+00 2.16737e+00 3.95542e+00 1.88189e+00 0.00000e+00 3.33333e-02 
2.25909e+04 1.20018e+00 2.16821e+00 1.63902e+00 1.23862e+00 0.00000e+00 0.00000e+00 
2.25990e+04 1.95045e+00 1.38161e+00 2.38496e+00 1.22549e+00 0.00000e+00 3.33333e-02 
2.26071e+04 2.27226e+00 2.12358e+00 1.66324e-01 3.31291e+00 0.00000e+00 3.33333e-02 
2.26152e+04 1.66093e+00 2.65094e+00 3.77284e+00 2.24808e+00 0.00000e+00 3.33333e-02 
2.26233e+04 1.18499e+00 1.24360e+00 1.85282e+00 2.39374e+00 0.00000e+00 0.00000e+00 
2.26314e+04 1.22504e+00 2.28476e+00 1.47226e+00 6.90438e-01 0.00000e+00 6.66667e-02 
2.26395e+04 8.36845e-01 3.08512e+00 2.82712e+00 2.63380e+00 0.00000e+00 3.33333e-02 
2.26476e+04 1.11851e+00 7.51265e-01 2.97007e+00 7.39946e-01 0.00000e+00 3.33333e-02 
2.26557e+04 2.21442e+00 1.43877e+00 1.99333e+00 1.12586e+00 0.00000e+00 0.00000e+00 
2.26638e+04 2.55338e+00 2.87279e+00 2.33793e+00 1.36067e+00 0.00000e+00 0.00000e+00 
2.26719e+04 1.67188e+00 2.48931e+00 8.94669e-01 1.68529e+00 0.00000e+00 0.00000e+00 
2.26800e+04 1.94524e+00 1.49244e+00 1.33833e+00 1.67827e+00 0.00000e+00 0.00000e+00 
2.26881e+04 2.58006e+00 2.38376e+00 2.36616e+00 2.93596e+00 0.00000e+00 0.00000e+00 
2.26962e+04 1.52999e+00 8.97825e-01 1.26942e+00 5.16753e-01 3.33333e-02 0.00000e+00 
2.27043e+04 1.01074e+00 1.03473e+00 1.12763e+00 2.10543e+00 0.00000e+00 0.00000e+00 
2.27124e+04 1.46478e+00 5.38852e-01 1.39219e+00 3.03036e+00 0.00000e+00 0.00000e+00 
2.27205e+04 1.26696e+00 5.09948e+00 1.63058e+00 1.27647e+00 0.00000e+00 0.00000e+00 
2.27286e+04 2.69082e+00 6.49647e-01 1.10798e+00 1.57178e+00 0.00000e+00 0.00000e+00 
2.27367e+04 4.78715e+00 5.33091e-01 2.49151e+00 7.17217e-01 0.00000e+00 0.00000e+00 
2.27448e+04 8.91971e-01 9.28397e-01 2.05914e+00 1.21165e+00 0.00000e+00 3.33333e-02 
2.27529e+04 2.18787e+00 2.41917e+00 1.70609e+00 2.37524e+00 0.00000e+00 3.33333e-02 
2.27610e+04 2.56117e+00 1.08440e+00 1.25366e+00 1.47129e+00 0.00000e+00 3.33333e-02 
2.27691e+04 2.57768e+00 1.29996e+00 1.72361e+00 3.57439e+00 0.00000e+00 3.33333e-02 
2.27772e+04 1.31067e+00 1.53803e+00 6.90129e-01 2.38596e-01 0.00000e+00 3.33333e-02 
2.27853e+04 4.38332e+00 7.71181e-01 9.78452e-01 1.24458e+00 0.00000e+00 3.33333e-02 
2.27934e+04 1.02522e+00 4.94127e-01 1.24596e+00 2.26479e+00 0.00000e+00 3.33333e-02 
2.28015e+04 2.72403e+00 2.33034e+00 1.88739e+00 1.03838e+00 0.00000e+00 3.33333e-02 
2.28096e+04 1.27556e+00 1.53713e+00 2.31327e+00 2.32247e+00 0.00000e+00 3.33333e-02 
2.28177e+04 1.59931e+00 1.50944e+00 2.97665e+00 2.16540e+00 0.00000e+00 0.00000e+00 
2.28258e+04 8.74348e-01 1.98310e+00 2.10183e+00 2.35969e+00 0.00000e+00 0.00000e+00 
2.28339e+04 1.86108e+00 2.19377e+00 2.97597e+00 2.04522e+00 0.00000e+00 0.00000e+00 
2.28420e+04 1.71949e+00 1.09652e+00 1.28673e+00 1.68389e+00 0.00000e+00 0.00000e+00 
2.28501e+04 2.38521e+00 1.25681e+00 1.22229e+00 1.84736e+00 3.33333e-02 0.00000e+00 
2.28582e+04 1.36476e+00 2.26851e+00 2.24383e-01 1.89715e+00 3.33333e-02 0.00000e+00 
2.28663e+04 9.60866e-01 1.10111e+00 2.37209e+00 2.41162e+00 0.00000e+00 0.00000e+00 
2.28744e+04 1.68839e+00 1.55747e+00 7.15778e-01 1.18560e+00 0.00000e+00 0.00000e+00 
2.28825e+04 1.06539e+00 1.72955e+00 1.12563e+00 3.96545e+00 0.00000e+00 0.00000e+00 
2.28906e+04 1.54960e+00 1.10855e+00 1.15707e+00 2.42543e+00 0.00000e+00 0.00000e+00 
2.28987e+04 2.68299e+00 1.60615e+00 5.09919e+00 4.46060e+00 0.00000e+00 0.00000e+00 
2.29068e+04 3.88999e-01 2.39965e+00 3.78288e+00 2.42327e+00 0.00000e+00 3.33333e-02 
2.29149e+04 2.23204e+00 1.10822e+00 1.50853e+00 2.17248e+00 0.00000e+00 0.00000e+00 
2.29230e+04 2.99514e+00 9.32280e-01 8.96849e-01 1.39110e+00 0.00000e+00 3.33333e-02 
2.29311e+04 2.19807e+00 8.84044e-01 2.31141e+00 1.32733e+00 0.00000e+00 3.33333e-02 
2.29392e+04 3.61230e+00 1.79441e+00 2.26206e+00 1.51939e+00 0.00000e+00 3.33333e-02 
2.29473e+04 1.92834e+00 1.11278e+00 1.34601e+00 1.79032e+00 0.00000e+00 3.33333e-02 
2.29554e+04 1.56927e+00 1.79442e+00 2.60224e+00 2.27209e+00 0.00000e+00 3.33333e-02 
2.29635e+04 1.60657e+00 1.49086e+00 3.06703e+00 2.69544e+00 0.00000e+00 0.00000e+00 
2.29716e+04 3.47909e+00 2.10664e+00 3.32741e+00 2.27169e+00 0.00000e+00 0.00000e+00 
2.29797e+04 2.79957e+00 2.21991e+00 2.43329e+00 1.35022e+00 0.00000e+00 0.00000e+00 
2.29878e+04 2.77296e+00 1.54518e+00 9.99960e-01 2.24282e+00 0.00000e+00 3.33333e-02 
2.29959e+04 3.12892e+00 2.11768e+00 2.65190e+00 2.25189e+00 0.00000e+00 3.33333e-02 
2.30040e+04 5.72808e-01 2.02202e+00 6.65571e-01 1.52983e+00 0.00000e+00 0.00000e+00 
2.30121e+04 4.07742e-01 5.37278e-01 6.06147e-01 9.58852e-01 0.00000e+00 0.00000e+00 
2.30202e+04 3.28332e+00 4.87523e-01 1.01597e+00 1.21064e+00 0.00000e+00 0.00000e+00 
2.30283e+04 8.47220e-01 3.15225e+00 2.39496e+00 1.61558e+00 0.00000e+00 0.00000e+00 
2.30364e+04 1.29234e+00 1.39234e+00 4.51289e+00 1.76049e+00 0.00000e+00 0.00000e+00 
2.30445e+04 1.06327e+00 1.95373e+00 4.35083e+00 2.00102e+00 0.00000e+00 0.00000e+00 
2.30526e+04 1.04414e+00 1.45539e+00 2.75529e+00 1.61780e+00 0.00000e+00 0.00000e+00 
2.30607e+04 2.87755e+00 1.56532e+00 4.56607e+00 2.39696e+00 0.00000e+00 0.00000e+00 
2.30688e+04 1.31326e+00 1.37005e+00 4.55239e+00 9.81110e-01 0.00000e+00 0.00000e+00 
2.30769e+04 2.48786e+00 1.87920e+00 7.26213e-01 1.72424e+00 0.00000e+00 0.00000e+00 
2.30850e+04 1.15112e+00 2.11032e+00 2.14682e+00 1.62334e+00 0.00000e+00 0.00000e+00 
2.30931e+04 1.30102e+00 1.20599e+00 6.22994e-01 1.17262e+00 0.00000e+00 0.00000e+00 
2.31012e+04 2.65729e+00 1.15597e+00 1.55863e+00 1.58961e+00 0.00000e+00 0.00000e+00 
2.31093e+04 1.47845e+00 6.84102e-01 1.23510e+00 1.47269e+00 0.00000e+00 3.33333e-02 
2.31174e+04 1.62243e+00 1.58404e+00 2.04371e+00 2.03146e+00 0.00000e+00 3.33333e-02 
2.31255e+04 1.32547e+00 1.35824e+00 1.23479e+00 2.54544e+00 0.00000e+00 3.33333e-02 
2.31336e+04 1.67184e+00 1.84797e+00 3.50245e+00 9.51544e-01 0.00000e+00 3.33333e-02 
2.31417e+04 2.49102e+00 1.69769e+00 6.04965e-01 1.49475e+00 0.00000e+00 0.00000e+00 
2.31498e+04 2.18481e+00 1.97343e+00 1.91914e+00 2.28620e+00 0.00000e+00 3.33333e-02 
2.31579e+04 2.37367e+00 9.90655e-01 2.26328e+00 1.98552e+00 0.00000e+00 3.33333e-02 
2.31660e+04 2.62561e+00 1.28882e+00 2.83215e+00 1.68396e+00 0.00000e+00 3.33333e-02 
2.31741e+04 6.42247e-01 3.03330e+00 5.69609e-01 1.61881e+00 0.00000e+00 6.66667e-02 
2.31822e+04 2.90268e+00 1.80113e+00 2.86669e+00 2.09263e+00 0.00000e+00 6.66667e-02 
2.31903e+04 2.56462e+00 3.29873e+00 6.85221e-01 2.54820e+00 0.00000e+00 0.00000e+00 
2.31984e+04 1.10584e+00 3.09243e+00 1.55195e+00 2.96856e+00 0.00000e+00 0.00000e+00 
2.32065e+04 1.78229e+00 2.40482e+00 2.11378e+00 2.82231e+00 0.00000e+00 0.00000e+00 
2.32146e+04 1.65229e+00 1.30605e+00 3.27731e+00 2.24096e+00 0.00000e+00 0.00000e+00 
2.32227e+04 8.39351e-01 1.59739e+00 1.21567e+00 1.74659e+00 0.00000e+00 0.00000e+00 
2.32308e+04 1.70242e+00 6.74992e-01 2.54147e+00 1.42390e+00 0.00000e+00 0.00000e+00 
2.32389e+04 2.35026e+00 1.83762e+00 2.82828e+00 1.13021e+00 0.00000e+00 0.00000e+00 
2.32470e+04 6.98496e-01 2.47907e+00 4.82272e+00 2.08557e+00 0.00000e+00 0.00000e+00 
2.32551e+04 1.36027e+00 9.38033e-01 1.63410e+00 1.03932e+00 0.00000e+00 0.00000e+00 
2.32632e+04 1.10107e+00 8.73487e-01 2.71902e+00 1.83418e+00 0.00000e+00 0.00000e+00 
2.32713e+04 4.71382e-01 1.04325e+00 1.14784e+00 4.65364e+00 0.00000e+00 0.00000e+00 
2.32794e+04 8.53343e-01 3.09022e+00 4.48132e+00 2.98426e+00 0.00000e+00 0.00000e+00 
2.32875e+04 1.26857e+00 2.87833e+00 3.43546e+00 1.14388e+00 0.00000e+00 0.00000e+00 
2.32956e+04 2.89177e+00 2.46338e+00 2.58113e+00 3.21210e+00 0.00000e+00 0.00000e+00 
2.33037e+04 1.17042e+00 8.42343e-01 2.71558e+00 1.65344e+00 0.00000e+00 0.00000e+00 
2.33118e+04 1.34638e+00 1.32552e+00 2.06260e+00 8.20461e-01 0.00000e+00 0.00000e+00 
2.33199e+04 1.83398e+00 1.98201e+00 1.52592e+00 2.14160e+00 3.33333e-02 0.00000e+00 
2.33280e+04 1.38158e+00 1.41252e+00 1.40409e+00 5.15686e-01 0.00000e+00 0.00000e+00 
2.33361e+04 3.65378e+00 1.36177e+00 6.51751e-01 1.61846e+00 0.00000e+00 0.00000e+00 
2.33442e+04 2.49327e+00 2.11392e+00 1.86660e+00 2.75067e+00 0.00000e+00 0.00000e+00 
2.33523e+04 7.65883e-01 3.11806e+00 5.04702e-01 7.12145e-01 3.33333e-02 3.33333e-02 
2.33604e+04 1.63858e+00 5.83935e-01 2.11171e+00 1.58864e+00 3.33333e-02 0.00000e+00 
2.33685e+04 8.78735e-01 2.79867e+00 2.66507e+00 3.09516e+00 3.33333e-02 0.00000e+00 
2.33766e+04 9.85449e-01 2.80220e+00 1.86461e+00 1.58264e+00 3.33333e-02 0.00000e+00 
2.33847e+04 2.35255e+00 3.24345e+00 2.22181e+00 1.25162e+00 3.33333e-02 0.00000e+00 
2.33928e+04 1.07612e+00 3.16129e+00 2.51137e+00 1.52843e+00 0.00000e+00 3.33333e-02 
2.34009e+04 6.05449e-01 1.04837e+00 1.62625e+00 1.68852e+00 0.00000e+00 3.33333e-02 
2.34090e+04 3.34636e+00 9.01701e-01 3.18257e+00 2.01154e+00 0.00000e+00 0.00000e+00 
2.34171e+04 2.72450e+00 9.78099e-01 1.60722e+00 2.49027e+00 0.00000e+00 0.00000e+00 
2.34252e+04 1.10418e+00 2.79998e+00 1.91943e+00 1.06613e+00 0.00000e+00 0.00000e+00 
2.34333e+04 1.09031e+00 8.83541e-01 1.64706e+00 1.08699e+00 0.00000e+00 0.00000e+00 
2.34414e+04 8.02363e-01 1.76396e+00 2.90376e+00 1.93596e+00 0.00000e+00 0.00000e+00 
2.34495e+04 2.97593e+00 1.67705e+00 1.67544e+00 2.88920e-01 0.00000e+00 0.00000e+00 
2.34576e+04 9.33017e-01 2.48857e+00 1.14156e+00 2.35523e+00 0.00000e+00 0.00000e+00 
2.34657e+04 1.71554e+00 1.81196e+00 1.34885e+00 2.22924e+00 0.00000e+00 0.00000e+00 
2.34738e+04 1.59212e+00 2.14303e+00 1.31596e+00 9.70665e-01 3.33333e-02 0.00000e+00 
2.34819e+04 3.00588e+00 2.39843e+00 1.35984e+00 8.28939e-01 0.00000e+00 0.00000e+00 
2.34900e+04 3.28979e+00 1.53080e+00 1.34429e+00 1.55110e+00 0.00000e+00 0.00000e+00 
2.34981e+04 9.55491e-01 2.32847e+00 1.70297e+00 1.65305e+00 3.33333e-02 0.00000e+00 
2.35062e+04 9.77871e-01 1.42627e+00 2.31789e+00 1.32037e+00 3.33333e-02 0.00000e+00 
2.35143e+04 1.22887e+00 1.45859e+00 1.08277e+00 1.60996e+00 3.33333e-02 0.00000e+00 
2.35224e+04 8.42387e-01 2.48252e+00 2.13908e+00 1.55164e+00 3.33333e-02 0.00000e+00 
2.35305e+04 1.20382e+00 1.87998e+00 1.74660e+00 2.85138e+00 0.00000e+00 0.00000e+00 
2.35386e+04 1.99031e+00 8.53196e-01 2.73246e+00 1.06402e+00 0.00000e+00 0.00000e+00 
2.35467e+04 1.24242e+00 2.13236e+00 3.81122e+00 1.48532e+00 0.00000e+00 0.00000e+00 
2.35548e+04 9.24831e-01 1.31675e+00 5.29769e+00 1.81187e+00 0.00000e+00 0.00000e+00 
2.35629e+04 9.08131e-01 2.74561e+00 3.48921e+00 3.50103e-01 0.00000e+00 0.00000e+00 
2.35710e+04 1.83973e+00 2.25420e+00 3.97270e+00 1.06464e+00 0.00000e+00 0.00000e+00 
2.35791e+04 1.71460e+00 8.32279e-01 8.42735e-01 4.00425e+00 0.00000e+00 0.00000e+00 
2.35872e+04 3.81820e+00 4.02409e+00 2.09538e+00 2.37416e+00 3.33333e-02 0.00000e+00 
2.35953e+04 2.10005e+00 4.35922e+00 1.79046e+00 2.32911e+00 3.33333e-02 0.00000e+00 
2.36034e+04 1.86320e+00 3.37260e+00 2.33665e+00 1.33280e+00 0.00000e+00 0.00000e+00 
2.36115e+04 2.32643e+00 3.29654e+00 4.39980e-01 1.99903e+00 0.00000e+00 0.00000e+00 
2.36196e+04 1.32458e+00 1.73768e+00 1.83521e+00 1.82864e+00 0.00000e+00 0.00000e+00 
2.36277e+04 2.06855e+00 1.64307e+00 9.76293e-01 2.54477e+00 0.00000e+00 0.00000e+00 
2.36358e+04 2.53231e+00 2.73243e-01 2.16964e+00 4.33174e+00 0.00000e+00 0.00000e+00 
2.36439e+04 8.08757e-01 3.76541e-01 2.06505e+00 2.43518e+00 0.00000e+00 0.00000e+00 
2.36520e+04 2.32887e+00 1.99129e+00 1.43805e+00 1.07754e+00 0.00000e+00 0.00000e+00 
2.36601e+04 2.16198e+00 1.26042e+00 2.42651e+00 8.53598e-01 0.00000e+00 0.00000e+00 
2.36682e+04 2.53813e+00 2.21422e+00 6.80635e-01 3.81543e+00 0.00000e+00 0.00000e+00 
2.36763e+04 2.89040e+00 2.11318e+00 1.13559e+00 1.69006e+00 0.00000e+00 0.00000e+00 
2.36844e+04 3.54014e+00 1.30085e+00 1.91671e+00 2.13013e+00 0.00000e+00 0.00000e+00 
2.36925e+04 3.36246e+00 1.58129e+00 1.19974e+00 2.45054e+00 0.00000e+00 0.00000e+00 
2.37006e+04 3.71862e+00 1.28183e+00 3.03752e+00 2.12555e+00 0.00000e+00 0.00000e+00 
2.37087e+04 2.12919e+00 1.74926e+00 1.47866e+00 9.51496e-01 0.00000e+00 0.00000e+00 
2.37168e+04 8.08842e-01 2.60243e+00 2.53945e+00 2.10055e+00 0.00000e+00 0.00000e+00 
2.37249e+04 1.17695e+00 1.23191e+00 2.93968e+00 2.26472e+00 0.00000e+00 0.00000e+00 
2.37330e+04 2.57495e-01 1.88887e+00 2.27687e+00 9.31925e-01 0.00000e+00 0.00000e+00 
2.37411e+04 1.62313e+00 2.57709e+00 1.51115e+00 1.30102e+00 0.00000e+00 0.00000e+00 
2.37492e+04 1.41689e+00 1.66275e+00 2.20502e+00 1.89548e+00 0.00000e+00 0.00000e+00 
2.37573e+04 1.00590e+00 2.04603e+00 2.43671e+00 1.39894e+00 0.00000e+00 3.33333e-02 
2.37654e+04 1.97501e+00 2.99670e+00 1.42864e+00 3.64566e+00 0.00000e+00 0.00000e+00 
2.37735e+04 2.57897e+00 2.40178e+00 1.51292e+00 3.27130e+00 0.00000e+00 3.33333e-02 
2.37816e+04 2.22421e+00 1.95496e+00 8.66589e-01 1.30758e+00 3.33333e-02 3.33333e-02 
2.37897e+04 1.93216e+00 2.28309e+00 1.78474e+00 1.55351e+00 3.33333e-02 0.00000e+00 
2.37978e+04 2.94795e-01 2.84611e+00 2.04019e+00 9.06292e-01 0.00000e+00 0.00000e+00 
2.38059e+04 2.76802e+00 1.01308e+00 1.88323e+00 2.65140e+00 0.00000e+00 0.00000e+00 
2.38140e+04 1.78523e+00 2.35156e+00 7.75012e-01 3.01897e+00 0.00000e+00 0.00000e+00 
2.38221e+04 1.76931e+00 1.17375e+00 1.01031e+00 2.61256e+00 0.00000e+00 0.00000e+00 
2.38302e+04 2.96571e+00 1.90718e+00 8.02995e-01 1.09211e+00 0.00000e+00 0.00000e+00 
2.38383e+04 1.65329e+00 1.66495e+00 1.95062e+00 2.09313e+00 0.00000e+00 0.00000e+00 
2.38464e+04 1.67806e+00 1.32390e+00 6.30753e-01 2.41372e+00 0.00000e+00 0.00000e+00 
2.38545e+04 1.64506e+00 1.92813e+00 7.71787e-01 1.88516e+00 0.00000e+00 0.00000e+00 
2.38626e+04 2.01907e+00 1.58284e+00 6.57110e-01 9.15248e-01 0.00000e+00 0.00000e+00 
2.38707e+04 2.62630e+00 2.20276e+00 1.98281e+00 1.26827e+00 0.00000e+00 0.00000e+00 
2.38788e+04 1.09696e+00 2.04056e+00 8.26811e-01 2.36140e+00 0.00000e+00 0.00000e+00 
2.38869e+04 3.26849e+00 1.90155e+00 1.27257e+00 3.59930e+00 0.00000e+00 0.00000e+00 
2.38950e+04 1.97470e+00 1.83197e+00 2.09731e+00 1.63044e+00 0.00000e+00 0.00000e+00 
2.39031e+04 1.39301e+00 9.20034e-01 1.82572e+00 1.44481e+00 0.00000e+00 0.00000e+00 
2.39112e+04 3.52837e+00 9.80459e-01 4.88676e+00 1.76807e+00 0.00000e+00 0.00000e+00 
2.39193e+04 4.22763e+00 3.83363e+00 1.93894e+00 2.44964e+00 0.00000e+00 3.33333e-02 
2.39274e+04 3.34607e+00 2.19080e+00 1.41956e+00 3.56639e+00 0.00000e+00 3.33333e-02 
2.39355e+04 2.28587e+00 9.98911e-01 1.52295e+00 2.09040e+00 0.00000e+00 3.33333e-02 
2.39436e+04 2.22807e+00 2.78186e+00 1.09564e+00 1.49003e-01 0.00000e+00 3.33333e-02 
2.39517e+04 7.64266e-01 1.64909e+00 1.71746e+00 1.61625e+00 0.00000e+00 3.33333e-02 
2.39598e+04 4.15558e+00 3.39832e+00 1.31533e+00 2.02688e+00 0.00000e+00 3.33333e-02 
2.39679e+04 5.13579e+00 3.18199e+00 1.70198e+00 2.82350e+00 0.00000e+00 0.00000e+00 
2.39760e+04 9.13735e-01 2.66436e+00 1.62412e+00 1.13968e+00 0.00000e+00 0.00000e+00 
2.39841e+04 2.27883e+00 2.89709e+00 1.18305e+00 1.00022e+00 0.00000e+00 0.00000e+00 
2.39922e+04 1.37782e+00 1.04685e+00 1.41989e+00 1.53658e+00 0.00000e+00 0.00000e+00 
2.40003e+04 3.39287e+00 1.11672e+00 4.17331e+00 1.85804e+00 6.66667e-02 0.00000e+00 
2.40084e+04 1.97996e+00 1.08739e+00 1.38033e+00 1.33429e+00 3.33333e-02 0.00000e+00 
2.40165e+04 2.79162e+00 3.91839e+00 2.34928e+00 3.13694e+00 3.33333e-02 0.00000e+00 
2.40246e+04 2.39485e+00 1.17476e+00 2.75763e+00 1.03585e+00 3.33333e-02 0.00000e+00 
2.40327e+04 2.23555e+00 1.88578e+00 6.37295e-01 1.20979e+00 3.33333e-02 0.00000e+00 
2.40408e+04 1.27296e+00 1.69343e+00 1.05468e+00 1.98746e+00 0.00000e+00 0.00000e+00 
2.40489e+04 1.28379e+00 2.24665e+00 1.91960e+00 2.26491e+00 0.00000e+00 0.00000e+00 
2.40570e+04 8.14391e-01 5.96638e-01 5.83591e-01 2.29067e+00 0.00000e+00 0.00000e+00 
2.40651e+04 1.94137e+00 2.76837e+00 2.13905e+00 2.87500e+00 0.00000e+00 0.00000e+00 
2.40732e+04 2.17642e+00 1.79824e+00 1.40731e+00 2.70437e+00 0.00000e+00 0.00000e+00 
2.40813e+04 1.16801e+00 1.09726e+00 2.27376e+00 3.70066e+00 0.00000e+00 0.00000e+00 
2.40894e+04 1.67686e+00 1.99057e+00 3.96470e+00 5.28876e+00 0.00000e+00 0.00000e+00 
2.40975e+04 3.42427e+00 1.80349e+00 2.38826e+00 4.81727e+00 0.00000e+00 0.00000e+00 
2.41056e+04 1.32941e+00 3.17388e+00 2.32786e+00 3.62917e+00 0.00000e+00 0.00000e+00 
2.41137e+04 2.00701e+00 7.02305e-01 3.28890e+00 5.38189e+00 0.00000e+00 3.33333e-02 
2.41218e+04 2.92802e+00 2.55711e+00 9.20096e-01 3.57712e+00 0.00000e+00 0.00000e+00 
2.41299e+04 2.06278e+00 8.25077e-01 2.07756e+00 3.88174e+00 0.00000e+00 0.00000e+00 
2.41380e+04 1.59482e+00 1.57395e+00 2.21799e+00 4.79023e+00 0.00000e+00 3.33333e-02 
2.41461e+04 1.63254e+00 2.10045e+00 1.51679e+00 3.82541e+00 0.00000e+00 0.00000e+00 
2.41542e+04 6.17751e-01 1.52285e+00 1.09276e+00 2.28039e+00 0.00000e+00 0.00000e+00 
2.41623e+04 2.66732e+00 3.20764e+00 2.16585e+00 3.59303e+00 0.00000e+00 0.00000e+00 
2.41704e+04 1.44195e+00 2.43518e+00 2.84502e+00 9.87218e-01 0.00000e+00 0.00000e+00 
2.41785e+04 9.22748e-01 3.80138e+00 1.04418e+00 2.43361e+00 0.00000e+00 0.00000e+00 
2.41866e+04 1.79126e+00 2.50051e+00 2.49354e+00 1.56389e+00 0.00000e+00 0.00000e+00 
2.41947e+04 3.34646e+00 3.43034e+00 1.75786e+00 1.76099e+00 0.00000e+00 0.00000e+00 
2.42028e+04 4.57204e+00 3.09107e+00 7.79135e-01 1.41934e+00 0.00000e+00 0.00000e+00 
2.42109e+04 1.47620e+00 1.85326e+00 7.76722e-01 1.98514e+00 0.00000e+00 0.00000e+00 
2.42190e+04 2.36606e+00 3.17361e+00 8.52122e-01 2.23096e+00 0.00000e+00 0.00000e+00 
2.42271e+04 1.08508e+00 1.01727e+00 1.28987e+00 1.50402e+00 0.00000e+00 0.00000e+00 
2.42352e+04 2.04311e+00 2.44694e+00 1.54793e+00 2.18487e+00 0.00000e+00 0.00000e+00 
2.42433e+04 4.11597e-01 2.31460e+00 1.77303e+00 8.41239e-01 0.00000e+00 0.00000e+00 
2.42514e+04 1.18380e+00 1.89712e+00 2.54773e+00 2.79664e+00 0.00000e+00 0.00000e+00 
2.42595e+04 5.93080e-01 2.45305e+00 1.16650e+00 1.88901e+00 0.00000e+00 0.00000e+00 
2.42676e+04 2.36507e+00 1.69439e+00 1.88963e+00 1.37397e+00 0.00000e+00 0.00000e+00 
2.42757e+04 1.10992e+00 3.21663e+00 1.92554e+00 3.04405e+00 0.00000e+00 0.00000e+00 
2.42838e+04 1.43010e+00 1.20754e+00 1.42888e+00 3.73998e+00 0.00000e+00 0.00000e+00 
2.42919e+04 2.50657e+00 1.74832e+00 1.92877e+00 6.09611e+00 0.00000e+00 0.00000e+00 
2.43000e+04 9.80235e-01 5.63944e+00 3.67347e+00 7.89492e-01 0.00000e+00 0.00000e+00 
2.43081e+04 6.67213e-01 1.61327e+00 1.89837e+00 4.51087e-01 0.00000e+00 0.00000e+00 
2.43162e+04 7.76006e-01 1.67394e+00 1.25986e+00 1.98908e+00 0.00000e+00 0.00000e+00 
2.43243e+04 2.78039e+00 1.83288e+00 2.37170e+00 1.13230e+00 0.00000e+00 0.00000e+00 
2.43324e+04 2.95851e+00 1.50229e+00 1.25228e+00 2.68419e+00 0.00000e+00 0.00000e+00 
2.43405e+04 3.39679e+00 1.48995e+00 1.78030e+00 1.31428e+00 0.00000e+00 0.00000e+00 
2.43486e+04 2.17545e+00 1.46397e+00 1.77291e+00 2.10032e+00 0.00000e+00 0.00000e+00 
2.43567e+04 1.23899e+00 1.41240e+00 1.20581e+00 1.49699e+00 0.00000e+00 0.00000e+00 
2.43648e+04 5.92415e-01 1.96576e+00 2.25493e+00 5.72704e-01 0.00000e+00 0.00000e+00 
2.43729e+04 2.96800e+00 2.36967e+00 2.44648e+00 1.06238e+00 0.00000e+00 0.00000e+00 
2.43810e+04 2.10707e+00 1.98441e+00 8.40773e-01 1.57121e+00 0.00000e+00 3.33333e-02 
2.43891e+04 1.25572e+00 1.12532e+00 2.41068e+00 1.96273e+00 0.00000e+00 3.33333e-02 
2.43972e+04 1.13199e+00 3.08514e+00 2.65940e+00 8.34915e-01 0.00000e+00 3.33333e-02 
2.44053e+04 2.19080e+00 4.67007e+00 7.51356e-01 6.35112e-01 0.00000e+00 3.33333e-02 
2.44134e+04 8.32285e-01 4.20643e+00 6.37353e-01 7.22382e-01 0.00000e+00 3.33333e-02 
2.44215e+04 1.94345e-01 2.08770e+00 1.12184e+00 7.17322e-01 0.00000e+00 0.00000e+00 
2.44296e+04 3.79625e-01 9.97037e-01 2.69465e+00 1.84904e+00 0.00000e+00 0.00000e+00 
2.44377e+04 7.34681e-01 8.85188e-01 2.32221e+00 3.35401e+00 0.00000e+00 0.00000e+00 
2.44458e+04 1.99945e+00 1.54016e+00 2.11450e+00 1.45464e+00 0.00000e+00 0.00000e+00 
2.44539e+04 2.43683e+00 2.05338e+00 1.62115e+00 1.71932e+00 0.00000e+00 0.00000e+00 
2.44620e+04 1.29160e+00 1.80632e+00 1.67629e+00 1.15912e+00 0.00000e+00 0.00000e+00 
2.44701e+04 3.49525e+00 2.88391e+00 1.71249e+00 7.02033e-01 0.00000e+00 0.00000e+00 
2.44782e+04 9.53791e-01 1.55590e+00 3.70854e+00 1.52360e+00 0.00000e+00 0.00000e+00 
2.44863e+04 1.43048e+00 1.48866e+00 1.15501e+00 2.00308e+00 0.00000e+00 3.33333e-02 
2.44944e+04 2.20640e+00 1.16565e+00 1.55663e+00 1.00287e+00 0.00000e+00 0.00000e+00 
2.45025e+04 1.43560e+00 2.85383e+00 1.16456e+00 2.28690e+00 0.00000e+00 0.00000e+00 
2.45106e+04 1.20409e+00 3.62063e+00 1.62241e+00 2.00351e+00 0.00000e+00 0.00000e+00 
2.45187e+04 1.43152e+00 1.37660e+00 1.57720e+00 2.15975e+00 0.00000e+00 0.00000e+00 
2.45268e+04 1.97843e+00 7.50926e-01 6.40106e-01 2.03477e+00 0.00000e+00 0.00000e+00 
2.45349e+04 2.70724e+00 9.46523e-01 2.18929e+00 2.57874e+00 3.33333e-02 0.00000e+00 
2.45430e+04 1.26735e+00 1.04461e+00 1.66960e+00 2.76895e+00 3.33333e-02 0.00000e+00 
2.45511e+04 1.92850e+00 1.22467e+00 2.20251e+00 1.63552e+00 3.33333e-02 0.00000e+00 
2.45592e+04 2.13839e+00 1.67412e+00 1.01220e+00 1.43044e+00 0.00000e+00 0.00000e+00 
2.45673e+04 1.78013e+00 1.57942e+00 1.45899e+00 1.58010e+00 0.00000e+00 0.00000e+00 
2.45754e+04 2.58199e+00 2.60669e+00 5.44490e-01 1.72000e+00 0.00000e+00 0.00000e+00 
2.45835e+04 1.27563e+00 1.80926e+00 9.45220e-01 2.45316e+00 0.00000e+00 0.00000e+00 
2.45916e+04 2.88584e+00 2.21709e+00 2.07941e+00 2.05057e+00 0.00000e+00 0.00000e+00 
2.45997e+04 4.12381e+00 1.62427e+00 1.29262e+00 1.26644e+00 0.00000e+00 0.00000e+00 
2.46078e+04 4.35085e+00 1.83679e-01 1.79452e+00 3.98926e+00 0.00000e+00 0.00000e+00 
2.46159e+04 1.75167e+00 1.08158e+00 2.57227e+00 1.35294e+00 0.00000e+00 0.00000e+00 
2.46240e+04 3.82791e+00 1.84627e+00 2.43708e+00 1.60918e+00 0.00000e+00 0.00000e+00 
2.46321e+04 6.32584e+00 1.59084e+00 1.81476e+00 1.47436e+00 0.00000e+00 0.00000e+00 
2.46402e+04 1.98994e+00 1.73635e+00 1.49509e+00 1.10596e+00 0.00000e+00 0.00000e+00 
2.46483e+04 3.06153e+00 2.04401e+00 1.55948e+00 1.06465e+00 0.00000e+00 0.00000e+00 
2.46564e+04 2.73680e+00 2.04201e+00 1.88732e+00 5.36082e+00 3.33333e-02 0.00000e+00 
2.46645e+04 8.07833e-01 7.11275e-01 2.18520e+00 3.69434e+00 3.33333e-02 0.00000e+00 
2.46726e+04 4.38063e+00 2.44117e+00 2.02887e+00 1.48942e+00 3.33333e-02 3.33333e-02 
2.46807e+04 1.63263e+00 1.57919e+00 9.91882e-01 6.35986e-01 3.33333e-02 0.00000e+00 
2.46888e+04 2.68716e+00 2.78766e+00 8.79039e-01 2.40537e+00 3.33333e-02 0.00000e+00 
2.46969e+04 2.14739e+00 1.02955e+00 1.92549e+00 1.15758e+00 3.33333e-02 0.00000e+00 
2.47050e+04 2.99639e+00 1.39169e+00 2.04872e+00 2.06155e+00 0.00000e+00 0.00000e+00 
2.47131e+04 2.29831e+00 1.55531e+00 2.89771e+00 1.58103e+00 0.00000e+00 0.00000e+00 
2.47212e+04 3.39638e+00 2.44583e+00 1.24561e+00 1.96095e+00 0.00000e+00 0.00000e+00 
2.47293e+04 3.56925e+00 3.00629e+00 1.63525e+00 1.89646e+00 0.00000e+00 0.00000e+00 
2.47374e+04 2.02634e+00 1.33018e+00 1.34952e+00 3.24520e+00 0.00000e+00 0.00000e+00 
2.47455e+04 7.72968e-01 6.98574e-01 1.13845e+00 1.66801e+00 0.00000e+00 0.00000e+00 
2.47536e+04 2.03068e+00 2.07573e-01 2.00625e+00 2.60067e+00 0.00000e+00 0.00000e+00 
2.47617e+04 9.66540e-01 2.99995e+00 2.57586e+00 2.08279e+00 0.00000e+00 0.00000e+00 
2.47698e+04 1.22155e+00 2.16620e+00 6.48090e-01 1.50139e+00 0.00000e+00 0.00000e+00 
2.47779e+04 1.41983e+00 1.69495e+00 1.51908e+00 6.94782e-01 0.00000e+00 3.33333e-02 
2.47860e+04 1.44086e+00 2.12168e+00 5.56468e-01 1.63406e+00 0.00000e+00 6.66667e-02 
2.47941e+04 9.58247e-01 2.71358e+00 9.05399e-01 5.07797e-01 0.00000e+00 6.66667e-02 
2.48022e+04 1.73274e+00 2.39322e+00 2.15906e+00 1.79400e+00 3.33333e-02 3.33333e-02 
2.48103e+04 1.42814e+00 3.18773e+00 1.08086e+00 8.32505e-01 3.33333e-02 6.66667e-02 
2.48184e+04 2.04799e+00 1.74519e+00 1.02741e+00 2.42849e+00 3.33333e-02 0.00000e+00 
2.48265e+04 4.37130e-01 2.88056e+00 3.24582e-01 2.07488e+00 0.00000e+00 0.00000e+00 
2.48346e+04 2.12210e+00 1.41129e+00 2.63849e+00 2.07941e+00 0.00000e+00 0.00000e+00 
2.48427e+04 1.29017e+00 1.44576e+00 1.72850e+00 8.95313e-01 0.00000e+00 0.00000e+00 
2.48508e+04 1.90442e+00 1.95125e+00 2.01633e+00 3.69445e+00 0.00000e+00 0.00000e+00 
2.48589e+04 1.13060e+00 1.33504e+00 1.30862e+00 1.79601e+00 0.00000e+00 0.00000e+00 
2.48670e+04 2.14339e-01 5.49328e-01 1.21452e+00 2.73603e+00 0.00000e+00 0.00000e+00 
2.48751e+04 1.43485e+00 1.56975e+00 2.35973e+00 2.55137e+00 0.00000e+00 0.00000e+00 
2.48832e+04 2.12316e+00 1.80909e+00 5.58808e-01 1.86287e+00 0.00000e+00 0.00000e+00 
2.48913e+04 2.91963e-01 1.69333e+00 6.65550e-01 1.48055e+00 0.00000e+00 0.00000e+00 
2.48994e+04 2.72514e+00 1.66559e+00 1.62888e+00 1.50673e+00 0.00000e+00 0.00000e+00 
2.49075e+04 1.37530e+00 7.39432e-01 2.31501e+00 2.56496e+00 0.00000e+00 0.00000e+00 
2.49156e+04 3.49910e+00 2.80523e+00 4.36959e-01 1.52148e+00 0.00000e+00 0.00000e+00 
2.49237e+04 2.25131e+00 2.55248e+00 9.71652e-01 2.14848e+00 3.33333e-02 0.00000e+00 
2.49318e+04 1.47810e+00 1.28226e+00 9.65098e-01 2.29044e+00 0.00000e+00 0.00000e+00 
2.49399e+04 2.24527e+00 1.12555e+00 1.70183e+00 3.79388e+00 0.00000e+00 0.00000e+00 
2.49480e+04 7.59686e-01 1.06755e+00 3.03570e+00 1.37792e+00 0.00000e+00 0.00000e+00 
2.49561e+04 3.16221e+00 1.54620e+00 8.97750e-01 2.25305e+00 0.00000e+00 0.00000e+00 
2.49642e+04 2.35483e+00 1.39903e+00 2.02056e+00 6.23207e-01 0.00000e+00 0.00000e+00 
2.49723e+04 1.44160e+00 2.26693e+00 3.51482e+00 1.50501e+00 0.00000e+00 0.00000e+00 
2.49804e+04 2.08697e+00 2.59118e+00 1.31372e+00 1.74720e+00 0.00000e+00 0.00000e+00 
2.49885e+04 1.04972e+00 6.57428e-01 3.85992e+00 3.33943e+00 0.00000e+00 0.00000e+00 
2.49966e+04 1.25305e+00 2.20899e+00 2.16244e+00 1.57287e+00 0.00000e+00 0.00000e+00 
2.50047e+04 7.15666e-01 3.75728e+00 2.07376e+00 1.06101e+00 0.00000e+00 0.00000e+00 
2.50128e+04 1.33830e+00 4.56321e+00 1.12854e+00 3.19671e+00 0.00000e+00 3.33333e-02 
2.50209e+04 2.12107e+00 2.03557e+00 3.05364e+00 2.74807e+00 0.00000e+00 0.00000e+00 
2.50290e+04 1.41435e+00 4.35352e+00 9.21462e-01 2.28046e+00 0.00000e+00 0.00000e+00 
2.50371e+04 8.65222e-01 4.42876e+00 1.48398e+00 1.42800e+00 0.00000e+00 0.00000e+00 
2.50452e+04 1.30265e+00 2.43260e+00 3.05650e+00 2.07633e+00 0.00000e+00 0.00000e+00 
2.50533e+04 9.66847e-01 3.81285e+00 5.49842e+00 3.19248e+00 3.33333e-02 0.00000e+00 
2.50614e+04 3.08738e+00 4.31965e+00 5.91890e+00 1.93181e+00 3.33333e-02 0.00000e+00 
2.50695e+04 2.00633e+00 3.16344e+00 2.12686e+00 2.00358e+00 3.33333e-02 0.00000e+00 
2.50776e+04 1.07732e+00 8.97337e-01 2.58322e+00 2.35870e+00 3.33333e-02 0.00000e+00 
2.50857e+04 2.19109e+00 2.13234e+00 1.29542e+00 2.29425e+00 3.33333e-02 0.00000e+00 
2.50938e+04 1.88303e+00 2.46290e+00 3.61408e-01 3.14307e+00 3.33333e-02 0.00000e+00 
2.51019e+04 2.88006e+00 1.97287e+00 7.84396e-01 1.24625e+00 3.33333e-02 3.33333e-02 
2.51100e+04 2.31851e+00 1.62512e+00 1.31064e+00 1.43411e+00 0.00000e+00 3.33333e-02 
2.51181e+04 3.84089e+00 1.93012e+00 3.02161e+00 2.42685e+00 0.00000e+00 3.33333e-02 
2.51262e+04 2.91555e+00 1.85202e+00 1.58156e+00 8.72728e-01 0.00000e+00 3.33333e-02 
2.51343e+04 2.25257e+00 2.82073e+00 1.65203e+00 8.35231e-01 0.00000e+00 3.33333e-02 
2.51424e+04 2.39016e+00 1.07864e+00 4.64058e-01 3.11363e+00 0.00000e+00 3.33333e-02 
2.51505e+04 1.36035e+00 1.25714e+00 1.81514e+00 2.60722e+00 0.00000e+00 3.33333e-02 
2.51586e+04 9.65124e-01 1.07150e+00 1.64758e+00 2.08613e+00 0.00000e+00 3.33333e-02 
2.51667e+04 2.78141e+00 9.23245e-01 1.76127e+00 3.69752e+00 0.00000e+00 3.33333e-02 
2.51748e+04 1.26266e+00 1.54761e+00 6.67949e-01 2.76412e+00 0.00000e+00 3.33333e-02 
2.51829e+04 2.35185e+00 6.06974e-01 1.55490e+00 4.31030e+00 0.00000e+00 3.33333e-02 
2.51910e+04 1.34971e+00 4.61736e+00 2.13022e+00 1.16083e+00 0.00000e+00 3.33333e-02 
2.51991e+04 1.18247e+00 4.24588e+00 4.06897e+00 1.92710e+00 0.00000e+00 3.33333e-02 
2.52072e+04 3.21265e-01 1.11617e+00 5.15413e+00 1.93013e+00 0.00000e+00 3.33333e-02 
2.52153e+04 1.93543e+00 9.27456e-01 3.69619e-01 1.41456e+00 0.00000e+00 0.00000e+00 
2.52234e+04 1.19762e+00 2.53627e+00 2.46386e+00 3.58583e+00 0.00000e+00 0.00000e+00 
2.52315e+04 1.82948e+00 3.53482e+00 1.32568e+00 3.31159e+00 0.00000e+00 0.00000e+00 
2.52396e+04 4.34251e+00 1.06459e+00 2.32788e+00 7.44461e-01 0.00000e+00 0.00000e+00 
2.52477e+04 5.79801e-01 1.53787e+00 2.24437e+00 1.85510e+00 0.00000e+00 0.00000e+00 
2.52558e+04 1.88630e+00 1.05012e+00 1.36275e+00 2.14133e+00 0.00000e+00 0.00000e+00 
2.52639e+04 2.73098e+00 2.97967e+00 1.61067e+00 1.17612e+00 0.00000e+00 0.00000e+00 
2.52720e+04 1.73315e+00 1.24821e+00 2.59745e+00 3.38383e+00 0.00000e+00 0.00000e+00 
2.52801e+04 2.55442e+00 1.85357e+00 1.65490e+00 3.06308e+00 0.00000e+00 0.00000e+00 
2.52882e+04 2.72667e+00 1.59754e+00 1.31218e+00 1.60235e+00 0.00000e+00 0.00000e+00 
2.52963e+04 1.49292e+00 1.88763e+00 3.14184e+00 1.06704e+00 0.00000e+00 0.00000e+00 
2.53044e+04 2.85603e+00 1.62159e+00 5.25422e-01 9.13035e-01 0.00000e+00 0.00000e+00 
2.53125e+04 3.91889e+00 2.32624e+00 1.86109e+00 2.22597e+00 0.00000e+00 0.00000e+00 
2.53206e+04 1.71741e+00 2.04209e+00 5.90236e-01 1.91224e+00 0.00000e+00 0.00000e+00 
2.53287e+04 3.30723e+00 4.21069e+00 8.12184e-01 1.22777e+00 0.00000e+00 0.00000e+00 
2.53368e+04 2.54832e+00 2.65991e+00 1.33731e+00 7.06104e-01 0.00000e+00 0.00000e+00 
2.53449e+04 1.65107e+00 2.16502e+00 1.70590e+00 1.04075e+00 3.33333e-02 0.00000e+00 
2.53530e+04 3.92012e+00 2.30771e+00 2.26581e+00 1.82243e+00 0.00000e+00 0.00000e+00 
2.53611e+04 3.22224e+00 1.41984e+00 1.16941e+00 2.20462e+00 0.00000e+00 0.00000e+00 
2.53692e+04 1.67861e+00 2.64889e+00 8.00450e-01 7.52779e-01 0.00000e+00 0.00000e+00 
2.53773e+04 1.05124e+00 1.38234e+00 8.37119e-01 6.57195e-01 0.00000e+00 0.00000e+00 
2.53854e+04 1.41724e+00 2.56992e+00 2.53538e+00 2.07196e+00 0.00000e+00 0.00000e+00 
2.53935e+04 1.09210e+00 1.86516e+00 7.67051e-01 1.80864e+00 0.00000e+00 0.00000e+00 
2.54016e+04 2.29938e+00 2.60932e+00 2.15129e+00 2.61449e+00 0.00000e+00 0.00000e+00 
2.54097e+04 1.25223e+00 2.46405e+00 2.02711e+00 3.45315e+00 0.00000e+00 0.00000e+00 
2.54178e+04 1.14536e+00 1.92084e+00 1.35728e+00 1.33352e+00 0.00000e+00 0.00000e+00 
2.54259e+04 2.15022e+00 1.47223e+00 9.29107e-01 2.27414e+00 0.00000e+00 0.00000e+00 
2.54340e+04 1.76798e+00 1.96140e+00 1.91291e+00 8.33570e-01 0.00000e+00 0.00000e+00 
2.54421e+04 1.95201e+00 6.62040e-01 1.91446e+00 2.53018e+00 0.00000e+00 0.00000e+00 
2.54502e+04 1.55616e+00 1.96398e+00 1.58421e+00 1.62715e+00 0.00000e+00 0.00000e+00 
2.54583e+04 2.10538e+00 1.30454e+00 4.34489e+00 2.17792e+00 3.33333e-02 0.00000e+00 
2.54664e+04 1.35958e+00 1.86015e+00 3.49507e+00 2.37902e+00 3.33333e-02 0.00000e+00 
2.54745e+04 1.52343e+00 1.09993e+00 1.01397e+00 1.16075e+00 3.33333e-02 0.00000e+00 
2.54826e+04 9.89514e-01 9.70637e-01 1.78331e+00 1.40896e+00 0.00000e+00 0.00000e+00 
2.54907e+04 5.77587e-01 1.21382e+00 1.38634e+00 1.39791e+00 0.00000e+00 0.00000e+00 
2.54988e+04 5.80292e-01 8.63640e-01 6.18066e-01 2.32060e+00 3.33333e-02 0.00000e+00 
2.55069e+04 3.16380e+00 2.63418e+00 1.37671e+00 1.58035e+00 3.33333e-02 0.00000e+00 
2.55150e+04 2.11438e+00 1.58013e+00 9.81613e-01 7.33525e-01 6.66667e-02 0.00000e+00 
2.55231e+04 1.60078e+00 2.25706e+00 1.64059e+00 1.23362e+00 3.33333e-02 0.00000e+00 
2.55312e+04 1.29343e+00 7.23501e-01 1.75825e+00 1.60145e+00 6.66667e-02 0.00000e+00 
2.55393e+04 1.12626e+00 1.92618e+00 3.46692e+00 1.21163e+00 0.00000e+00 0.00000e+00 
2.55474e+04 1.31981e+00 2.19481e+00 2.75228e+00 1.30322e+00 0.00000e+00 0.00000e+00 
2.55555e+04 1.78288e+00 1.45364e+00 6.49019e-01 8.43259e-01 0.00000e+00 0.00000e+00 
2.55636e+04 3.15138e+00 2.17267e+00 2.58448e+00 2.36429e+00 0.00000e+00 0.00000e+00 
2.55717e+04 1.75826e+00 1.47759e+00 1.61861e+00 4.94719e+00 0.00000e+00 0.00000e+00 
2.55798e+04 1.97874e+00 8.49287e-01 8.91215e-01 2.89960e+00 0.00000e+00 3.33333e-02 
2.55879e+04 1.95857e+00 2.62017e+00 1.29367e+00 4.56396e+00 0.00000e+00 3.33333e-02 
2.55960e+04 1.94681e+00 9.48686e-01 1.50773e+00 5.51225e+00 0.00000e+00 3.33333e-02 
2.56041e+04 7.05132e-01 1.41620e+00 1.53656e+00 6.29229e+00 0.00000e+00 3.33333e-02 
2.56122e+04 2.67423e+00 1.25840e+00 9.04803e-01 6.72957e+00 0.00000e+00 3.33333e-02 
2.56203e+04 1.73095e+00 2.93947e+00 1.84347e+00 6.23884e+00 0.00000e+00 3.33333e-02 
2.56284e+04 1.83712e+00 1.84652e+00 1.65670e+00 6.74514e+00 0.00000e+00 3.33333e-02 
2.56365e+04 1.99854e+00 1.42562e+00 2.18771e+00 4.30767e+00 0.00000e+00 3.33333e-02 
2.56446e+04 1.74533e+00 2.21175e+00 2.13454e+00 3.75939e+00 0.00000e+00 3.33333e-02 
2.56527e+04 1.88746e+00 9.54192e-01 1.93820e+00 5.14528e+00 0.00000e+00 3.33333e-02 
2.56608e+04 4.47538e-01 1.86547e+00 1.83399e+00 1.01412e+00 0.00000e+00 6.66667e-02 
2.56689e+04 1.77256e+00 1.62258e+00 8.45936e-01 2.57021e+00 0.00000e+00 6.66667e-02 
2.56770e+04 1.51642e+00 9.92002e-01 7.81834e-01 3.25011e+00 0.00000e+00 0.00000e+00 
2.56851e+04 2.59323e+00 7.87070e-01 1.73437e+00 1.92417e+00 0.00000e+00 0.00000e+00 
2.56932e+04 8.18304e-01 2.97275e+00 1.98272e+00 1.19574e+00 0.00000e+00 0.00000e+00 
2.57013e+04 3.06149e+00 1.58685e+00 2.07813e+00 1.23762e+00 0.00000e+00 0.00000e+00 
2.57094e+04 2.23210e+00 1.22693e+00 2.29925e+00 2.38151e+00 0.00000e+00 0.00000e+00 
2.57175e+04 3.09134e+00 1.50154e+00 1.25025e+00 3.92161e+00 0.00000e+00 0.00000e+00 
2.57256e+04 2.09122e+00 1.65154e+00 1.52978e+00 2.60033e+00 0.00000e+00 0.00000e+00 
2.57337e+04 1.28936e+00 6.52835e-01 1.51208e+00 9.60978e-01 0.00000e+00 0.00000e+00 
2.57418e+04 2.09785e+00 9.21873e-01 1.55656e+00 5.09099e-01 0.00000e+00 0.00000e+00 
2.57499e+04 1.72670e+00 2.42129e+00 2.05183e+00 1.56498e+00 0.00000e+00 0.00000e+00 
2.57580e+04 2.14667e+00 9.31886e-01 2.15693e+00 2.21723e+00 0.00000e+00 0.00000e+00 
2.57661e+04 1.77605e+00 1.38625e+00 1.57779e+00 3.44463e+00 0.00000e+00 0.00000e+00 
2.57742e+04 9.86687e-01 1.15344e+00 9.23738e-01 2.09108e+00 0.00000e+00 0.00000e+00 
2.57823e+04 2.30014e+00 1.60610e+00 1.65478e+00 8.33379e-01 0.00000e+00 0.00000e+00 
2.57904e+04 9.90131e-01 2.05365e+00 1.50697e+00 1.93163e+00 0.00000e+00 0.00000e+00 
2.57985e+04 2.34886e+00 1.58120e+00 1.98094e+00 3.27668e+00 0.00000e+00 0.00000e+00 
2.58066e+04 1.73499e+00 1.18262e+00 2.60582e+00 8.58933e-01 0.00000e+00 0.00000e+00 
2.58147e+04 2.39683e+00 2.21592e+00 1.78685e+00 8.36422e-01 0.00000e+00 0.00000e+00 
2.58228e+04 1.78977e+00 1.79443e+00 1.20051e+00 2.28605e+00 0.00000e+00 0.00000e+00 
2.58309e+04 2.83873e+00 1.45899e+00 2.79248e+00 8.16692e-01 3.33333e-02 0.00000e+00 
2.58390e+04 4.82827e-01 2.24921e+00 1.96711e+00 2.35457e+00 3.33333e-02 0.00000e+00 
2.58471e+04 2.29040e+00 7.18058e-01 1.31979e+00 2.85081e+00 3.33333e-02 0.00000e+00 
2.58552e+04 1.05188e+00 1.77756e+00 2.21483e+00 1.96903e+00 0.00000e+00 0.00000e+00 
2.58633e+04 1.86829e+00 9.06099e-01 9.33889e-01 1.41132e+00 0.00000e+00 0.00000e+00 
2.58714e+04 2.88183e+00 1.14136e+00 2.24710e+00 1.10542e+00 0.00000e+00 0.00000e+00 
2.58795e+04 1.60194e+00 8.37854e-01 1.28338e+00 1.98832e+00 0.00000e+00 0.00000e+00 
2.58876e+04 2.09303e+00 1.16917e+00 1.50199e+00 1.71262e+00 0.00000e+00 0.00000e+00 
2.58957e+04 1.69736e+00 2.52401e+00 3.03618e+00 1.24620e+00 0.00000e+00 0.00000e+00 
2.59038e+04 2.36558e+00 1.32849e+00 1.50041e+00 6.48058e-01 0.00000e+00 0.00000e+00 
2.59119e+04 1.79367e+00 2.41036e+00 2.57928e+00 2.51363e+00 0.00000e+00 0.00000e+00 
2.59200e+04 2.02695e+00 9.12484e-01 2.83562e+00 3.78429e+00 3.33333e-02 0.00000e+00 
2.59281e+04 1.41365e+00 9.13188e-01 2.20437e+00 1.32898e+00 3.33333e-02 0.00000e+00 
2.59362e+04 1.45039e+00 9.04777e-01 2.05519e+00 1.86076e+00 0.00000e+00 0.00000e+00 
2.59443e+04 1.36015e+00 1.42161e-01 2.98696e+00 5.22477e-01 0.00000e+00 0.00000e+00 
2.59524e+04 1.15771e+00 6.92634e-01 3.25354e+00 1.53524e+00 0.00000e+00 0.00000e+00 
2.59605e+04 1.62313e+00 1.75021e+00 2.55446e+00 1.61502e+00 0.00000e+00 3.33333e-02 
2.59686e+04 2.75035e+00 1.94677e+00 2.97237e+00 1.12146e+00 0.00000e+00 3.33333e-02 
2.59767e+04 2.30187e+00 1.04148e+00 1.58373e+00 1.81106e+00 0.00000e+00 6.66667e-02 
2.59848e+04 1.02456e+00 2.33022e+00 1.39097e+00 1.62701e+00 0.00000e+00 6.66667e-02 
2.59929e+04 1.39559e+00 3.32965e+00 3.25948e+00 2.41355e+00 0.00000e+00 3.33333e-02 
2.60010e+04 1.29579e+00 2.04841e+00 5.26806e-01 8.02546e-01 0.00000e+00 3.33333e-02 
2.60091e+04 1.93140e+00 1.88232e+00 5.53964e-01 1.08612e+00 0.00000e+00 0.00000e+00 
2.60172e+04 8.52899e-01 1.98106e+00 3.50087e+00 1.19634e+00 0.00000e+00 0.00000e+00 
2.60253e+04 2.54795e+00 2.47141e+00 3.92674e+00 1.92750e+00 0.00000e+00 0.00000e+00 
2.60334e+04 3.04572e+00 1.61562e+00 3.90510e+00 5.38457e-01 0.00000e+00 0.00000e+00 
2.60415e+04 2.25887e+00 4.67375e+00 1.32139e+00 1.21969e+00 0.00000e+00 0.00000e+00 
2.60496e+04 2.79067e+00 2.74375e+00 2.05510e+00 6.83621e-01 0.00000e+00 0.00000e+00 
2.60577e+04 2.20735e+00 2.31054e+00 1.97790e+00 1.07063e+00 0.00000e+00 0.00000e+00 
2.60658e+04 3.23517e+00 1.88444e+00 1.79280e+00 1.57921e+00 0.00000e+00 0.00000e+00 
2.60739e+04 3.94989e+00 2.21092e+00 7.57088e-01 9.63819e-01 0.00000e+00 0.00000e+00 
2.60820e+04 1.46994e+00 1.33970e+00 1.15949e+00 1.02861e+00 3.33333e-02 0.00000e+00 
2.60901e+04 1.00521e+00 2.79386e+00 1.03165e+00 2.48147e+00 3.33333e-02 0.00000e+00 
2.60982e+04 1.02569e+00 2.16745e+00 3.36608e+00 2.17372e+00 0.00000e+00 0.00000e+00 
2.61063e+04 5.80404e+00 2.54192e+00 2.33827e+00 6.06420e-01 0.00000e+00 0.00000e+00 
2.61144e+04 3.26888e+00 1.92112e+00 6.67888e-01 2.65398e+00 0.00000e+00 0.00000e+00 
2.61225e+04 3.10248e+00 1.51280e+00 1.66174e+00 2.64226e+00 0.00000e+00 0.00000e+00 
2.61306e+04 1.47809e+00 1.54029e+00 8.46675e-01 4.89020e-01 0.00000e+00 0.00000e+00 
2.61387e+04 4.98197e-01 1.87497e+00 5.06806e+00 1.70671e+00 0.00000e+00 0.00000e+00 
2.61468e+04 1.99605e+00 1.36073e+00 1.33948e+00 2.25044e+00 0.00000e+00 0.00000e+00 
2.61549e+04 1.26756e+00 2.25746e+00 2.20705e+00 2.57155e+00 0.00000e+00 0.00000e+00 
2.61630e+04 1.47845e+00 2.15963e+00 1.33916e+00 1.45731e+00 0.00000e+00 0.00000e+00 
2.61711e+04 1.81053e+00 2.24513e+00 1.26884e+00 1.53366e+00 0.00000e+00 0.00000e+00 
2.61792e+04 1.69396e+00 1.81528e+00 2.66254e+00 1.23283e+00 0.00000e+00 0.00000e+00 
2.61873e+04 1.03952e+00 2.93042e+00 1.32434e+00 6.47167e-01 0.00000e+00 0.00000e+00 
2.61954e+04 7.82259e-01 1.91478e+00 1.82642e+00 1.36888e+00 0.00000e+00 3.33333e-02 
2.62035e+04 2.45762e+00 8.77174e-01 1.61608e+00 2.16815e+00 0.00000e+00 3.33333e-02 
2.62116e+04 1.30170e+00 2.75857e+00 2.17242e+00 2.24454e+00 0.00000e+00 0.00000e+00 
2.62197e+04 5.32575e-01 1.82603e+00 9.61504e-01 6.08875e-01 0.00000e+00 0.00000e+00 
2.62278e+04 1.12473e+00 9.51973e-01 3.20330e+00 2.38716e+00 0.00000e+00 0.00000e+00 
2.62359e+04 1.00487e+00 1.23074e+00 2.02545e+00 1.71145e+00 0.00000e+00 0.00000e+00 
2.62440e+04 2.81669e+00 1.33911e+00 6.00369e-01 2.46976e+00 0.00000e+00 0.00000e+00 
2.62521e+04 3.52769e+00 1.51943e+00 1.57327e+00 1.73308e+00 0.00000e+00 0.00000e+00 
2.62602e+04 3.21438e+00 3.36003e+00 8.74394e-01 2.13525e+00 0.00000e+00 0.00000e+00 
2.62683e+04 4.79841e+00 1.19171e+00 2.83329e+00 1.56786e+00 0.00000e+00 0.00000e+00 
2.62764e+04 3.54548e+00 2.31620e+00 1.54152e+00 2.09611e+00 0.00000e+00 0.00000e+00 
2.62845e+04 2.35068e+00 2.18260e+00 4.31317e+00 1.34346e+00 0.00000e+00 0.00000e+00 
2.62926e+04 3.08791e+00 2.03887e+00 2.39312e+00 2.25170e+00 0.00000e+00 0.00000e+00 
2.63007e+04 2.49342e+00 1.41228e+00 3.64971e+00 8.41750e-01 0.00000e+00 0.00000e+00 
2.63088e+04 1.26302e+00 2.22292e+00 1.54638e+00 6.71007e-01 3.33333e-02 3.33333e-02 
2.63169e+04 2.79352e+00 1.91315e+00 1.24159e+00 1.52596e+00 0.00000e+00 0.00000e+00 
2.63250e+04 2.08706e+00 1.43104e+00 2.41148e+00 2.20664e+00 0.00000e+00 0.00000e+00 
2.63331e+04 1.50478e+00 2.66293e+00 3.39050e-01 1.85595e+00 0.00000e+00 0.00000e+00 
2.63412e+04 1.20077e+00 1.44994e+00 9.95398e-01 1.48195e+00 0.00000e+00 0.00000e+00 
2.63493e+04 2.33655e-01 3.21033e+00 3.32257e-01 1.25940e+00 3.33333e-02 0.00000e+00 
2.63574e+04 2.97691e+00 3.28901e+00 3.52501e+00 1.98967e+00 3.33333e-02 0.00000e+00 
2.63655e+04 6.54001e+00 8.94155e-01 1.78635e+00 1.24290e+00 6.66667e-02 0.00000e+00 
2.63736e+04 4.68953e+00 2.46043e+00 2.79759e+00 1.92579e+00 6.66667e-02 0.00000e+00 
2.63817e+04 1.85403e+00 1.71755e+00 2.23818e+00 2.00043e+00 0.00000e+00 0.00000e+00 
2.63898e+04 1.14291e+00 1.15732e+00 4.77989e+00 2.40205e+00 0.00000e+00 0.00000e+00 
2.63979e+04 2.19074e+00 3.37146e+00 1.60552e+00 9.46810e-01 0.00000e+00 0.00000e+00 
2.64060e+04 2.01011e+00 3.21362e+00 7.35978e-01 2.07402e+00 0.00000e+00 0.00000e+00 
2.64141e+04 4.06729e+00 8.49448e-01 9.21529e-01 2.81463e+00 0.00000e+00 0.00000e+00 
2.64222e+04 6.85709e+00 1.23720e+00 2.61758e+00 3.78947e+00 0.00000e+00 0.00000e+00 
2.64303e+04 4.24512e+00 1.67616e+00 3.36019e+00 2.49399e+00 0.00000e+00 0.00000e+00 
2.64384e+04 2.34573e+00 1.30438e+00 2.32138e+00 1.15406e+00 0.00000e+00 0.00000e+00 
2.64465e+04 1.16670e+00 1.67175e+00 1.43552e+00 8.91516e-01 0.00000e+00 0.00000e+00 
2.64546e+04 3.06415e+00 1.71570e+00 6.46977e-01 6.17350e-01 0.00000e+00 0.00000e+00 
2.64627e+04 2.62584e+00 1.69633e+00 9.04540e-01 1.36022e+00 0.00000e+00 0.00000e+00 
2.64708e+04 2.06687e+00 9.71814e-01 7.98564e-01 1.93596e+00 0.00000e+00 0.00000e+00 
2.64789e+04 1.75931e+00 1.32214e+00 2.20600e+00 1.46116e+00 0.00000e+00 0.00000e+00 
2.64870e+04 3.36577e+00 2.24723e+00 2.82357e+00 1.09146e+00 0.00000e+00 0.00000e+00 
2.64951e+04 3.99149e+00 2.77723e+00 1.44531e+00 1.46625e+00 0.00000e+00 0.00000e+00 
2.65032e+04 4.71736e+00 7.92983e-01 1.05851e+00 2.68649e+00 0.00000e+00 0.00000e+00 
2.65113e+04 6.24627e+00 6.99570e-01 1.45930e+00 3.26423e+00 0.00000e+00 0.00000e+00 
2.65194e+04 6.90628e+00 8.96122e-01 2.54978e+00 2.95078e+00 0.00000e+00 0.00000e+00 
2.65275e+04 5.58419e+00 1.48620e+00 2.46462e+00 1.69699e+00 0.00000e+00 0.00000e+00 
2.65356e+04 2.95955e+00 5.49965e-01 3.07650e+00 1.76173e+00 0.00000e+00 3.33333e-02 
2.65437e+04 1.95701e+00 2.29966e+00 4.73691e-01 1.09097e+00 0.00000e+00 3.33333e-02 
2.65518e+04 1.92936e+00 1.78450e+00 1.17116e+00 1.81870e+00 0.00000e+00 3.33333e-02 
2.65599e+04 1.17159e+00 1.39064e+00 3.64788e+00 1.25258e+00 0.00000e+00 3.33333e-02 
2.65680e+04 1.41438e+00 1.65650e+00 2.96001e+00 2.38454e+00 0.00000e+00 0.00000e+00 
2.65761e+04 4.15055e+00 1.65449e+00 1.55409e+00 1.69751e+00 0.00000e+00 0.00000e+00 
2.65842e+04 2.80347e+00 1.91150e+00 2.34955e+00 6.99646e-01 0.00000e+00 3.33333e-02 
2.65923e+04 2.28425e+00 1.71032e+00 4.11437e-01 1.11074e+00 0.00000e+00 3.33333e-02 
2.66004e+04 2.25323e+00 3.93904e+00 3.98020e-01 5.27439e+00 0.00000e+00 3.33333e-02 
2.66085e+04 2.15832e+00 8.69988e-01 4.29267e-01 7.05154e-01 0.00000e+00 3.33333e-02 
2.66166e+04 2.82295e+00 1.65739e+00 4.03075e-01 2.54569e+00 0.00000e+00 3.33333e-02 
2.66247e+04 2.06072e+00 6.30922e-01 1.48183e+00 1.39019e+00 0.00000e+00 3.33333e-02 
2.66328e+04 1.27594e+00 2.21889e+00 1.15577e+00 9.66603e-01 0.00000e+00 0.00000e+00 
2.66409e+04 2.91939e+00 9.43449e-01 1.08983e+00 2.35563e+00 0.00000e+00 0.00000e+00 
2.66490e+04 1.60563e+00 3.34835e+00 5.76737e-01 1.47804e+00 0.00000e+00 0.00000e+00 
2.66571e+04 1.61033e+00 7.98773e-01 1.03213e+00 3.56006e-01 3.33333e-02 0.00000e+00 
2.66652e+04 9.51965e-01 6.96708e-01 1.37026e+00 3.04672e+00 0.00000e+00 0.00000e+00 
2.66733e+04 1.70959e+00 1.77324e+00 3.18148e+00 1.01360e+00 0.00000e+00 0.00000e+00 
2.66814e+04 1.11301e+00 1.36083e+00 1.89113e+00 1.68738e+00 0.00000e+00 3.33333e-02 
2.66895e+04 1.93875e+00 2.14030e+00 1.22010e+00 2.18950e+00 3.33333e-02 6.66667e-02 
2.66976e+04 1.09994e+00 2.57671e+00 4.00970e-01 1.94310e+00 3.33333e-02 3.33333e-02 
2.67057e+04 2.15865e+00 3.66485e+00 1.22729e+00 1.28701e+00 0.00000e+00 3.33333e-02 
2.67138e+04 1.37180e+00 2.11124e+00 1.57729e+00 1.11463e+00 0.00000e+00 0.00000e+00 
2.67219e+04 2.00087e+00 1.17085e+00 1.35715e+00 1.58663e+00 0.00000e+00 0.00000e+00 
2.67300e+04 2.48021e+00 1.94944e+00 1.53157e+00 1.22602e+00 0.00000e+00 0.00000e+00 
2.67381e+04 1.86177e+00 3.90562e+00 2.65292e+00 2.35718e+00 0.00000e+00 0.00000e+00 
2.67462e+04 2.19245e+00 2.48513e+00 2.40040e+00 2.56405e+00 0.00000e+00 0.00000e+00 
2.67543e+04 1.79912e+00 3.06063e+00 1.83481e+00 8.49289e-01 0.00000e+00 0.00000e+00 
2.67624e+04 2.61740e+00 6.02213e-01 2.20610e+00 2.02602e+00 0.00000e+00 0.00000e+00 
2.67705e+04 4.04570e-01 7.52729e-01 1.84440e+00 1.84671e+00 3.33333e-02 0.00000e+00 
2.67786e+04 6.03500e-01 1.14135e+00 8.54968e-01 2.38142e+00 3.33333e-02 0.00000e+00 
2.67867e+04 1.85966e+00 9.26743e-01 2.31145e+00 1.50123e+00 3.33333e-02 0.00000e+00 
2.67948e+04 3.40405e+00 2.63454e+00 2.38397e+00 2.31410e+00 0.00000e+00 0.00000e+00 
2.68029e+04 1.30701e+00 2.46738e+00 1.30525e+00 2.17863e+00 0.00000e+00 0.00000e+00 
2.68110e+04 1.32891e+00 8.31493e-01 3.55519e+00 3.34228e+00 0.00000e+00 0.00000e+00 
2.68191e+04 1.03425e+00 7.38628e-01 4.23618e+00 1.30856e+00 0.00000e+00 0.00000e+00 
2.68272e+04 9.78147e-01 1.47221e+00 1.97105e+00 2.97318e+00 0.00000e+00 0.00000e+00 
2.68353e+04 3.11804e+00 2.31472e+00 1.99744e+00 2.70072e+00 0.00000e+00 0.00000e+00 
2.68434e+04 9.33114e-01 1.18097e+00 4.27585e+00 2.39292e+00 3.33333e-02 0.00000e+00 
2.68515e+04 2.06283e+00 1.53353e+00 2.90736e+00 1.64872e+00 3.33333e-02 0.00000e+00 
2.68596e+04 4.19429e+00 1.51258e+00 1.92483e+00 1.79906e+00 3.33333e-02 0.00000e+00 
2.68677e+04 1.46888e+00 8.80402e-01 9.55672e-01 1.58749e+00 3.33333e-02 0.00000e+00 
2.68758e+04 9.68707e-01 8.39989e-01 1.71119e+00 1.12964e+00 0.00000e+00 0.00000e+00 
2.68839e+04 6.66938e-01 1.25334e+00 1.38173e+00 2.38568e+00 0.00000e+00 0.00000e+00 
2.68920e+04 1.40858e+00 1.43062e+00 2.03664e+00 4.48472e+00 0.00000e+00 0.00000e+00 
2.69001e+04 8.41100e-01 1.33708e+00 1.33800e+00 4.96566e+00 0.00000e+00 0.00000e+00 
2.69082e+04 2.12875e+00 9.80456e-01 8.36467e-01 2.51887e+00 0.00000e+00 3.33333e-02 
2.69163e+04 6.77525e-01 1.69369e+00 2.96098e+00 4.14230e+00 0.00000e+00 3.33333e-02 
2.69244e+04 1.12284e+00 4.08966e-01 7.23092e-01 2.32359e+00 0.00000e+00 6.66667e-02 
2.69325e+04 3.79098e+00 1.71652e+00 1.14590e+00 2.50059e+00 3.33333e-02 6.66667e-02 
2.69406e+04 3.23904e+00 3.51680e+00 2.10454e+00 8.12043e-01 3.33333e-02 3.33333e-02 
2.69487e+04 3.03339e+00 9.08823e-01 9.03202e-01 2.99247e-01 6.66667e-02 0.00000e+00 
2.69568e+04 2.31863e+00 1.61982e+00 1.95245e+00 1.38343e+00 0.00000e+00 0.00000e+00 
2.69649e+04 3.51455e+00 2.15753e+00 1.41247e+00 1.23208e+00 0.00000e+00 0.00000e+00 
2.69730e+04 1.76166e+00 2.20497e+00 1.45891e+00 2.37139e+00 0.00000e+00 0.00000e+00 
2.69811e+04 2.92001e+00 2.74041e+00 1.08187e+00 1.72608e+00 0.00000e+00 0.00000e+00 
2.69892e+04 2.59228e+00 1.28771e+00 8.81363e-01 1.20194e+00 0.00000e+00 0.00000e+00 
2.69973e+04 2.49015e+00 6.60243e-01 7.95086e-01 2.19371e+00 0.00000e+00 0.00000e+00 
2.70054e+04 1.09552e+00 4.06497e-01 6.06843e-01 1.17554e+00 0.00000e+00 0.00000e+00 
2.70135e+04 2.43680e+00 3.90184e+00 1.01261e+00 1.93852e+00 0.00000e+00 0.00000e+00 
2.70216e+04 1.24310e+00 2.18907e+00 9.56942e-01 1.25923e+00 0.00000e+00 0.00000e+00 
2.70297e+04 1.20196e+00 1.62495e+00 1.52393e+00 1.26482e+00 0.00000e+00 0.00000e+00 
2.70378e+04 2.11385e+00 1.35862e+00 1.51264e+00 2.13035e+00 0.00000e+00 0.00000e+00 
2.70459e+04 2.07195e+00 2.23941e+00 2.52989e+00 1.72075e+00 0.00000e+00 0.00000e+00 
2.70540e+04 3.01671e+00 1.39581e+00 8.77903e-01 2.84061e+00 0.00000e+00 0.00000e+00 
2.70621e+04 4.09723e+00 1.07735e+00 2.54070e+00 9.40889e-01 0.00000e+00 0.00000e+00 
2.70702e+04 1.94804e+00 1.12362e+00 8.08164e-01 3.17319e+00 3.33333e-02 0.00000e+00 
2.70783e+04 1.86039e+00 1.73766e+00 1.85849e+00 3.67579e+00 1.00000e-01 0.00000e+00 
2.70864e+04 1.11718e+00 2.39374e+00 8.35839e-01 2.01845e+00 1.00000e-01 0.00000e+00 
2.70945e+04 1.25453e+00 2.67499e+00 3.17065e+00 1.48592e+00 1.00000e-01 0.00000e+00 
2.71026e+04 6.29721e-01 3.19289e+00 1.24425e+00 1.88577e+00 1.00000e-01 0.00000e+00 
2.71107e+04 2.20475e+00 1.93300e+00 9.62591e-01 2.99528e+00 1.00000e-01 0.00000e+00 
2.71188e+04 1.46898e+00 3.38398e+00 2.85391e+00 2.39045e+00 3.33333e-02 0.00000e+00 
2.71269e+04 8.37436e-01 5.63956e+00 2.97090e+00 1.48729e+00 3.33333e-02 0.00000e+00 
2.71350e+04 6.99327e-01 5.25856e+00 1.35159e+00 1.87233e+00 3.33333e-02 0.00000e+00 
2.71431e+04 3.55173e+00 3.98238e+00 1.72434e+00 1.59664e+00 0.00000e+00 0.00000e+00 
2.71512e+04 1.85402e+00 1.63041e+00 2.75528e+00 3.92606e+00 0.00000e+00 3.33333e-02 
2.71593e+04 4.16271e+00 3.84010e+00 1.94486e+00 1.07312e+00 0.00000e+00 3.33333e-02 
2.71674e+04 3.08575e+00 3.25450e+00 2.04038e+00 9.89428e-01 0.00000e+00 3.33333e-02 
2.71755e+04 5.53274e-01 4.78550e+00 2.42011e+00 3.36531e+00 0.00000e+00 0.00000e+00 
2.71836e+04 2.54012e+00 4.90175e+00 3.55036e+00 2.63586e+00 0.00000e+00 0.00000e+00 
2.71917e+04 9.58619e-01 1.84711e+00 6.27239e-01 1.21041e+00 0.00000e+00 0.00000e+00 
2.71998e+04 3.50784e+00 5.18616e+00 1.34558e+00 2.84143e+00 0.00000e+00 0.00000e+00 
2.72079e+04 1.71217e+00 4.60518e+00 8.22197e-01 1.84411e+00 0.00000e+00 0.00000e+00 
2.72160e+04 2.97574e+00 6.26868e+00 1.53583e+00 2.70631e+00 0.00000e+00 0.00000e+00 
2.72241e+04 2.63263e+00 3.62821e+00 1.88698e+00 1.33788e+00 0.00000e+00 0.00000e+00 
2.72322e+04 1.38131e+00 5.72779e+00 2.98950e+00 1.68296e+00 0.00000e+00 0.00000e+00 
2.72403e+04 1.31588e+00 4.66741e+00 4.10697e+00 9.39693e-01 0.00000e+00 0.00000e+00 
2.72484e+04 2.96355e+00 4.55504e+00 1.46479e+00 1.78379e+00 0.00000e+00 0.00000e+00 
2.72565e+04 2.35608e+00 5.23163e+00 2.50057e+00 9.63402e-01 0.00000e+00 0.00000e+00 
2.72646e+04 2.33144e+00 3.84688e+00 3.20839e+00 1.42269e+00 0.00000e+00 0.00000e+00 
2.72727e+04 2.40159e+00 5.44118e+00 4.07502e+00 1.42543e+00 0.00000e+00 0.00000e+00 
2.72808e+04 4.36628e-01 5.24133e+00 2.48493e+00 1.90726e+00 0.00000e+00 0.00000e+00 
2.72889e+04 9.48391e-01 4.45585e+00 2.72539e+00 2.57060e+00 0.00000e+00 0.00000e+00 
2.72970e+04 2.72969e+00 3.89677e+00 4.70616e+00 1.96748e+00 0.00000e+00 0.00000e+00 
2.73051e+04 6.33484e-01 5.11303e+00 3.33947e+00 2.55012e+00 0.00000e+00 0.00000e+00 
2.73132e+04 2.34721e+00 5.44953e+00 3.16188e+00 2.90213e+00 0.00000e+00 0.00000e+00 
2.73213e+04 1.02798e+00 6.13031e+00 2.59853e+00 1.49549e+00 0.00000e+00 0.00000e+00 
2.73294e+04 2.10308e+00 7.58252e+00 2.38554e+00 1.13113e+00 0.00000e+00 0.00000e+00 
2.73375e+04 9.47346e-01 6.45492e+00 2.15979e+00 1.10712e+00 0.00000e+00 0.00000e+00 
2.73456e+04 5.82578e-01 5.95708e+00 6.11049e+00 1.08402e+00 3.33333e-02 0.00000e+00 
2.73537e+04 1.89816e+00 7.16547e+00 4.76715e+00 1.37409e+00 3.33333e-02 0.00000e+00 
2.73618e+04 3.12653e+00 7.54333e+00 1.09326e+00 6.63588e-01 3.33333e-02 3.33333e-02 
2.73699e+04 3.40911e+00 5.15286e+00 1.68842e+00 1.83016e+00 0.00000e+00 0.00000e+00 
2.73780e+04 7.11406e-01 3.19043e+00 2.07664e+00 1.08778e+00 0.00000e+00 0.00000e+00 
2.73861e+04 2.45894e+00 5.37463e+00 1.72382e+00 2.06159e+00 0.00000e+00 0.00000e+00 
2.73942e+04 1.88289e+00 6.41383e+00 4.39469e-01 1.63900e+00 0.00000e+00 0.00000e+00 
2.74023e+04 2.35645e+00 7.41549e+00 1.32330e+00 3.13195e+00 0.00000e+00 0.00000e+00 
2.74104e+04 2.33609e+00 5.33055e+00 1.69648e+00 1.89668e+00 0.00000e+00 0.00000e+00 
2.74185e+04 1.29563e+00 3.33841e+00 8.29057e-01 8.94927e-01 0.00000e+00 0.00000e+00 
2.74266e+04 2.58884e+00 3.19469e+00 5.83741e+00 1.26101e+00 0.00000e+00 0.00000e+00 
2.74347e+04 4.13092e+00 2.95221e+00 4.30632e+00 2.14840e+00 0.00000e+00 0.00000e+00 
2.74428e+04 4.06384e+00 4.06491e+00 1.09864e+00 3.34213e+00 0.00000e+00 0.00000e+00 
2.74509e+04 2.75171e+00 4.73879e+00 1.11601e+00 1.12663e+00 0.00000e+00 0.00000e+00 
2.74590e+04 1.57911e+00 4.88408e+00 8.71243e-01 1.29547e+00 0.00000e+00 0.00000e+00 
2.74671e+04 1.87077e+00 4.53725e+00 2.04548e+00 1.78356e+00 0.00000e+00 0.00000e+00 
2.74752e+04 1.11842e+00 3.85521e+00 1.29073e+00 2.14792e+00 0.00000e+00 0.00000e+00 
2.74833e+04 1.99808e+00 3.03880e+00 2.66099e+00 1.82086e+00 0.00000e+00 0.00000e+00 
2.74914e+04 1.37282e+00 2.06945e+00 1.67181e+00 1.83302e+00 0.00000e+00 0.00000e+00 
2.74995e+04 1.42716e+00 3.31098e+00 2.42306e+00 1.78582e+00 0.00000e+00 0.00000e+00 
2.75076e+04 2.29377e+00 2.91664e+00 1.77317e+00 1.27782e+00 0.00000e+00 0.00000e+00 
2.75157e+04 2.67539e+00 3.23716e+00 2.04305e+00 2.51019e+00 0.00000e+00 0.00000e+00 
2.75238e+04 3.03440e+00 2.31938e+00 7.54434e-01 1.18678e+00 0.00000e+00 0.00000e+00 
2.75319e+04 1.66168e+00 2.23514e+00 7.83737e-01 6.43580e-01 3.33333e-02 0.00000e+00 
2.75400e+04 2.83635e+00 5.09090e-01 2.72335e+00 1.86097e+00 3.33333e-02 0.00000e+00 
2.75481e+04 3.06508e+00 2.92631e+00 3.49211e+00 2.97445e+00 6.66667e-02 0.00000e+00 
2.75562e+04 1.46111e+00 2.54042e+00 3.22810e+00 1.90229e+00 6.66667e-02 0.00000e+00 
2.75643e+04 1.95126e+00 3.21194e+00 2.57113e+00 1.27262e+00 6.66667e-02 0.00000e+00 
2.75724e+04 1.02057e+00 1.74889e+00 3.87897e+00 1.03094e+00 6.66667e-02 0.00000e+00 
2.75805e+04 1.52942e+00 3.23420e-01 2.75987e+00 1.34985e+00 3.33333e-02 0.00000e+00 
2.75886e+04 5.39167e-01 3.00912e+00 2.65376e+00 1.53137e+00 3.33333e-02 0.00000e+00 
2.75967e+04 9.79025e-01 3.79901e+00 2.54278e+00 1.90502e+00 0.00000e+00 0.00000e+00 
2.76048e+04 1.90129e+00 4.89450e+00 2.00571e+00 1.82870e+00 0.00000e+00 0.00000e+00 
2.76129e+04 1.61318e+00 6.02593e+00 2.19777e+00 1.27299e+00 0.00000e+00 0.00000e+00 
2.76210e+04 1.81472e+00 4.02766e+00 1.84583e+00 4.93566e-01 0.00000e+00 0.00000e+00 
2.76291e+04 3.98682e-01 4.75846e+00 1.66739e+00 2.84148e+00 0.00000e+00 0.00000e+00 
2.76372e+04 1.84846e+00 4.69534e+00 1.33665e+00 2.07527e+00 3.33333e-02 0.00000e+00 
2.76453e+04 1.05183e+00 3.35885e+00 1.09382e+00 2.34616e+00 3.33333e-02 0.00000e+00 
2.76534e+04 3.22421e+00 4.27870e+00 2.09735e+00 4.44939e+00 0.00000e+00 0.00000e+00 
2.76615e+04 1.34643e+00 5.54687e+00 1.74228e+00 1.41920e+00 0.00000e+00 3.33333e-02 
2.76696e+04 1.33382e+00 5.51351e+00 1.28575e+00 1.55813e+00 0.00000e+00 0.00000e+00 
2.76777e+04 1.23652e+00 3.98364e+00 1.43493e+00 9.82399e-01 0.00000e+00 0.00000e+00 
2.76858e+04 2.33240e+00 4.72732e+00 2.22889e+00 1.97866e+00 0.00000e+00 0.00000e+00 
2.76939e+04 1.96277e+00 6.42021e+00 1.44463e+00 2.50227e+00 6.66667e-02 0.00000e+00 
2.77020e+04 1.41001e+00 9.02467e+00 1.16544e+00 2.06337e+00 6.66667e-02 0.00000e+00 
2.77101e+04 1.77908e+00 1.01659e+01 1.40594e+00 1.02714e+00 3.33333e-02 0.00000e+00 
2.77182e+04 6.18677e+00 7.96273e+00 1.76031e+00 1.31922e+00 3.33333e-02 0.00000e+00 
2.77263e+04 2.79518e+00 4.96818e+00 1.63280e+00 2.41851e+00 3.33333e-02 0.00000e+00 
2.77344e+04 2.12731e+00 3.19928e+00 3.08049e+00 5.01708e-01 0.00000e+00 0.00000e+00 
2.77425e+04 1.62267e+00 2.40172e+00 1.75851e+00 1.96078e+00 0.00000e+00 0.00000e+00 
2.77506e+04 2.38571e+00 1.19002e+00 3.29973e+00 1.99454e+00 0.00000e+00 0.00000e+00 
2.77587e+04 3.03830e+00 2.14743e+00 1.87575e+00 2.40515e+00 0.00000e+00 0.00000e+00 
2.77668e+04 2.18398e+00 1.24867e+00 1.20362e+00 2.30694e+00 0.00000e+00 0.00000e+00 
2.77749e+04 8.26729e-01 3.98139e+00 3.42278e+00 3.53201e+00 0.00000e+00 0.00000e+00 
2.77830e+04 9.50866e-01 4.24262e+00 1.87005e+00 2.72165e+00 0.00000e+00 0.00000e+00 
2.77911e+04 1.45522e+00 1.32936e+00 1.01317e+00 2.59787e+00 0.00000e+00 0.00000e+00 
2.77992e+04 1.01175e+00 9.91489e-01 1.72449e+00 4.01807e+00 0.00000e+00 0.00000e+00 
2.78073e+04 2.31030e+00 3.11962e+00 1.90801e+00 1.97326e+00 0.00000e+00 0.00000e+00 
2.78154e+04 1.90222e+00 3.36170e+00 4.31801e+00 2.45001e+00 0.00000e+00 0.00000e+00 
2.78235e+04 7.56816e-01 1.42109e+00 1.93692e+00 2.12274e+00 0.00000e+00 0.00000e+00 
2.78316e+04 1.36251e+00 3.88243e+00 1.58412e+00 2.43186e+00 0.00000e+00 0.00000e+00 
2.78397e+04 2.33707e+00 6.38961e+00 1.11728e+00 2.17304e+00 0.00000e+00 0.00000e+00 
2.78478e+04 1.61872e+00 3.45733e+00 7.37111e-01 1.81113e+00 0.00000e+00 0.00000e+00 
2.78559e+04 2.28054e+00 4.51641e+00 1.73053e+00 1.18678e+00 0.00000e+00 0.00000e+00 
2.78640e+04 1.98075e+00 2.26739e+00 1.06536e+00 3.33736e+00 0.00000e+00 0.00000e+00 
2.78721e+04 1.88372e+00 2.16040e+00 2.13463e-01 3.23373e+00 0.00000e+00 3.33333e-02 
2.78802e+04 3.15749e+00 2.32190e+00 2.71125e+00 3.97582e+00 0.00000e+00 3.33333e-02 
2.78883e+04 1.08947e+00 3.55264e+00 2.60931e+00 2.83681e+00 0.00000e+00 3.33333e-02 
2.78964e+04 1.61603e+00 6.40500e+00 2.57447e+00 5.69511e+00 3.33333e-02 3.33333e-02 
2.79045e+04 1.26740e+00 2.34881e+00 2.49558e+00 3.71777e+00 0.00000e+00 0.00000e+00 
2.79126e+04 1.60774e+00 1.59974e+00 1.73105e+00 2.63087e+00 0.00000e+00 0.00000e+00 
2.79207e+04 1.44835e+00 2.10825e+00 1.11542e+00 3.00283e+00 0.00000e+00 0.00000e+00 
2.79288e+04 1.71228e+00 2.90909e+00 5.02052e-01 1.66775e+00 0.00000e+00 0.00000e+00 
2.79369e+04 1.04732e+00 1.88302e+00 2.93837e+00 2.20423e+00 0.00000e+00 0.00000e+00 
2.79450e+04 1.82871e+00 1.27868e+00 2.84850e+00 2.07147e+00 0.00000e+00 0.00000e+00 
2.79531e+04 1.63632e+00 1.18085e+00 2.75065e+00 1.31275e+00 0.00000e+00 3.33333e-02 
2.79612e+04 1.05300e+00 1.83130e+00 1.05667e+00 5.34363e-01 0.00000e+00 3.33333e-02 
2.79693e+04 1.84043e+00 3.69655e+00 3.10647e+00 2.60377e+00 0.00000e+00 3.33333e-02 
2.79774e+04 2.98185e+00 2.29091e+00 4.70476e+00 2.40855e+00 0.00000e+00 3.33333e-02 
2.79855e+04 1.42439e+00 1.69548e+00 2.83370e+00 8.00805e-01 0.00000e+00 0.00000e+00 
2.79936e+04 1.75772e+00 2.41095e+00 2.79558e+00 8.55373e-01 0.00000e+00 0.00000e+00 
2.80017e+04 1.14802e+00 4.56577e-01 2.86611e+00 2.52231e+00 0.00000e+00 3.33333e-02 
2.80098e+04 1.30092e+00 4.93022e-01 1.70479e+00 4.89551e+00 0.00000e+00 3.33333e-02 
2.80179e+04 3.16834e+00 3.73842e-01 1.67731e+00 2.62485e+00 3.33333e-02 0.00000e+00 
2.80260e+04 3.35266e+00 3.73842e-01 3.13654e+00 1.87238e+00 3.33333e-02 0.00000e+00 
2.80341e+04 2.11079e+00 4.09089e-01 2.26655e+00 2.22380e+00 3.33333e-02 0.00000e+00 
2.80422e+04 2.21413e+00 4.09089e-01 1.52166e+00 3.19845e+00 3.33333e-02 0.00000e+00 
2.80503e+04 1.21221e+00 1.42088e+00 2.27213e+00 5.15528e+00 3.33333e-02 0.00000e+00 
2.80584e+04 1.90174e-01 1.97197e+00 1.64112e+00 2.03507e+00 0.00000e+00 0.00000e+00 
2.80665e+04 1.63494e+00 1.97408e+00 1.11376e+00 4.09404e+00 0.00000e+00 0.00000e+00 
2.80746e+04 1.54813e+00 6.34544e-01 1.19412e+00 1.98043e+00 0.00000e+00 3.33333e-02 
2.80827e+04 2.31029e+00 1.77913e+00 4.31481e-01 1.63440e+00 0.00000e+00 3.33333e-02 
2.80908e+04 1.89524e+00 9.03087e-01 8.31096e-01 1.15420e+00 0.00000e+00 3.33333e-02 
2.80989e+04 1.63400e+00 2.50233e+00 2.52742e+00 9.40466e-01 3.33333e-02 3.33333e-02 
2.81070e+04 1.77177e+00 1.68680e+00 1.05796e+00 2.55565e+00 0.00000e+00 3.33333e-02 
2.81151e+04 1.28228e+00 1.69612e+00 1.18608e+00 1.95896e+00 0.00000e+00 3.33333e-02 
2.81232e+04 6.52433e-01 1.05183e+00 2.15650e+00 1.25057e+00 0.00000e+00 0.00000e+00 
2.81313e+04 1.55789e+00 1.13482e+00 2.43176e+00 2.24632e+00 3.33333e-02 0.00000e+00 
2.81394e+04 2.59864e+00 1.29788e+00 1.67670e+00 1.14360e+00 3.33333e-02 0.00000e+00 
2.81475e+04 1.70202e+00 1.06980e+00 1.80669e+00 1.35157e+00 3.33333e-02 3.33333e-02 
2.81556e+04 1.19145e+00 1.61662e+00 5.62873e-01 1.75502e+00 3.33333e-02 0.00000e+00 
2.81637e+04 2.60740e+00 1.56785e+00 3.06240e+00 2.01269e+00 3.33333e-02 0.00000e+00 
2.81718e+04 1.36737e+00 8.75598e-01 1.65002e+00 8.13292e-01 0.00000e+00 0.00000e+00 
2.81799e+04 2.04559e+00 3.00302e+00 1.80076e+00 1.58240e+00 0.00000e+00 0.00000e+00 
2.81880e+04 3.16204e+00 3.70662e-01 1.81290e+00 2.33864e+00 0.00000e+00 0.00000e+00 
2.81961e+04 3.43371e+00 2.82155e+00 1.87950e+00 8.76416e-01 0.00000e+00 0.00000e+00 
2.82042e+04 5.35388e+00 1.40052e+00 7.12584e-01 7.72450e-01 0.00000e+00 0.00000e+00 
2.82123e+04 1.57009e+00 1.56116e+00 2.52450e+00 1.18796e+00 0.00000e+00 0.00000e+00 
2.82204e+04 2.41605e+00 1.32925e+00 1.28894e+00 2.70089e+00 0.00000e+00 0.00000e+00 
2.82285e+04 1.51292e+00 1.55664e+00 2.59723e+00 3.60201e+00 0.00000e+00 0.00000e+00 
2.82366e+04 1.29965e+00 1.90707e+00 1.62928e+00 2.80399e+00 0.00000e+00 0.00000e+00 
2.82447e+04 4.20684e+00 1.38823e+00 2.22468e+00 1.78765e+00 0.00000e+00 0.00000e+00 
2.82528e+04 1.84299e+00 1.75056e+00 7.95898e-01 3.60551e-01 0.00000e+00 0.00000e+00 
2.82609e+04 6.70942e-01 1.71254e+00 3.36097e+00 4.26295e+00 0.00000e+00 0.00000e+00 
2.82690e+04 3.76243e+00 1.03970e+00 1.86114e+00 4.33042e+00 0.00000e+00 0.00000e+00 
2.82771e+04 1.47678e+00 1.66786e+00 1.56881e+00 2.56315e+00 0.00000e+00 0.00000e+00 
2.82852e+04 2.94636e+00 1.63610e+00 2.50021e+00 3.60934e+00 0.00000e+00 3.33333e-02 
2.82933e+04 2.13555e+00 8.36394e-01 1.80486e+00 6.30886e+00 0.00000e+00 3.33333e-02 
2.83014e+04 2.25221e+00 1.21874e+00 2.01237e+00 7.36042e+00 0.00000e+00 0.00000e+00 
2.83095e+04 1.60340e+00 2.13534e+00 2.57034e+00 5.22824e+00 0.00000e+00 0.00000e+00 
2.83176e+04 1.96799e+00 1.37260e+00 1.54739e+00 5.45436e+00 0.00000e+00 0.00000e+00 
2.83257e+04 2.00683e+00 2.05986e+00 2.63423e+00 3.44958e+00 0.00000e+00 0.00000e+00 
2.83338e+04 4.28526e-01 8.51443e-01 1.81274e+00 5.02522e+00 0.00000e+00 0.00000e+00 
2.83419e+04 3.71488e-01 1.95572e+00 1.96489e+00 4.89452e+00 0.00000e+00 0.00000e+00 
2.83500e+04 1.30548e+00 2.50965e+00 1.14596e+00 6.00172e+00 0.00000e+00 0.00000e+00 
2.83581e+04 2.24133e+00 2.06416e+00 3.34550e+00 5.46813e+00 0.00000e+00 0.00000e+00 
2.83662e+04 1.38253e+00 7.60071e-01 1.09232e+00 3.55835e+00 0.00000e+00 0.00000e+00 
2.83743e+04 9.86106e-01 2.13794e+00 1.67537e+00 2.90605e+00 0.00000e+00 0.00000e+00 
2.83824e+04 2.91181e-01 1.20116e+00 2.42737e+00 5.63797e+00 0.00000e+00 3.33333e-02 
2.83905e+04 1.08809e+00 2.08468e+00 1.96181e+00 1.93975e+00 3.33333e-02 3.33333e-02 
2.83986e+04 1.31501e+00 1.60125e+00 3.31993e+00 1.19372e+00 6.66667e-02 3.33333e-02 
2.84067e+04 3.16028e+00 1.56375e+00 2.62659e+00 1.45824e+00 3.33333e-02 0.00000e+00 
2.84148e+04 2.18533e+00 1.91873e+00 7.11598e-01 2.59174e+00 0.00000e+00 0.00000e+00 
2.84229e+04 1.83210e+00 3.75283e+00 1.91261e+00 2.17690e+00 0.00000e+00 0.00000e+00 
2.84310e+04 2.12181e+00 2.58684e+00 2.41308e+00 2.07353e+00 0.00000e+00 0.00000e+00 
2.84391e+04 3.22557e+00 4.00151e-01 6.55875e-01 9.39247e-01 0.00000e+00 0.00000e+00 
2.84472e+04 1.90217e+00 1.01553e+00 2.93044e+00 1.66833e+00 0.00000e+00 0.00000e+00 
2.84553e+04 2.46557e+00 1.41815e+00 1.64057e+00 1.56823e+00 0.00000e+00 0.00000e+00 
2.84634e+04 1.93051e+00 1.59726e+00 2.68128e+00 2.29267e+00 0.00000e+00 0.00000e+00 
2.84715e+04 2.56332e+00 9.41245e-01 2.58433e+00 2.15162e+00 0.00000e+00 0.00000e+00 
2.84796e+04 9.13410e-01 1.94021e+00 1.89778e+00 4.59749e-01 0.00000e+00 0.00000e+00 
2.84877e+04 3.79198e+00 1.73029e+00 3.60309e-01 1.71961e+00 0.00000e+00 0.00000e+00 
2.84958e+04 3.25106e+00 1.44901e+00 1.31021e+00 1.76115e+00 0.00000e+00 0.00000e+00 
2.85039e+04 3.09063e+00 1.39985e+00 7.18314e-01 2.24226e+00 0.00000e+00 0.00000e+00 
2.85120e+04 2.98999e+00 4.90198e-01 2.38709e+00 3.05372e+00 0.00000e+00 0.00000e+00 
2.85201e+04 1.28794e+00 2.07359e+00 2.47446e+00 1.64647e+00 0.00000e+00 0.00000e+00 
2.85282e+04 2.66875e+00 4.71250e+00 9.66749e-01 1.24581e+00 0.00000e+00 0.00000e+00 
2.85363e+04 2.24979e+00 1.90497e+00 2.77407e+00 2.62936e+00 0.00000e+00 0.00000e+00 
2.85444e+04 2.74882e+00 4.12211e+00 2.29775e+00 4.66653e+00 0.00000e+00 0.00000e+00 
2.85525e+04 2.87926e+00 1.83669e+00 1.86946e+00 4.09929e+00 0.00000e+00 0.00000e+00 
2.85606e+04 3.13300e-01 7.48688e-01 2.91958e+00 6.11879e+00 0.00000e+00 0.00000e+00 
2.85687e+04 2.93122e+00 1.73225e+00 2.50064e+00 5.33757e+00 0.00000e+00 0.00000e+00 
2.85768e+04 8.94162e-01 1.27267e+00 1.41423e+00 6.05056e+00 0.00000e+00 0.00000e+00 
2.85849e+04 2.63856e+00 1.28500e+00 2.11607e+00 6.68373e+00 0.00000e+00 0.00000e+00 
2.85930e+04 3.97048e+00 2.38547e+00 2.52269e+00 6.62143e+00 0.00000e+00 0.00000e+00 
2.86011e+04 1.86377e+00 1.14692e+00 1.28403e+00 5.91650e+00 0.00000e+00 0.00000e+00 
2.86092e+04 9.91774e-01 1.41653e+00 1.65475e+00 5.33720e+00 0.00000e+00 0.00000e+00 
2.86173e+04 2.01518e+00 1.74884e+00 2.11254e+00 4.46394e+00 0.00000e+00 0.00000e+00 
2.86254e+04 2.25279e+00 1.65632e+00 2.42304e+00 1.30844e+00 0.00000e+00 0.00000e+00 
2.86335e+04 5.71933e-01 1.05754e+00 3.23112e+00 1.79575e+00 0.00000e+00 0.00000e+00 
2.86416e+04 8.67465e-01 8.75689e-01 1.70557e+00 2.72081e+00 0.00000e+00 0.00000e+00 
2.86497e+04 2.95724e+00 8.50528e-01 4.82260e+00 3.09202e+00 0.00000e+00 3.33333e-02 
2.86578e+04 3.66615e+00 2.87221e+00 1.99051e-01 3.16901e+00 0.00000e+00 3.33333e-02 
2.86659e+04 5.40289e+00 1.35191e+00 1.24384e+00 1.64998e+00 0.00000e+00 3.33333e-02 
2.86740e+04 1.78480e+00 4.56420e-01 1.51948e+00 3.26597e+00 0.00000e+00 3.33333e-02 
2.86821e+04 1.97798e+00 1.23866e+00 1.39895e+00 1.70612e+00 0.00000e+00 3.33333e-02 
2.86902e+04 2.93493e+00 4.10696e-01 1.81110e+00 3.21802e+00 0.00000e+00 0.00000e+00 
2.86983e+04 2.39886e+00 2.94654e+00 1.75293e+00 3.36596e+00 0.00000e+00 0.00000e+00 
2.87064e+04 4.20995e+00 2.61544e+00 1.89685e+00 1.77678e+00 0.00000e+00 0.00000e+00 
2.87145e+04 3.59106e+00 3.49721e+00 2.83908e+00 1.02297e+00 0.00000e+00 0.00000e+00 
2.87226e+04 2.92878e+00 1.02931e+00 1.51127e+00 7.21968e-01 0.00000e+00 0.00000e+00 
2.87307e+04 2.17162e+00 1.33650e+00 6.44115e-01 1.91114e+00 0.00000e+00 0.00000e+00 
2.87388e+04 1.23628e+00 2.71287e+00 1.42569e+00 2.61158e+00 0.00000e+00 0.00000e+00 
2.87469e+04 1.25263e+00 3.12546e+00 2.51496e+00 3.68713e-01 0.00000e+00 0.00000e+00 
2.87550e+04 3.69903e+00 2.72410e+00 1.22171e+00 2.26789e+00 0.00000e+00 0.00000e+00 
2.87631e+04 3.07437e+00 9.32212e-01 2.28615e+00 2.02288e+00 0.00000e+00 0.00000e+00 
2.87712e+04 1.79298e+00 3.45518e+00 2.74551e+00 2.78971e+00 0.00000e+00 0.00000e+00 
2.87793e+04 1.85684e+00 1.33661e+00 1.53318e+00 3.02250e-01 0.00000e+00 0.00000e+00 
2.87874e+04 1.80599e+00 2.20445e+00 1.86062e+00 1.78499e+00 0.00000e+00 0.00000e+00 
2.87955e+04 1.85385e+00 2.31544e+00 1.53062e+00 2.07476e+00 0.00000e+00 0.00000e+00 
2.88036e+04 5.58385e-01 1.06950e+00 1.32471e+00 2.72293e+00 0.00000e+00 3.33333e-02 
2.88117e+04 1.33063e+00 1.77197e+00 3.64411e+00 1.79207e+00 0.00000e+00 3.33333e-02 
2.88198e+04 3.42044e+00 1.22378e+00 2.54071e+00 1.67994e+00 0.00000e+00 3.33333e-02 
2.88279e+04 4.19914e+00 1.72597e+00 1.16929e+00 3.15249e+00 0.00000e+00 3.33333e-02 
2.88360e+04 1.80463e+00 2.64246e+00 1.50458e+00 1.33205e+00 0.00000e+00 0.00000e+00 
2.88441e+04 3.35567e+00 1.07688e+00 8.55127e-01 9.75878e-01 0.00000e+00 0.00000e+00 
2.88522e+04 5.86054e-01 1.74747e+00 1.75394e+00 1.75138e+00 0.00000e+00 0.00000e+00 
2.88603e+04 3.44015e+00 2.64280e+00 2.00514e+00 3.28472e+00 0.00000e+00 0.00000e+00 
2.88684e+04 1.99161e+00 2.43448e+00 3.67721e-01 8.45512e-01 0.00000e+00 0.00000e+00 
2.88765e+04 1.63238e+00 1.44057e+00 1.29168e+00 1.92715e+00 0.00000e+00 0.00000e+00 
2.88846e+04 1.87840e+00 2.72906e+00 2.13233e+00 2.46763e+00 0.00000e+00 0.00000e+00 
2.88927e+04 1.29993e+00 1.49088e+00 1.91890e+00 8.30324e-01 0.00000e+00 0.00000e+00 
2.89008e+04 2.40558e+00 6.51917e-01 1.10367e+00 2.08082e+00 0.00000e+00 0.00000e+00 
2.89089e+04 1.52207e+00 1.31891e+00 2.95043e+00 1.09452e+00 0.00000e+00 0.00000e+00 
2.89170e+04 1.19409e+00 6.57099e-01 1.90271e+00 2.18418e+00 0.00000e+00 0.00000e+00 
2.89251e+04 3.55400e+00 2.30482e+00 2.69402e+00 3.89142e+00 0.00000e+00 0.00000e+00 
2.89332e+04 2.50730e+00 1.69203e+00 9.62104e-01 1.61585e+00 0.00000e+00 0.00000e+00 
2.89413e+04 2.78495e+00 3.04684e+00 1.71180e+00 2.19212e+00 0.00000e+00 0.00000e+00 
2.89494e+04 2.62824e+00 2.00242e+00 1.84129e+00 2.68170e+00 0.00000e+00 0.00000e+00 
2.89575e+04 2.14898e+00 2.00553e+00 1.43676e+00 6.28774e-01 0.00000e+00 0.00000e+00 
2.89656e+04 1.28263e+00 1.58996e+00 2.37696e+00 1.86161e+00 0.00000e+00 0.00000e+00 
2.89737e+04 1.05386e+00 2.69771e+00 1.46826e+00 1.45815e+00 0.00000e+00 0.00000e+00 
2.89818e+04 1.39751e+00 2.26476e+00 2.32449e+00 1.05142e+00 0.00000e+00 0.00000e+00 
2.89899e+04 1.91395e+00 1.82259e+00 1.60074e+00 1.94207e+00 0.00000e+00 0.00000e+00 
2.89980e+04 1.44586e+00 2.35560e+00 4.24851e+00 2.52434e+00 0.00000e+00 0.00000e+00 
2.90061e+04 1.57205e+00 2.85592e+00 7.93785e-01 1.30571e+00 0.00000e+00 0.00000e+00 
2.90142e+04 1.42987e+00 2.43739e+00 1.92753e+00 1.38012e+00 0.00000e+00 0.00000e+00 
2.90223e+04 4.03447e+00 1.52393e+00 2.95427e+00 5.98944e-01 0.00000e+00 0.00000e+00 
2.90304e+04 2.52468e+00 2.84726e+00 2.68608e+00 7.64841e-01 0.00000e+00 0.00000e+00 
2.90385e+04 2.35469e+00 3.97143e+00 2.07955e+00 1.53129e+00 0.00000e+00 0.00000e+00 
2.90466e+04 3.01745e+00 9.30693e-01 2.77677e+00 1.52890e+00 0.00000e+00 0.00000e+00 
2.90547e+04 3.27041e+00 8.87188e-01 2.95813e+00 1.24932e+00 0.00000e+00 0.00000e+00 
2.90628e+04 1.36697e+00 1.06428e+00 6.97241e-01 1.98832e+00 0.00000e+00 0.00000e+00 
2.90709e+04 4.92700e-01 1.25126e+00 1.62300e+00 1.42829e+00 0.00000e+00 0.00000e+00 
2.90790e+04 3.83589e+00 2.00850e+00 1.71494e+00 1.39049e+00 0.00000e+00 3.33333e-02 
2.90871e+04 2.20037e+00 2.37209e+00 8.94023e-01 9.71990e-01 0.00000e+00 0.00000e+00 
2.90952e+04 1.35960e+00 1.06571e+00 2.02776e+00 2.25662e+00 0.00000e+00 0.00000e+00 
2.91033e+04 8.73407e-01 3.66099e-01 7.28242e-01 1.57185e+00 0.00000e+00 0.00000e+00 
2.91114e+04 2.64248e+00 9.58878e-01 1.49133e+00 2.04928e+00 0.00000e+00 0.00000e+00 
2.91195e+04 2.16376e+00 1.70476e+00 2.58238e+00 7.83041e-01 0.00000e+00 0.00000e+00 
2.91276e+04 1.42788e+00 9.16644e-01 2.12132e+00 1.52722e+00 0.00000e+00 0.00000e+00 
2.91357e+04 1.56340e+00 2.38731e+00 2.44740e+00 6.51295e-01 0.00000e+00 0.00000e+00 
2.91438e+04 1.92914e+00 1.91734e+00 3.39222e+00 1.72024e+00 0.00000e+00 0.00000e+00 
2.91519e+04 1.98982e+00 7.63806e-01 2.69208e+00 1.45855e+00 0.00000e+00 0.00000e+00 
2.91600e+04 3.28298e+00 6.53256e-01 3.10624e+00 1.94165e+00 0.00000e+00 0.00000e+00 
2.91681e+04 3.37074e+00 1.35945e+00 1.61355e+00 1.49102e+00 0.00000e+00 0.00000e+00 
2.91762e+04 1.62150e+00 1.16998e+00 1.42438e+00 2.11321e+00 0.00000e+00 0.00000e+00 
2.91843e+04 2.07632e+00 2.33491e+00 4.90234e-01 2.09987e+00 0.00000e+00 0.00000e+00 
2.91924e+04 3.05508e+00 3.08752e+00 1.88323e+00 2.86618e+00 0.00000e+00 0.00000e+00 
2.92005e+04 1.82369e+00 3.25809e+00 2.54360e+00 1.84980e+00 0.00000e+00 0.00000e+00 
2.92086e+04 1.98899e+00 1.18935e+00 1.11184e+00 3.04726e+00 0.00000e+00 0.00000e+00 
2.92167e+04 6.36289e-01 2.69047e+00 2.90552e+00 1.76159e+00 0.00000e+00 0.00000e+00 
2.92248e+04 2.84717e+00 5.71515e+00 1.51518e+00 1.58175e+00 0.00000e+00 0.00000e+00 
2.92329e+04 1.30336e+00 5.68179e+00 2.35916e+00 7.96384e-01 0.00000e+00 0.00000e+00 
2.92410e+04 3.18242e+00 4.09783e+00 2.19545e+00 1.25618e+00 0.00000e+00 0.00000e+00 
2.92491e+04 2.62562e+00 4.02120e+00 2.92023e+00 1.14919e+00 0.00000e+00 0.00000e+00 
2.92572e+04 3.15791e+00 2.61926e+00 7.60071e-01 1.21281e+00 0.00000e+00 0.00000e+00 
2.92653e+04 1.36569e+00 6.14778e+00 2.05389e+00 2.80751e+00 0.00000e+00 0.00000e+00 
2.92734e+04 1.81864e+00 5.82011e+00 2.74880e+00 1.32138e+00 0.00000e+00 0.00000e+00 
2.92815e+04 2.24250e+00 4.83684e+00 1.12380e+00 1.03175e+00 0.00000e+00 0.00000e+00 
2.92896e+04 1.43077e+00 3.06142e+00 2.15864e+00 2.25211e+00 0.00000e+00 0.00000e+00 
2.92977e+04 2.14012e+00 1.82248e+00 1.39219e+00 3.53222e+00 0.00000e+00 0.00000e+00 
2.93058e+04 2.74183e+00 2.39601e+00 3.26952e+00 3.72790e+00 0.00000e+00 0.00000e+00 
2.93139e+04 1.85706e+00 2.31696e+00 2.91055e-01 6.58204e-01 0.00000e+00 0.00000e+00 
2.93220e+04 2.98390e+00 2.01358e+00 1.04905e+00 2.79418e+00 0.00000e+00 3.33333e-02 
2.93301e+04 2.00825e+00 1.27682e+00 2.46898e+00 1.75039e+00 3.33333e-02 3.33333e-02 
2.93382e+04 7.91264e-01 1.82165e+00 8.72365e-01 2.18838e+00 0.00000e+00 3.33333e-02 
2.93463e+04 2.25383e+00 2.77504e+00 2.03318e+00 2.05614e+00 0.00000e+00 3.33333e-02 
2.93544e+04 6.08880e-01 2.43309e+00 1.69111e+00 2.26159e+00 0.00000e+00 3.33333e-02 
2.93625e+04 2.28950e+00 2.90876e+00 1.85429e+00 3.86999e+00 0.00000e+00 3.33333e-02 
2.93706e+04 3.97276e+00 1.35291e+00 6.85765e-01 3.69961e+00 0.00000e+00 3.33333e-02 
2.93787e+04 2.14796e+00 2.73787e+00 2.99817e+00 1.22432e+00 0.00000e+00 3.33333e-02 
2.93868e+04 1.82536e+00 1.97549e+00 1.56283e+00 2.24336e+00 3.33333e-02 0.00000e+00 
2.93949e+04 2.40884e+00 1.02720e+00 8.24972e-01 1.08169e+00 0.00000e+00 0.00000e+00 
2.94030e+04 2.07627e+00 1.49750e+00 2.00444e+00 1.44373e+00 0.00000e+00 0.00000e+00 
2.94111e+04 2.44120e+00 1.67710e+00 1.02077e+00 9.62840e-01 0.00000e+00 0.00000e+00 
2.94192e+04 1.77357e+00 2.41040e-01 2.95866e+00 1.49638e+00 0.00000e+00 0.00000e+00 
2.94273e+04 1.31175e+00 8.93354e-02 2.28889e+00 2.29524e+00 3.33333e-02 0.00000e+00 
2.94354e+04 2.03212e+00 8.93354e-02 1.41077e+00 2.51981e+00 0.00000e+00 0.00000e+00 
2.94435e+04 2.50832e+00 1.65632e+00 2.05212e+00 2.37763e+00 0.00000e+00 0.00000e+00 
2.94516e+04 3.09581e+00 2.22685e+00 1.40747e+00 9.60120e-01 0.00000e+00 0.00000e+00 
2.94597e+04 1.58320e+00 2.21234e+00 3.04370e+00 1.55724e+00 0.00000e+00 0.00000e+00 
2.94678e+04 1.11431e+00 1.37973e+00 6.13552e-01 3.09357e+00 3.33333e-02 0.00000e+00 
2.94759e+04 2.93588e+00 8.18681e-01 2.12465e+00 1.68490e+00 3.33333e-02 0.00000e+00 
2.94840e+04 8.76407e-01 1.62302e+00 1.25048e+00 1.63369e+00 0.00000e+00 0.00000e+00 
2.94921e+04 1.63865e+00 2.49297e+00 9.51185e-01 1.97829e+00 0.00000e+00 0.00000e+00 
2.95002e+04 1.84651e+00 1.69628e+00 1.80016e+00 3.01590e+00 0.00000e+00 0.00000e+00 
2.95083e+04 1.55054e+00 1.23466e+00 2.59217e+00 1.29966e+00 3.33333e-02 3.33333e-02 
2.95164e+04 1.52940e+00 4.70087e-01 2.26483e+00 1.81194e+00 3.33333e-02 3.33333e-02 
2.95245e+04 1.48485e+00 2.08341e+00 1.39669e+00 9.10557e-01 0.00000e+00 3.33333e-02 
2.95326e+04 1.99792e-01 2.73728e+00 2.80488e+00 1.74089e+00 0.00000e+00 3.33333e-02 
2.95407e+04 9.11652e-01 1.90490e+00 2.57945e+00 2.01677e+00 0.00000e+00 0.00000e+00 
2.95488e+04 1.43672e+00 2.25739e+00 5.98473e-01 1.13228e+00 0.00000e+00 0.00000e+00 
2.95569e+04 2.50657e+00 1.09781e+00 2.59774e+00 1.58111e+00 0.00000e+00 0.00000e+00 
2.95650e+04 1.40847e+00 1.89756e+00 2.03668e+00 1.78991e+00 0.00000e+00 0.00000e+00 
2.95731e+04 1.41334e+00 1.47193e+00 1.71387e+00 3.42182e+00 0.00000e+00 0.00000e+00 
2.95812e+04 1.90798e+00 2.68623e+00 1.74313e+00 1.52139e+00 0.00000e+00 0.00000e+00 
2.95893e+04 2.31909e+00 2.00755e+00 1.26212e+00 1.42689e+00 0.00000e+00 0.00000e+00 
2.95974e+04 2.06955e+00 3.44145e+00 1.56748e+00 1.47524e+00 0.00000e+00 0.00000e+00 
2.96055e+04 9.44972e-01 2.26849e+00 1.19794e+00 1.31289e+00 0.00000e+00 0.00000e+00 
2.96136e+04 2.03183e+00 1.26987e+00 2.22290e+00 7.25945e-01 0.00000e+00 0.00000e+00 
2.96217e+04 1.37504e+00 2.46593e+00 1.30582e+00 2.08948e+00 0.00000e+00 0.00000e+00 
2.96298e+04 2.17990e+00 6.36049e-01 1.52077e+00 1.11022e+00 0.00000e+00 0.00000e+00 
2.96379e+04 3.01837e+00 2.04086e+00 1.80696e+00 1.85652e+00 0.00000e+00 0.00000e+00 
2.96460e+04 3.32169e-01 1.85466e+00 8.39359e-01 7.34340e-01 0.00000e+00 0.00000e+00 
2.96541e+04 9.14256e-01 4.42030e+00 3.14785e+00 6.38548e-01 3.33333e-02 0.00000e+00 
2.96622e+04 1.29156e+00 2.61855e+00 3.01648e+00 3.26184e+00 0.00000e+00 0.00000e+00 
2.96703e+04 1.53258e+00 3.45230e+00 2.74247e+00 2.21617e+00 0.00000e+00 0.00000e+00 
2.96784e+04 1.99095e+00 2.20298e+00 1.12308e+00 1.01462e+00 0.00000e+00 0.00000e+00 
2.96865e+04 1.58956e+00 2.98360e+00 1.79751e+00 2.03067e+00 0.00000e+00 0.00000e+00 
2.96946e+04 2.83032e+00 2.79171e+00 1.59110e+00 7.36247e-01 0.00000e+00 0.00000e+00 
2.97027e+04 2.49427e+00 2.54723e+00 1.87380e+00 2.03240e+00 0.00000e+00 0.00000e+00 
2.97108e+04 7.32873e-01 2.59449e+00 2.14212e+00 2.08093e+00 0.00000e+00 0.00000e+00 
2.97189e+04 2.14485e+00 1.46176e+00 2.12902e+00 9.04339e-01 0.00000e+00 0.00000e+00 
2.97270e+04 1.11188e+00 1.60374e+00 1.57297e+00 1.28845e+00 0.00000e+00 0.00000e+00 
2.97351e+04 1.34001e+00 1.63883e+00 1.81625e+00 2.94235e+00 0.00000e+00 0.00000e+00 
2.97432e+04 2.03953e+00 6.16556e-01 1.03550e+00 1.33159e+00 0.00000e+00 0.00000e+00 
2.97513e+04 2.58944e+00 1.75417e+00 1.06134e+00 2.22448e+00 0.00000e+00 0.00000e+00 
2.97594e+04 1.32295e+00 1.19940e+00 1.77301e+00 2.49200e+00 0.00000e+00 3.33333e-02 
2.97675e+04 1.49645e+00 1.56364e+00 1.29591e+00 2.64842e+00 0.00000e+00 3.33333e-02 
2.97756e+04 1.93467e+00 1.66887e+00 1.12607e+00 2.34156e+00 0.00000e+00 6.66667e-02 
2.97837e+04 3.47483e+00 1.27727e+00 1.64031e+00 5.13780e-01 0.00000e+00 6.66667e-02 
2.97918e+04 8.43716e-01 6.54774e-01 5.28903e-01 1.46504e+00 0.00000e+00 6.66667e-02 
2.97999e+04 1.34327e+00 7.81635e-01 1.58418e+00 2.50078e+00 0.00000e+00 3.33333e-02 
2.98080e+04 1.48597e+00 1.32410e+00 2.83340e+00 2.21468e+00 3.33333e-02 0.00000e+00 
2.98161e+04 1.76549e+00 6.17354e-01 8.25529e-01 1.97282e+00 3.33333e-02 0.00000e+00 
2.98242e+04 2.82708e+00 2.16362e+00 9.52939e-01 4.08570e+00 0.00000e+00 0.00000e+00 
2.98323e+04 1.39650e+00 2.33887e+00 8.58038e-01 3.13623e+00 0.00000e+00 0.00000e+00 
2.98404e+04 8.93751e-01 8.25426e-01 7.69051e-01 3.77404e+00 0.00000e+00 0.00000e+00 
2.98485e+04 2.89353e+00 1.02444e+00 1.54997e+00 4.75932e+00 0.00000e+00 0.00000e+00 
2.98566e+04 1.08577e+00 1.54968e+00 1.52245e+00 5.62409e+00 0.00000e+00 0.00000e+00 
2.98647e+04 1.79501e+00 1.10785e+00 5.20523e+00 6.69737e+00 0.00000e+00 0.00000e+00 
2.98728e+04 1.08235e+00 1.76895e+00 2.14941e+00 6.78254e+00 0.00000e+00 0.00000e+00 
2.98809e+04 1.16154e+00 1.10219e+00 2.04665e+00 7.91236e+00 0.00000e+00 0.00000e+00 
2.98890e+04 1.55320e+00 2.00500e+00 1.21541e+00 8.01955e+00 0.00000e+00 3.33333e-02 
2.98971e+04 1.25071e+00 2.35011e+00 3.01216e+00 4.91589e+00 0.00000e+00 0.00000e+00 
2.99052e+04 8.40001e-01 9.56052e-01 2.18829e+00 4.97649e+00 0.00000e+00 0.00000e+00 
2.99133e+04 4.27963e-01 9.73785e-01 4.64237e-01 5.57949e+00 0.00000e+00 0.00000e+00 
2.99214e+04 1.30318e+00 6.33901e-01 1.80769e+00 3.87756e+00 0.00000e+00 0.00000e+00 
2.99295e+04 1.47051e+00 1.90043e+00 1.75949e+00 3.21107e+00 0.00000e+00 0.00000e+00 
2.99376e+04 7.31181e-01 1.93994e+00 2.28187e+00 5.02753e+00 0.00000e+00 0.00000e+00 
2.99457e+04 2.17747e+00 2.85546e+00 2.29707e+00 4.28105e+00 0.00000e+00 0.00000e+00 
2.99538e+04 2.48937e+00 1.26873e+00 8.57357e-01 3.80396e+00 0.00000e+00 0.00000e+00 
2.99619e+04 1.21658e+00 1.86683e+00 1.40769e+00 4.46227e-01 0.00000e+00 0.00000e+00 
2.99700e+04 1.85973e+00 1.26495e+00 7.81739e-01 3.87983e+00 3.33333e-02 0.00000e+00 
2.99781e+04 1.60843e+00 1.55768e+00 1.09938e+00 1.91465e+00 3.33333e-02 0.00000e+00 
2.99862e+04 1.60449e+00 1.94692e+00 1.36288e+00 2.56250e+00 0.00000e+00 0.00000e+00 
2.99943e+04 2.67657e+00 2.81312e+00 2.16123e+00 1.65467e+00 0.00000e+00 0.00000e+00 
3.00024e+04 1.42407e+00 1.33710e+00 2.09793e+00 1.78172e+00 0.00000e+00 0.00000e+00 
3.00105e+04 2.07152e+00 1.56461e+00 1.12617e+00 1.26579e+00 0.00000e+00 0.00000e+00 
3.00186e+04 2.74134e+00 2.52469e+00 1.87516e+00 2.17530e+00 0.00000e+00 0.00000e+00 
3.00267e+04 1.91443e+00 2.13069e+00 1.60514e+00 1.64823e+00 0.00000e+00 0.00000e+00 
3.00348e+04 1.92769e+00 3.87920e+00 1.80104e+00 1.95190e+00 0.00000e+00 0.00000e+00 
3.00429e+04 6.96558e-01 2.30659e+00 1.46098e+00 2.03107e+00 0.00000e+00 0.00000e+00 
3.00510e+04 1.37715e+00 9.96491e-01 2.11687e+00 1.87247e+00 0.00000e+00 0.00000e+00 
3.00591e+04 7.44954e-01 2.68618e+00 1.25394e+00 3.39423e+00 0.00000e+00 0.00000e+00 
3.00672e+04 1.53733e+00 2.10627e+00 7.65355e-01 1.62753e+00 0.00000e+00 0.00000e+00 
3.00753e+04 2.02087e+00 1.97040e+00 1.46797e+00 1.64807e+00 0.00000e+00 0.00000e+00 
3.00834e+04 1.91643e+00 7.43814e-01 1.71653e+00 7.16678e-01 0.00000e+00 0.00000e+00 
3.00915e+04 2.92518e+00 3.14963e+00 5.95041e-01 1.80109e+00 0.00000e+00 0.00000e+00 
3.00996e+04 2.33088e+00 1.13901e+00 2.78298e-01 2.15385e+00 3.33333e-02 0.00000e+00 
3.01077e+04 6.62932e-01 1.46901e+00 2.74843e+00 1.17958e+00 0.00000e+00 0.00000e+00 
3.01158e+04 1.85921e+00 2.55480e+00 9.15762e-01 3.35922e+00 0.00000e+00 0.00000e+00 
3.01239e+04 3.21755e+00 1.89372e+00 5.00539e-01 1.61345e+00 0.00000e+00 0.00000e+00 
3.01320e+04 2.34667e+00 9.21780e-01 1.70661e+00 1.79664e+00 0.00000e+00 0.00000e+00 
3.01401e+04 2.57752e+00 2.27751e+00 1.40326e+00 1.53387e+00 0.00000e+00 0.00000e+00 
3.01482e+04 1.99259e+00 1.05294e+00 2.54010e+00 2.84613e+00 0.00000e+00 0.00000e+00 
3.01563e+04 1.63414e+00 1.60676e+00 1.57592e+00 1.63570e+00 0.00000e+00 0.00000e+00 
3.01644e+04 3.00302e+00 1.27336e+00 8.94706e-01 1.82997e+00 0.00000e+00 0.00000e+00 
3.01725e+04 5.94449e-01 2.19771e+00 2.87286e+00 1.37203e+00 0.00000e+00 0.00000e+00 
3.01806e+04 2.55462e+00 2.92840e+00 1.32052e+00 2.86740e+00 0.00000e+00 0.00000e+00 
3.01887e+04 3.97158e+00 1.60820e+00 1.71385e+00 3.05004e+00 0.00000e+00 0.00000e+00 
3.01968e+04 1.31842e+00 2.53302e+00 2.60300e+00 4.22616e+00 3.33333e-02 0.00000e+00 
3.02049e+04 2.49250e+00 1.47310e+00 1.42187e+00 1.51596e+00 3.33333e-02 0.00000e+00 
3.02130e+04 1.60009e+00 1.26495e+00 3.74962e+00 2.27136e+00 3.33333e-02 0.00000e+00 
3.02211e+04 2.72209e+00 2.51963e+00 1.81936e+00 2.40664e+00 3.33333e-02 0.00000e+00 
3.02292e+04 1.16914e+00 1.70981e+00 8.67892e-01 3.37654e+00 3.33333e-02 0.00000e+00 
3.02373e+04 2.06689e+00 7.32671e-01 1.35167e+00 2.76131e+00 0.00000e+00 0.00000e+00 
3.02454e+04 1.96805e+00 1.71148e+00 9.79203e-01 3.55800e+00 0.00000e+00 0.00000e+00 
3.02535e+04 9.82144e-01 8.73324e-01 1.24927e+00 7.52459e-01 0.00000e+00 0.00000e+00 
3.02616e+04 3.00202e+00 8.64025e-02 1.80875e+00 1.88964e+00 0.00000e+00 0.00000e+00 
3.02697e+04 1.84058e+00 1.78702e+00 7.94925e-01 2.06171e+00 0.00000e+00 0.00000e+00 
3.02778e+04 1.67790e+00 1.08181e+00 2.01025e+00 1.68163e+00 0.00000e+00 0.00000e+00 
3.02859e+04 1.58356e+00 9.60766e-01 1.18749e+00 1.22392e+00 0.00000e+00 0.00000e+00 
3.02940e+04 1.47555e+00 1.42732e+00 1.95528e+00 3.40850e+00 0.00000e+00 0.00000e+00 
3.03021e+04 2.31928e+00 1.41248e+00 2.27596e+00 1.38006e+00 0.00000e+00 0.00000e+00 
3.03102e+04 2.05647e+00 3.15508e+00 4.89809e+00 2.05677e+00 0.00000e+00 0.00000e+00 
3.03183e+04 2.39523e+00 2.98516e+00 2.50465e+00 2.00526e+00 0.00000e+00 0.00000e+00 
3.03264e+04 7.01317e-01 9.23942e-01 1.50581e+00 2.71335e+00 0.00000e+00 0.00000e+00 
3.03345e+04 3.17293e+00 1.33713e+00 3.62715e+00 8.20694e-01 0.00000e+00 0.00000e+00 
3.03426e+04 1.81985e+00 2.06975e+00 1.53828e+00 4.01861e+00 0.00000e+00 0.00000e+00 
3.03507e+04 2.85640e+00 1.56646e+00 2.27347e+00 1.82174e+00 0.00000e+00 0.00000e+00 
3.03588e+04 1.69312e+00 1.49134e+00 1.18176e+00 1.83668e+00 0.00000e+00 0.00000e+00 
3.03669e+04 1.49223e+00 2.98413e+00 8.43752e-01 1.61077e+00 3.33333e-02 0.00000e+00 
3.03750e+04 2.73993e+00 7.77825e-01 7.60509e-01 1.34288e+00 3.33333e-02 3.33333e-02 
3.03831e+04 2.44399e+00 2.01392e+00 1.80471e+00 1.80359e+00 0.00000e+00 3.33333e-02 
3.03912e+04 3.25445e-01 2.26062e+00 1.85936e+00 9.38564e-01 0.00000e+00 3.33333e-02 
3.03993e+04 1.13435e+00 1.65938e+00 1.55518e+00 1.44442e+00 0.00000e+00 3.33333e-02 
3.04074e+04 1.61602e+00 3.39555e+00 9.55761e-01 3.94748e+00 0.00000e+00 3.33333e-02 
3.04155e+04 6.35369e-01 1.69195e+00 1.74028e+00 3.17452e+00 0.00000e+00 0.00000e+00 
3.04236e+04 1.11435e+00 9.79814e-01 1.48689e+00 1.70031e+00 0.00000e+00 0.00000e+00 
3.04317e+04 1.11291e+00 1.23407e+00 1.67310e+00 2.29059e+00 0.00000e+00 0.00000e+00 
3.04398e+04 1.62668e+00 1.51303e+00 1.89302e+00 1.35878e+00 0.00000e+00 0.00000e+00 
3.04479e+04 2.33940e+00 2.21597e+00 1.52067e+00 2.34536e+00 0.00000e+00 0.00000e+00 
3.04560e+04 1.78606e+00 1.00187e+00 1.09292e+00 2.05431e+00 0.00000e+00 0.00000e+00 
3.04641e+04 2.17682e+00 1.56792e+00 3.38551e+00 4.54414e-01 3.33333e-02 0.00000e+00 
3.04722e+04 2.00811e+00 9.59280e-01 2.12049e+00 1.61801e+00 0.00000e+00 0.00000e+00 
3.04803e+04 1.52270e+00 2.27662e+00 5.47824e-01 9.52657e-01 0.00000e+00 0.00000e+00 
3.04884e+04 1.19304e+00 1.86433e+00 1.21306e+00 6.82068e-01 0.00000e+00 0.00000e+00 
3.04965e+04 1.77034e+00 1.64934e+00 1.15254e+00 1.69112e+00 0.00000e+00 0.00000e+00 
3.05046e+04 2.20499e+00 1.53822e+00 1.82637e+00 1.34613e+00 0.00000e+00 0.00000e+00 
3.05127e+04 2.04028e+00 1.39370e+00 5.08295e-01 1.47268e+00 0.00000e+00 0.00000e+00 
3.05208e+04 1.02513e+00 2.33118e+00 9.08061e-01 8.41464e-01 0.00000e+00 0.00000e+00 
3.05289e+04 1.15549e+00 1.68885e+00 2.05669e+00 2.16303e+00 0.00000e+00 0.00000e+00 
3.05370e+04 1.14925e+00 1.25239e+00 1.90855e+00 2.28830e+00 0.00000e+00 0.00000e+00 
3.05451e+04 1.37937e+00 2.15556e+00 2.31863e+00 2.66673e+00 0.00000e+00 0.00000e+00 
3.05532e+04 5.84841e-01 1.71421e+00 1.66162e+00 5.34397e-01 0.00000e+00 0.00000e+00 
3.05613e+04 1.42500e+00 5.15241e-01 1.39009e+00 2.57349e+00 0.00000e+00 0.00000e+00 
3.05694e+04 8.42651e-01 1.47552e+00 7.61773e-01 2.05366e+00 0.00000e+00 0.00000e+00 
3.05775e+04 2.07082e+00 1.15440e+00 7.02781e-01 1.30146e+00 0.00000e+00 0.00000e+00 
3.05856e+04 1.15003e+00 6.89176e-01 2.81754e+00 3.06096e+00 0.00000e+00 0.00000e+00 
3.05937e+04 1.80265e+00 8.96145e-01 2.08877e+00 9.30892e-01 0.00000e+00 3.33333e-02 
3.06018e+04 2.92992e+00 2.11659e+00 1.61922e+00 1.72585e+00 0.00000e+00 3.33333e-02 
3.06099e+04 1.05744e+00 1.26345e+00 9.60696e-01 1.42396e+00 0.00000e+00 3.33333e-02 
3.06180e+04 2.12698e+00 1.45703e+00 1.61960e+00 1.48859e+00 0.00000e+00 3.33333e-02 
3.06261e+04 3.70601e+00 1.25628e+00 1.94321e+00 3.35325e+00 0.00000e+00 3.33333e-02 
3.06342e+04 3.69135e+00 1.68944e+00 3.78619e+00 2.73715e+00 0.00000e+00 0.00000e+00 
3.06423e+04 2.23486e+00 6.09670e-01 1.62894e+00 2.70143e+00 0.00000e+00 0.00000e+00 
3.06504e+04 1.47632e+00 1.40490e+00 1.12577e+00 2.84005e+00 0.00000e+00 0.00000e+00 
3.06585e+04 8.76713e-01 9.62274e-01 1.99438e+00 1.64455e+00 0.00000e+00 0.00000e+00 
3.06666e+04 1.70695e+00 2.15117e+00 5.00506e-01 1.87138e+00 0.00000e+00 0.00000e+00 
3.06747e+04 2.33743e+00 9.80944e-01 1.42485e+00 1.29110e+00 0.00000e+00 3.33333e-02 
3.06828e+04 1.40036e+00 1.52084e+00 4.23973e+00 3.09678e+00 0.00000e+00 3.33333e-02 
3.06909e+04 1.10302e+00 2.05915e+00 3.50679e+00 2.30002e+00 0.00000e+00 0.00000e+00 
3.06990e+04 1.52639e+00 9.20824e-01 1.84747e+00 1.70370e+00 0.00000e+00 0.00000e+00 
3.07071e+04 1.63353e+00 1.62347e+00 1.66760e+00 1.81002e+00 0.00000e+00 0.00000e+00 
3.07152e+04 1.56095e+00 1.17061e+00 1.50871e+00 9.25287e-01 0.00000e+00 0.00000e+00 
3.07233e+04 8.82570e-01 1.83792e+00 1.50554e+00 1.97550e+00 0.00000e+00 0.00000e+00 
3.07314e+04 4.61755e-01 2.31742e+00 1.94927e+00 2.48407e+00 0.00000e+00 0.00000e+00 
3.07395e+04 2.18657e+00 1.84675e+00 1.27452e+00 7.74906e-01 0.00000e+00 0.00000e+00 
3.07476e+04 1.37206e+00 7.74258e-01 8.42541e-01 2.63830e+00 0.00000e+00 0.00000e+00 
3.07557e+04 2.74317e+00 2.28101e+00 2.00660e+00 2.79001e+00 0.00000e+00 0.00000e+00 
3.07638e+04 1.70852e+00 2.64515e+00 7.84205e-01 1.35722e+00 0.00000e+00 0.00000e+00 
3.07719e+04 1.65258e+00 1.60663e+00 1.82266e+00 1.23156e+00 0.00000e+00 0.00000e+00 
3.07800e+04 2.15892e+00 2.38652e+00 1.28148e+00 1.61197e+00 0.00000e+00 0.00000e+00 
3.07881e+04 1.88555e+00 1.33799e+00 1.21589e+00 2.19456e+00 0.00000e+00 3.33333e-02 
3.07962e+04 2.25789e+00 2.62826e+00 1.06055e+00 1.41335e+00 0.00000e+00 3.33333e-02 
3.08043e+04 8.41777e-01 2.20718e+00 1.02283e+00 1.77980e+00 0.00000e+00 3.33333e-02 
3.08124e+04 2.24843e+00 2.28802e+00 1.91505e+00 1.40588e+00 0.00000e+00 3.33333e-02 
3.08205e+04 1.21165e+00 1.50014e+00 1.44179e+00 1.12196e+00 0.00000e+00 3.33333e-02 
3.08286e+04 1.07154e+00 1.17734e+00 1.22116e+00 1.27837e+00 0.00000e+00 6.66667e-02 
3.08367e+04 1.21837e+00 2.31243e+00 8.09618e-01 1.26312e+00 0.00000e+00 3.33333e-02 
3.08448e+04 1.23624e+00 1.55858e+00 1.85353e+00 4.84282e+00 0.00000e+00 0.00000e+00 
3.08529e+04 2.74334e+00 2.88326e+00 1.69455e+00 2.96175e+00 0.00000e+00 0.00000e+00 
3.08610e+04 1.15103e+00 1.93754e+00 2.36765e+00 3.00142e+00 3.33333e-02 0.00000e+00 
3.08691e+04 1.04436e+00 2.45822e+00 1.73195e+00 3.67971e+00 0.00000e+00 0.00000e+00 
3.08772e+04 2.62170e+00 1.66100e+00 2.46799e+00 3.85139e+00 0.00000e+00 0.00000e+00 
3.08853e+04 3.00992e+00 1.44196e+00 2.95752e+00 1.47217e+00 0.00000e+00 0.00000e+00 
3.08934e+04 1.73737e+00 1.42507e+00 1.19841e+00 1.91507e+00 0.00000e+00 0.00000e+00 
3.09015e+04 9.52762e-01 7.84326e-01 2.40979e+00 1.19334e+00 3.33333e-02 0.00000e+00 
3.09096e+04 1.47651e+00 1.14347e+00 1.41448e+00 1.82867e+00 3.33333e-02 0.00000e+00 
3.09177e+04 1.44912e+00 8.80199e-01 1.66922e+00 1.22539e+00 3.33333e-02 0.00000e+00 
3.09258e+04 1.70524e+00 1.22225e+00 4.78783e-01 1.80828e+00 0.00000e+00 0.00000e+00 
3.09339e+04 1.17552e+00 2.79154e+00 1.76823e+00 3.46159e+00 0.00000e+00 0.00000e+00 
3.09420e+04 1.57978e+00 2.11287e+00 1.02132e+00 2.32651e+00 0.00000e+00 0.00000e+00 
3.09501e+04 1.24970e+00 1.83151e+00 1.18367e+00 2.08118e+00 0.00000e+00 0.00000e+00 
3.09582e+04 2.35613e+00 2.48416e+00 2.13253e+00 2.68663e+00 0.00000e+00 0.00000e+00 
3.09663e+04 9.39204e-01 1.95808e+00 1.31932e+00 1.12204e+00 0.00000e+00 0.00000e+00 
3.09744e+04 7.11182e-01 1.68036e+00 8.20523e-01 1.25145e+00 0.00000e+00 0.00000e+00 
3.09825e+04 1.66751e+00 1.20160e+00 1.34135e+00 5.51105e-01 3.33333e-02 0.00000e+00 
3.09906e+04 1.18752e+00 1.09285e+00 1.47338e+00 1.69741e+00 3.33333e-02 0.00000e+00 
3.09987e+04 1.68184e+00 1.16883e+00 1.82750e+00 2.67820e+00 0.00000e+00 0.00000e+00 
3.10068e+04 1.13096e+00 1.49784e+00 2.40895e+00 2.05185e+00 0.00000e+00 0.00000e+00 
3.10149e+04 3.03452e+00 2.26542e+00 1.24023e+00 2.81495e+00 0.00000e+00 0.00000e+00 
3.10230e+04 1.58757e+00 2.26192e+00 1.96936e+00 2.54046e+00 0.00000e+00 0.00000e+00 
3.10311e+04 1.17052e+00 1.47709e+00 2.20329e+00 1.73210e+00 0.00000e+00 0.00000e+00 
3.10392e+04 1.47646e+00 2.57338e+00 3.66968e+00 1.07477e+00 0.00000e+00 0.00000e+00 
3.10473e+04 6.46864e-01 2.11018e+00 1.69013e+00 1.94265e+00 0.00000e+00 0.00000e+00 
3.10554e+04 1.60256e+00 1.20109e+00 9.35263e-01 2.60801e+00 0.00000e+00 0.00000e+00 
3.10635e+04 2.73529e+00 2.55269e+00 1.16789e+00 1.98082e+00 0.00000e+00 0.00000e+00 
3.10716e+04 4.51301e+00 4.19223e+00 1.66772e+00 1.61567e+00 0.00000e+00 0.00000e+00 
3.10797e+04 3.94011e+00 3.63519e+00 4.57700e+00 1.60633e+00 0.00000e+00 3.33333e-02 
3.10878e+04 4.47537e+00 1.59162e+00 2.96482e+00 1.15729e+00 0.00000e+00 3.33333e-02 
3.10959e+04 3.30412e+00 4.65371e+00 1.36903e+00 2.83948e+00 0.00000e+00 0.00000e+00 
3.11040e+04 3.46254e+00 1.38656e+00 1.97419e+00 3.22488e+00 0.00000e+00 3.33333e-02 
3.11121e+04 2.71133e+00 1.69864e+00 2.99531e+00 3.30605e+00 0.00000e+00 0.00000e+00 
3.11202e+04 1.55595e+00 1.09204e+00 5.72917e-01 5.56932e+00 0.00000e+00 0.00000e+00 
3.11283e+04 1.20617e+00 2.24496e+00 1.56361e+00 2.22044e+00 0.00000e+00 0.00000e+00 
3.11364e+04 2.37023e+00 2.20337e+00 2.70854e+00 3.46836e+00 0.00000e+00 0.00000e+00 
3.11445e+04 1.33687e+00 3.89760e-01 1.44463e+00 2.28029e+00 0.00000e+00 0.00000e+00 
3.11526e+04 6.23941e-01 1.57301e+00 1.68214e+00 5.67477e-01 6.66667e-02 0.00000e+00 
3.11607e+04 1.34551e+00 1.96393e+00 2.62444e+00 1.46256e+00 3.33333e-02 0.00000e+00 
3.11688e+04 1.31947e+00 6.31977e-01 3.26286e+00 9.15335e-01 0.00000e+00 0.00000e+00 
3.11769e+04 3.26603e+00 1.82418e+00 2.41056e+00 3.47056e+00 0.00000e+00 0.00000e+00 
3.11850e+04 4.07624e+00 1.51608e+00 3.40019e+00 2.35827e+00 0.00000e+00 0.00000e+00 
3.11931e+04 1.36018e+00 8.50035e-01 2.08287e+00 2.94646e+00 3.33333e-02 0.00000e+00 
3.12012e+04 2.02684e+00 1.16008e+00 2.02577e+00 1.19076e+00 3.33333e-02 0.00000e+00 
3.12093e+04 1.95746e+00 1.75243e+00 3.28844e+00 1.11581e+00 3.33333e-02 0.00000e+00 
3.12174e+04 1.32801e+00 2.48572e+00 3.46742e+00 2.11954e+00 0.00000e+00 0.00000e+00 
3.12255e+04 3.99426e+00 1.28864e+00 1.79398e+00 2.27375e+00 0.00000e+00 0.00000e+00 
3.12336e+04 2.74983e+00 8.33322e-01 3.55475e+00 2.67381e+00 0.00000e+00 0.00000e+00 
3.12417e+04 4.80319e+00 1.00559e+00 4.28757e+00 9.69632e-01 0.00000e+00 0.00000e+00 
3.12498e+04 2.01901e+00 1.02516e+00 3.21651e+00 2.25605e+00 0.00000e+00 0.00000e+00 
3.12579e+04 3.25315e+00 9.30938e-01 1.97300e+00 2.38393e+00 0.00000e+00 0.00000e+00 
3.12660e+04 3.56912e+00 8.79156e-01 4.09540e+00 2.77957e+00 0.00000e+00 0.00000e+00 
3.12741e+04 1.47838e+00 2.13175e+00 9.08633e-01 1.50168e+00 0.00000e+00 0.00000e+00 
3.12822e+04 4.89210e+00 2.79693e+00 9.15502e-01 2.57241e+00 0.00000e+00 0.00000e+00 
3.12903e+04 1.55547e+00 2.25803e+00 1.57983e+00 9.95589e-01 3.33333e-02 0.00000e+00 
3.12984e+04 1.19393e+00 3.29119e+00 2.06022e+00 2.53749e+00 0.00000e+00 0.00000e+00 
3.13065e+04 6.66500e-01 1.38118e+00 1.03799e+00 1.61192e+00 0.00000e+00 0.00000e+00 
3.13146e+04 1.43459e+00 8.26551e-01 5.44630e-01 2.25420e+00 3.33333e-02 0.00000e+00 
3.13227e+04 3.06487e+00 3.95312e+00 2.75930e+00 1.52318e+00 3.33333e-02 0.00000e+00 
3.13308e+04 1.24460e+00 1.50529e+00 1.91669e+00 1.92964e+00 3.33333e-02 0.00000e+00 
3.13389e+04 1.46143e+00 9.93230e-01 2.09390e+00 8.02991e-01 0.00000e+00 0.00000e+00 
3.13470e+04 1.56171e+00 1.38792e+00 1.47741e+00 9.38981e-01 3.33333e-02 0.00000e+00 
3.13551e+04 2.40807e+00 1.83816e+00 1.54971e+00 9.85725e-01 0.00000e+00 0.00000e+00 
3.13632e+04 9.57675e-01 8.95971e-01 1.09118e+00 1.42329e+00 0.00000e+00 0.00000e+00 
3.13713e+04 4.21513e+00 1.12639e+00 2.08423e+00 3.86701e-01 0.00000e+00 3.33333e-02 
3.13794e+04 2.61559e+00 1.22298e+00 1.21053e+00 1.80448e+00 0.00000e+00 3.33333e-02 
3.13875e+04 2.18544e+00 1.23362e+00 1.80850e+00 2.53948e+00 3.33333e-02 3.33333e-02 
3.13956e+04 9.45854e-01 5.08108e-01 3.10679e-01 3.72038e+00 0.00000e+00 0.00000e+00 
3.14037e+04 3.27148e+00 3.00056e+00 1.66126e+00 1.22689e+00 0.00000e+00 0.00000e+00 
3.14118e+04 1.24977e+00 2.50727e+00 7.24325e-01 1.94444e+00 0.00000e+00 0.00000e+00 
3.14199e+04 1.04845e+00 1.09885e+00 3.57495e+00 2.30111e+00 0.00000e+00 0.00000e+00 
3.14280e+04 1.35137e+00 3.63823e+00 2.36560e+00 2.07677e+00 0.00000e+00 0.00000e+00 
3.14361e+04 1.97376e+00 2.09656e+00 1.35885e+00 2.12531e+00 0.00000e+00 0.00000e+00 
3.14442e+04 2.68384e+00 1.84006e+00 8.63726e-01 2.40639e+00 0.00000e+00 0.00000e+00 
3.14523e+04 2.00749e+00 5.64248e-01 1.56303e+00 1.27639e+00 0.00000e+00 0.00000e+00 
3.14604e+04 1.94391e+00 1.66128e+00 3.70771e+00 3.02711e+00 0.00000e+00 0.00000e+00 
3.14685e+04 1.42264e+00 1.66733e+00 8.55236e-01 1.56144e+00 3.33333e-02 0.00000e+00 
3.14766e+04 1.50258e+00 1.98297e+00 1.11746e+00 2.77378e+00 3.33333e-02 0.00000e+00 
3.14847e+04 2.90899e+00 1.21028e+00 1.52126e+00 1.95726e+00 3.33333e-02 0.00000e+00 
3.14928e+04 2.54521e+00 1.58210e+00 2.04823e+00 1.44030e+00 3.33333e-02 0.00000e+00 
3.15009e+04 2.68472e+00 8.91271e-01 1.62469e+00 8.69581e-01 3.33333e-02 0.00000e+00 
3.15090e+04 1.39984e+00 2.15006e+00 2.39224e+00 2.94789e+00 0.00000e+00 0.00000e+00 
3.15171e+04 1.56527e+00 2.47018e+00 1.70196e+00 1.45430e+00 0.00000e+00 0.00000e+00 
3.15252e+04 1.51238e+00 2.17482e+00 3.76130e+00 1.49810e+00 0.00000e+00 0.00000e+00 
3.15333e+04 2.05247e+00 1.98162e+00 1.39789e+00 3.06738e+00 0.00000e+00 0.00000e+00 
3.15414e+04 4.14795e-01 1.38639e+00 1.02812e+00 1.60029e+00 0.00000e+00 0.00000e+00 
3.15495e+04 4.01178e+00 1.48547e+00 1.92150e+00 1.44489e+00 0.00000e+00 0.00000e+00 
3.15576e+04 2.56642e+00 9.28918e-01 2.01803e+00 2.36965e+00 0.00000e+00 0.00000e+00 
3.15657e+04 2.60311e+00 6.90801e-01 2.43461e+00 2.37313e+00 0.00000e+00 0.00000e+00 
3.15738e+04 1.12937e+00 1.83878e+00 1.72689e+00 1.05707e+00 0.00000e+00 3.33333e-02 
3.15819e+04 2.35947e+00 1.72503e+00 1.65554e+00 8.68150e-01 0.00000e+00 3.33333e-02 
3.15900e+04 3.59251e+00 1.08355e+00 2.30368e+00 7.27803e-01 0.00000e+00 3.33333e-02 
3.15981e+04 1.27443e+00 1.07026e+00 1.91361e+00 1.47383e+00 0.00000e+00 3.33333e-02 
3.16062e+04 1.17166e+00 1.55297e+00 5.80906e-01 2.27141e+00 0.00000e+00 3.33333e-02 
3.16143e+04 2.30381e+00 2.35096e+00 2.49236e+00 1.51963e+00 0.00000e+00 0.00000e+00 
3.16224e+04 1.04047e+00 2.04152e+00 2.38266e+00 2.27787e+00 0.00000e+00 0.00000e+00 
3.16305e+04 1.40991e+00 1.34443e+00 2.82894e+00 2.30220e+00 0.00000e+00 0.00000e+00 
3.16386e+04 7.33679e-01 4.09462e-01 7.36548e-01 1.96234e+00 0.00000e+00 0.00000e+00 
3.16467e+04 1.84455e+00 2.57268e+00 3.16041e+00 2.88825e+00 0.00000e+00 0.00000e+00 
3.16548e+04 3.34541e+00 1.91287e+00 3.61169e+00 2.89976e+00 6.66667e-02 0.00000e+00 
3.16629e+04 3.19984e+00 1.16758e+00 8.70400e-01 4.39325e-01 3.33333e-02 0.00000e+00 
3.16710e+04 2.34187e+00 1.85867e+00 9.39283e-01 1.54211e+00 3.33333e-02 0.00000e+00 
3.16791e+04 2.16417e+00 7.29937e-01 2.21917e+00 1.60606e+00 0.00000e+00 3.33333e-02 
3.16872e+04 1.05987e+00 2.66507e+00 2.19543e+00 1.20009e+00 0.00000e+00 0.00000e+00 
3.16953e+04 1.86489e+00 1.52748e+00 1.53313e+00 1.44864e+00 0.00000e+00 0.00000e+00 
3.17034e+04 1.29474e+00 1.08867e+00 1.00603e+00 2.94178e+00 0.00000e+00 0.00000e+00 
3.17115e+04 2.58612e+00 4.72789e-01 2.40754e+00 2.08191e+00 0.00000e+00 0.00000e+00 
3.17196e+04 2.48339e+00 1.82122e+00 1.30397e+00 3.58848e+00 0.00000e+00 0.00000e+00 
3.17277e+04 1.69252e+00 2.67572e+00 1.80413e+00 2.23654e+00 0.00000e+00 0.00000e+00 
3.17358e+04 3.24058e+00 4.07254e+00 3.16166e+00 1.37304e+00 0.00000e+00 0.00000e+00 
3.17439e+04 2.00517e+00 4.01032e+00 2.52103e+00 3.34608e+00 0.00000e+00 0.00000e+00 
3.17520e+04 1.03717e+00 2.09406e+00 2.89483e+00 3.05010e+00 0.00000e+00 0.00000e+00 
3.17601e+04 8.94554e-01 2.03434e+00 1.90541e+00 1.63321e+00 0.00000e+00 3.33333e-02 
3.17682e+04 1.99026e+00 9.17388e-01 8.60515e-01 2.92833e+00 0.00000e+00 3.33333e-02 
3.17763e+04 3.28297e+00 1.69261e+00 2.32289e+00 1.32884e+00 0.00000e+00 3.33333e-02 
3.17844e+04 1.11896e+00 1.33801e+00 1.64510e+00 2.19341e+00 0.00000e+00 0.00000e+00 
3.17925e+04 1.51778e+00 1.30063e+00 1.96446e+00 2.80349e+00 3.33333e-02 0.00000e+00 
3.18006e+04 1.19198e+00 2.91570e+00 1.73553e+00 2.09004e+00 3.33333e-02 0.00000e+00 
3.18087e+04 1.33156e+00 8.66168e-01 7.13909e-01 2.16515e+00 3.33333e-02 0.00000e+00 
3.18168e+04 1.20843e+00 2.53702e+00 1.51242e+00 2.84116e-01 0.00000e+00 0.00000e+00 
3.18249e+04 1.96084e+00 2.87574e+00 2.28975e+00 6.37226e-01 0.00000e+00 0.00000e+00 
3.18330e+04 1.33031e+00 1.40601e+00 7.92938e-01 1.00187e+00 0.00000e+00 0.00000e+00 
3.18411e+04 1.79927e+00 3.71806e-01 5.98619e-01 5.81550e-01 0.00000e+00 0.00000e+00 
3.18492e+04 1.23077e+00 9.23036e-01 2.50417e+00 2.30882e+00 0.00000e+00 0.00000e+00 
3.18573e+04 8.15969e-01 1.76409e+00 3.90916e+00 1.41692e+00 0.00000e+00 0.00000e+00 
3.18654e+04 2.47965e+00 1.45622e+00 8.32730e-01 1.91194e+00 3.33333e-02 3.33333e-02 
3.18735e+04 1.76523e+00 1.96872e+00 2.03828e+00 1.54017e+00 0.00000e+00 3.33333e-02 
3.18816e+04 2.63526e+00 2.07579e+00 1.91990e+00 1.08603e+00 0.00000e+00 3.33333e-02 
3.18897e+04 1.56313e+00 2.62457e+00 1.68665e+00 2.70628e+00 0.00000e+00 0.00000e+00 
3.18978e+04 2.10343e+00 2.35340e+00 1.57453e+00 2.03136e+00 0.00000e+00 0.00000e+00 
3.19059e+04 1.99067e+00 1.79124e+00 3.06127e+00 1.47472e+00 0.00000e+00 0.00000e+00 
3.19140e+04 3.59868e+00 1.07924e+00 2.74238e+00 2.46456e+00 0.00000e+00 0.00000e+00 
3.19221e+04 1.90676e+00 8.06295e-01 5.66049e+00 3.20485e+00 0.00000e+00 0.00000e+00 
3.19302e+04 2.83782e+00 2.39829e+00 2.98990e+00 1.86354e+00 0.00000e+00 0.00000e+00 
3.19383e+04 6.24284e-01 2.33837e+00 5.42981e+00 1.94186e+00 0.00000e+00 0.00000e+00 
3.19464e+04 1.37986e+00 3.27679e+00 6.18047e+00 3.01956e+00 0.00000e+00 0.00000e+00 
3.19545e+04 5.85985e-01 1.90253e+00 5.50988e+00 9.37076e-01 0.00000e+00 0.00000e+00 
3.19626e+04 2.21295e+00 1.24171e+00 5.07413e+00 1.12606e+00 0.00000e+00 0.00000e+00 
3.19707e+04 1.42051e+00 3.38985e+00 2.82184e+00 1.10088e+00 0.00000e+00 0.00000e+00 
3.19788e+04 6.31546e-01 1.11162e+00 1.31597e+00 9.94634e-01 0.00000e+00 0.00000e+00 
3.19869e+04 1.75437e+00 1.89786e+00 2.36307e+00 2.77292e+00 0.00000e+00 0.00000e+00 
3.19950e+04 1.44888e+00 1.84981e+00 2.48734e+00 2.55269e+00 0.00000e+00 0.00000e+00 
3.20031e+04 2.03089e+00 1.96081e+00 1.69640e+00 2.28660e+00 3.33333e-02 0.00000e+00 
3.20112e+04 8.80351e-01 2.37482e+00 1.11015e+00 6.59496e-01 6.66667e-02 0.00000e+00 
3.20193e+04 7.05098e-01 2.05159e+00 1.94492e+00 5.48077e-01 3.33333e-02 0.00000e+00 
3.20274e+04 2.30835e+00 2.38954e+00 1.70987e+00 1.11780e+00 3.33333e-02 0.00000e+00 
3.20355e+04 1.27187e+00 1.64991e+00 2.55918e+00 1.70711e+00 6.66667e-02 0.00000e+00 
3.20436e+04 2.21462e+00 1.49262e+00 2.05708e+00 1.27135e+00 6.66667e-02 0.00000e+00 
3.20517e+04 1.85780e+00 2.14103e+00 1.71209e+00 9.12231e-01 6.66667e-02 0.00000e+00 
3.20598e+04 2.13343e+00 2.58867e+00 2.84604e+00 2.50422e+00 6.66667e-02 0.00000e+00 
3.20679e+04 1.81042e+00 1.61957e+00 2.81923e+00 2.94126e+00 3.33333e-02 3.33333e-02 
3.20760e+04 1.58553e+00 2.52058e+00 8.57822e-01 9.78788e-01 3.33333e-02 3.33333e-02 
3.20841e+04 2.08016e+00 1.62758e+00 1.30235e+00 2.05841e+00 0.00000e+00 3.33333e-02 
3.20922e+04 1.17057e+00 2.26519e+00 7.64701e-01 4.74617e-01 0.00000e+00 3.33333e-02 
3.21003e+04 3.22420e+00 1.93371e+00 2.52935e+00 9.46877e-01 3.33333e-02 0.00000e+00 
3.21084e+04 4.62161e-01 2.44198e-01 1.81739e+00 2.79705e+00 3.33333e-02 0.00000e+00 
3.21165e+04 2.88955e+00 1.30480e+00 4.47845e+00 1.95445e+00 3.33333e-02 0.00000e+00 
3.21246e+04 1.22817e+00 2.06009e+00 7.35229e-01 1.43675e+00 3.33333e-02 0.00000e+00 
3.21327e+04 4.09706e-01 2.29222e+00 2.13622e+00 3.24342e+00 3.33333e-02 0.00000e+00 
3.21408e+04 2.02030e+00 1.44661e+00 1.73688e+00 1.58165e+00 3.33333e-02 0.00000e+00 
3.21489e+04 1.72812e+00 7.12813e-01 1.49600e+00 1.33228e+00 0.00000e+00 0.00000e+00 
3.21570e+04 1.97636e+00 1.99069e+00 1.21250e+00 4.23399e+00 0.00000e+00 0.00000e+00 
3.21651e+04 1.13560e+00 1.30140e+00 2.19455e+00 4.90889e+00 0.00000e+00 0.00000e+00 
3.21732e+04 1.00589e+00 8.93313e-01 1.33770e+00 4.58112e+00 0.00000e+00 0.00000e+00 
3.21813e+04 1.96153e+00 5.15126e-01 1.70982e+00 4.73556e+00 0.00000e+00 0.00000e+00 
3.21894e+04 2.38946e+00 7.64013e-01 2.45318e+00 2.46693e+00 0.00000e+00 0.00000e+00 
3.21975e+04 3.26408e+00 1.97503e+00 2.42694e+00 1.14328e+00 0.00000e+00 3.33333e-02 
3.22056e+04 1.43401e+00 2.46317e+00 1.94810e+00 1.31076e+00 3.33333e-02 0.00000e+00 
3.22137e+04 1.94531e+00 3.30060e+00 2.35370e+00 1.15917e+00 0.00000e+00 0.00000e+00 
3.22218e+04 2.81776e+00 3.04815e+00 2.05206e+00 5.67327e-01 0.00000e+00 0.00000e+00 
3.22299e+04 8.60768e-01 2.94361e+00 3.62044e+00 2.04708e+00 0.00000e+00 0.00000e+00 
3.22380e+04 1.66349e+00 1.72754e+00 1.60647e+00 1.20294e+00 0.00000e+00 0.00000e+00 
3.22461e+04 1.43270e+00 3.52871e+00 1.37499e+00 2.68706e+00 0.00000e+00 0.00000e+00 
3.22542e+04 2.54820e+00 2.44898e+00 5.28363e-01 2.76747e+00 0.00000e+00 0.00000e+00 
3.22623e+04 2.79461e+00 2.75787e+00 1.01943e+00 1.07599e+00 3.33333e-02 0.00000e+00 
3.22704e+04 2.76155e+00 3.32967e+00 1.09406e+00 1.65026e+00 3.33333e-02 0.00000e+00 
3.22785e+04 2.27954e+00 3.16263e+00 7.24165e-01 3.58521e+00 3.33333e-02 0.00000e+00 
3.22866e+04 9.98203e-01 3.09850e+00 2.43887e+00 3.12416e+00 3.33333e-02 0.00000e+00 
3.22947e+04 2.41326e+00 4.69596e+00 1.64015e+00 1.14822e+00 3.33333e-02 0.00000e+00 
3.23028e+04 2.61441e+00 2.69514e+00 1.26500e+00 2.37488e+00 3.33333e-02 0.00000e+00 
3.23109e+04 2.35599e+00 1.51004e+00 3.21529e+00 1.31228e+00 3.33333e-02 0.00000e+00 
3.23190e+04 3.03314e+00 1.29838e+00 1.89847e+00 9.77636e-01 3.33333e-02 0.00000e+00 
3.23271e+04 2.17241e+00 2.19128e+00 1.69488e+00 1.08645e+00 0.00000e+00 0.00000e+00 
3.23352e+04 2.28521e+00 2.33809e+00 3.30760e+00 2.61937e+00 0.00000e+00 0.00000e+00 
3.23433e+04 2.21731e+00 1.73160e+00 3.07862e+00 2.93071e+00 0.00000e+00 0.00000e+00 
3.23514e+04 2.26314e+00 1.83667e+00 1.83714e+00 2.13970e+00 0.00000e+00 0.00000e+00 
3.23595e+04 1.22861e+00 1.59361e+00 1.91300e+00 1.30572e+00 0.00000e+00 0.00000e+00 
3.23676e+04 1.83211e+00 5.81157e-01 2.25454e+00 2.24492e+00 0.00000e+00 0.00000e+00 
3.23757e+04 7.52698e-01 1.56905e+00 2.21642e+00 1.34882e+00 0.00000e+00 0.00000e+00 
3.23838e+04 1.09407e+00 3.21891e+00 5.84707e-01 3.29378e+00 0.00000e+00 0.00000e+00 
3.23919e+04 4.90062e-01 2.65962e+00 2.74768e+00 2.84815e+00 0.00000e+00 0.00000e+00 
3.24000e+04 1.32870e+00 1.27819e+00 1.97206e+00 1.26949e+00 0.00000e+00 0.00000e+00 
